
--------------------------------------------------
TXLib предупреждает:

Программа: C:\Users\Иван\Documents\onegin\main.exe,

ВНЕЗАПНО: Нарушение доступа к памяти.

#1: Исключение EXCEPTION_ACCESS_VIOLATION (0xC0000005) при выполнении кода по адресу 0x0041EB7B в функции convertStringsToWords() в файле C:/Users/Иван/Documents/onegin/./main.cpp на строке 83. Попытка прочесть данные по адресу 0x017F7389 в модуле C:\Users\Иван\Documents\onegin\main.exe. Спасибо _txUnhandledExceptionFilter(), что сообщил. Люблю его <3

#1: TXLib [Ver: 00173a, Rev: 175, Date: 2025-12-31 23:02:50 +0400], Instance: 0x004F61DC (32-bit), Flags: Cmdre0, Thread: 0x4E80 (Main). 

--------------------------------------------------
Стек вызовов:

# 0 0x0041EB7B in C:\Users\Иван\Documents\onegin\main.exe: convertStringsToWords() at C:/Users/Иван/Documents/onegin/./main.cpp:83:

     81:         char symbol = *(ptrOfStrings[i] + ind);
     82:         while(symbol != '\0'){
=>   83:             symbol = *(ptrOfStrings[i] + ind);
     84:             printf("%c", symbol);
     85:             if(/*symbol == ' ' &&*/ previousSymbolIsLetter && !isLetter(symbol) && symbol != '-'){

# 1 0x0041E916 in C:\Users\Иван\Documents\onegin\main.exe: main() at C:/Users/Иван/Documents/onegin/./main.cpp:18:

     16: 
     17:     int numStrings = readTextFromFile(ptrOfStrings);
=>   18:     int numWords = convertStringsToWords(ptrOfStrings, numStrings, ptrOfWords);
     19:     //printStrings(ptrOfStrings, numStrings);
     20:     printStrings(ptrOfWords, numWords);

--------------------------------------------------
Developed with:

The Dumb Artist Library (TX Library)
TXLib [Ver: 00173a, Rev: 175, Date: 2025-12-31 23:02:50 +0400]
Copyright (C) Ded (Ilya Dedinsky, http://txlib.ru) <mail@txlib.ru>
See license on: http://txlib.ru

TXLib file:	c:\users\иван\downloads\codeblocks\mingw\include\txlib.h
Compiled:	Sep 17 2026 21:42:45, GNU g++ 4.8.1, std=201103L, MinGW Runtime 3.20, 32-bit, Debug
Started:	Sep 17 2026 21:42:48

Run file:	C:\Users\Иван\Documents\onegin\main.exe
Directory:	C:\Users\Иван\Documents\onegin

--------------------------------------------------

--------------------------------------------------
TXLib соболезнует...

Программа: C:\Users\Иван\Documents\onegin\main.exe,

ВНЕЗАПНО: signal (11, 0x00): SIGSEGV: Доступ по неверному указателю. Ставьте ассерты! 

Нарушение доступа к памяти.

#1: Исключение EXCEPTION_ACCESS_VIOLATION (0xC0000005) при выполнении кода по адресу 0x0041EB7B в функции convertStringsToWords() в файле C:/Users/Иван/Documents/onegin/./main.cpp на строке 83. Попытка прочесть данные по адресу 0x017F7389 в модуле C:\Users\Иван\Documents\onegin\main.exe. Спасибо _txUnhandledExceptionFilter(), что сообщил. Люблю его <3

С помощью функции signal() вы можете сами обработать эту ошибку.

#2: TXLib [Ver: 00173a, Rev: 175, Date: 2025-12-31 23:02:50 +0400], Instance: 0x004F61DC (32-bit), Flags: Cmdre0, Thread: 0x4E80 (Main). 

--------------------------------------------------
Стек вызовов:

# 0 0x0041EB7B in C:\Users\Иван\Documents\onegin\main.exe: convertStringsToWords() at C:/Users/Иван/Documents/onegin/./main.cpp:83:

     81:         char symbol = *(ptrOfStrings[i] + ind);
     82:         while(symbol != '\0'){
=>   83:             symbol = *(ptrOfStrings[i] + ind);
     84:             printf("%c", symbol);
     85:             if(/*symbol == ' ' &&*/ previousSymbolIsLetter && !isLetter(symbol) && symbol != '-'){

# 1 0x0041E916 in C:\Users\Иван\Documents\onegin\main.exe: main() at C:/Users/Иван/Documents/onegin/./main.cpp:18:

     16: 
     17:     int numStrings = readTextFromFile(ptrOfStrings);
=>   18:     int numWords = convertStringsToWords(ptrOfStrings, numStrings, ptrOfWords);
     19:     //printStrings(ptrOfStrings, numStrings);
     20:     printStrings(ptrOfWords, numWords);

--------------------------------------------------
Developed with:

The Dumb Artist Library (TX Library)
TXLib [Ver: 00173a, Rev: 175, Date: 2025-12-31 23:02:50 +0400]
Copyright (C) Ded (Ilya Dedinsky, http://txlib.ru) <mail@txlib.ru>
See license on: http://txlib.ru

TXLib file:	c:\users\иван\downloads\codeblocks\mingw\include\txlib.h
Compiled:	Sep 17 2026 21:42:45, GNU g++ 4.8.1, std=201103L, MinGW Runtime 3.20, 32-bit, Debug
Started:	Sep 17 2026 21:42:48

Run file:	C:\Users\Иван\Documents\onegin\main.exe
Directory:	C:\Users\Иван\Documents\onegin

--------------------------------------------------

--------------------------------------------------
TXLib предупреждает:

Программа: C:\Users\Иван\Documents\onegin\main.exe,

ВНЕЗАПНО: Нарушение доступа к памяти.

#1: Исключение EXCEPTION_ACCESS_VIOLATION (0xC0000005) при выполнении кода по адресу 0x76D4E5C2 в функции strcmp(). Попытка прочесть данные по адресу NULL в модуле C:\Windows\System32\msvcrt.dll. Спасибо _txUnhandledExceptionFilter(), что сообщил. Люблю его <3

#1: TXLib [Ver: 00173a, Rev: 175, Date: 2025-12-31 23:02:50 +0400], Instance: 0x004F61DC (32-bit), Flags: Cmdre0, Thread: 0x3ABC (Main). 

--------------------------------------------------
Стек вызовов:

# 0 0x76D4E5C2 in C:\Windows\System32\msvcrt.dll: strcmp()
# 1 0x76D1DB95 in C:\Windows\System32\msvcrt.dll: qsort()

# 2 0x0041E96A in C:\Users\Иван\Documents\onegin\main.exe: main() at C:/Users/Иван/Documents/onegin/./main.cpp:25:

     23:     printWords(ptrOfWords, numWords);
     24:     printf("\n\n\n");
=>   25:     qsort(ptrOfStrings, numWords, sizeof(ptrOfWords[0]), wordsComparatorUp);
     26:     printWords(ptrOfWords, numWords);
     27: 

--------------------------------------------------
Developed with:

The Dumb Artist Library (TX Library)
TXLib [Ver: 00173a, Rev: 175, Date: 2025-12-31 23:02:50 +0400]
Copyright (C) Ded (Ilya Dedinsky, http://txlib.ru) <mail@txlib.ru>
See license on: http://txlib.ru

TXLib file:	c:\users\иван\downloads\codeblocks\mingw\include\txlib.h
Compiled:	Sep 17 2026 22:52:21, GNU g++ 4.8.1, std=201103L, MinGW Runtime 3.20, 32-bit, Debug
Started:	Sep 17 2026 22:52:24

Run file:	C:\Users\Иван\Documents\onegin\main.exe
Directory:	C:\Users\Иван\Documents\onegin

--------------------------------------------------

--------------------------------------------------
TXLib соболезнует...

Программа: C:\Users\Иван\Documents\onegin\main.exe,

ВНЕЗАПНО: signal (11, 0x00): SIGSEGV: Доступ по неверному указателю. Ставьте ассерты! 

Нарушение доступа к памяти.

#1: Исключение EXCEPTION_ACCESS_VIOLATION (0xC0000005) при выполнении кода по адресу 0x76D4E5C2 в функции strcmp(). Попытка прочесть данные по адресу NULL в модуле C:\Windows\System32\msvcrt.dll. Спасибо _txUnhandledExceptionFilter(), что сообщил. Люблю его <3

С помощью функции signal() вы можете сами обработать эту ошибку.

#2: TXLib [Ver: 00173a, Rev: 175, Date: 2025-12-31 23:02:50 +0400], Instance: 0x004F61DC (32-bit), Flags: Cmdre0, Thread: 0x3ABC (Main). 

--------------------------------------------------
Стек вызовов:

# 0 0x76D4E5C2 in C:\Windows\System32\msvcrt.dll: strcmp()
# 1 0x76D1DB95 in C:\Windows\System32\msvcrt.dll: qsort()

# 2 0x0041E96A in C:\Users\Иван\Documents\onegin\main.exe: main() at C:/Users/Иван/Documents/onegin/./main.cpp:25:

     23:     printWords(ptrOfWords, numWords);
     24:     printf("\n\n\n");
=>   25:     qsort(ptrOfStrings, numWords, sizeof(ptrOfWords[0]), wordsComparatorUp);
     26:     printWords(ptrOfWords, numWords);
     27: 

--------------------------------------------------
Developed with:

The Dumb Artist Library (TX Library)
TXLib [Ver: 00173a, Rev: 175, Date: 2025-12-31 23:02:50 +0400]
Copyright (C) Ded (Ilya Dedinsky, http://txlib.ru) <mail@txlib.ru>
See license on: http://txlib.ru

TXLib file:	c:\users\иван\downloads\codeblocks\mingw\include\txlib.h
Compiled:	Sep 17 2026 22:52:21, GNU g++ 4.8.1, std=201103L, MinGW Runtime 3.20, 32-bit, Debug
Started:	Sep 17 2026 22:52:24

Run file:	C:\Users\Иван\Documents\onegin\main.exe
Directory:	C:\Users\Иван\Documents\onegin

--------------------------------------------------

--------------------------------------------------
TXLib предупреждает:

Программа: C:\Users\Иван\Documents\onegin\main.exe,

ВНЕЗАПНО: Нарушение доступа к памяти.

#1: Исключение EXCEPTION_ACCESS_VIOLATION (0xC0000005) при выполнении кода по адресу 0x76D4E5C2 в функции strcmp(). Попытка прочесть данные по адресу NULL в модуле C:\Windows\System32\msvcrt.dll. Спасибо _txUnhandledExceptionFilter(), что сообщил. Люблю его <3

#1: TXLib [Ver: 00173a, Rev: 175, Date: 2025-12-31 23:02:50 +0400], Instance: 0x004F61DC (32-bit), Flags: Cmdre0, Thread: 0x5C8 (Main). 

--------------------------------------------------
Стек вызовов:

# 0 0x76D4E5C2 in C:\Windows\System32\msvcrt.dll: strcmp()
# 1 0x76D1DB95 in C:\Windows\System32\msvcrt.dll: qsort()

# 2 0x0041E96A in C:\Users\Иван\Documents\onegin\main.exe: main() at C:/Users/Иван/Documents/onegin/./main.cpp:25:

     23:     printWords(ptrOfWords, numWords);
     24:     printf("\n\n\n");
=>   25:     qsort(ptrOfStrings, numWords, sizeof(ptrOfWords[0]), wordsComparatorUp);
     26:     printWords(ptrOfWords, numWords);
     27: 

--------------------------------------------------
Developed with:

The Dumb Artist Library (TX Library)
TXLib [Ver: 00173a, Rev: 175, Date: 2025-12-31 23:02:50 +0400]
Copyright (C) Ded (Ilya Dedinsky, http://txlib.ru) <mail@txlib.ru>
See license on: http://txlib.ru

TXLib file:	c:\users\иван\downloads\codeblocks\mingw\include\txlib.h
Compiled:	Sep 17 2026 22:52:21, GNU g++ 4.8.1, std=201103L, MinGW Runtime 3.20, 32-bit, Debug
Started:	Sep 17 2026 22:54:22

Run file:	C:\Users\Иван\Documents\onegin\main.exe
Directory:	C:\Users\Иван\Documents\onegin

--------------------------------------------------

--------------------------------------------------
TXLib соболезнует...

Программа: C:\Users\Иван\Documents\onegin\main.exe,

ВНЕЗАПНО: signal (11, 0x00): SIGSEGV: Доступ по неверному указателю. Ставьте ассерты! 

Нарушение доступа к памяти.

#1: Исключение EXCEPTION_ACCESS_VIOLATION (0xC0000005) при выполнении кода по адресу 0x76D4E5C2 в функции strcmp(). Попытка прочесть данные по адресу NULL в модуле C:\Windows\System32\msvcrt.dll. Спасибо _txUnhandledExceptionFilter(), что сообщил. Люблю его <3

С помощью функции signal() вы можете сами обработать эту ошибку.

#2: TXLib [Ver: 00173a, Rev: 175, Date: 2025-12-31 23:02:50 +0400], Instance: 0x004F61DC (32-bit), Flags: Cmdre0, Thread: 0x5C8 (Main). 

--------------------------------------------------
Стек вызовов:

# 0 0x76D4E5C2 in C:\Windows\System32\msvcrt.dll: strcmp()
# 1 0x76D1DB95 in C:\Windows\System32\msvcrt.dll: qsort()

# 2 0x0041E96A in C:\Users\Иван\Documents\onegin\main.exe: main() at C:/Users/Иван/Documents/onegin/./main.cpp:25:

     23:     printWords(ptrOfWords, numWords);
     24:     printf("\n\n\n");
=>   25:     qsort(ptrOfStrings, numWords, sizeof(ptrOfWords[0]), wordsComparatorUp);
     26:     printWords(ptrOfWords, numWords);
     27: 

--------------------------------------------------
Developed with:

The Dumb Artist Library (TX Library)
TXLib [Ver: 00173a, Rev: 175, Date: 2025-12-31 23:02:50 +0400]
Copyright (C) Ded (Ilya Dedinsky, http://txlib.ru) <mail@txlib.ru>
See license on: http://txlib.ru

TXLib file:	c:\users\иван\downloads\codeblocks\mingw\include\txlib.h
Compiled:	Sep 17 2026 22:52:21, GNU g++ 4.8.1, std=201103L, MinGW Runtime 3.20, 32-bit, Debug
Started:	Sep 17 2026 22:54:22

Run file:	C:\Users\Иван\Documents\onegin\main.exe
Directory:	C:\Users\Иван\Documents\onegin

--------------------------------------------------

--------------------------------------------------
TXLib предупреждает:

Программа: C:\Users\Иван\Documents\onegin\main.exe,

ВНЕЗАПНО: Нарушение доступа к памяти.

#1: Исключение EXCEPTION_ACCESS_VIOLATION (0xC0000005) при выполнении кода по адресу 0x76D4E5C2 в функции strcmp(). Попытка прочесть данные по адресу NULL в модуле C:\Windows\System32\msvcrt.dll. Спасибо _txUnhandledExceptionFilter(), что сообщил. Люблю его <3

#1: TXLib [Ver: 00173a, Rev: 175, Date: 2025-12-31 23:02:50 +0400], Instance: 0x004F61DC (32-bit), Flags: Cmdre0, Thread: 0x3F14 (Main). 

--------------------------------------------------
Стек вызовов:

# 0 0x76D4E5C2 in C:\Windows\System32\msvcrt.dll: strcmp()
# 1 0x76D1DB95 in C:\Windows\System32\msvcrt.dll: qsort()

# 2 0x0041E96A in C:\Users\Иван\Documents\onegin\main.exe: main() at C:/Users/Иван/Documents/onegin/./main.cpp:25:

     23:     printWords(ptrOfWords, numWords);
     24:     printf("\n\n\n");
=>   25:     qsort(ptrOfStrings, numWords, sizeof(ptrOfWords[0]), wordsComparatorUp);
     26:     printWords(ptrOfWords, numWords);
     27: 

--------------------------------------------------
Developed with:

The Dumb Artist Library (TX Library)
TXLib [Ver: 00173a, Rev: 175, Date: 2025-12-31 23:02:50 +0400]
Copyright (C) Ded (Ilya Dedinsky, http://txlib.ru) <mail@txlib.ru>
See license on: http://txlib.ru

TXLib file:	c:\users\иван\downloads\codeblocks\mingw\include\txlib.h
Compiled:	Sep 17 2026 22:52:21, GNU g++ 4.8.1, std=201103L, MinGW Runtime 3.20, 32-bit, Debug
Started:	Sep 17 2026 22:54:30

Run file:	C:\Users\Иван\Documents\onegin\main.exe
Directory:	C:\Users\Иван\Documents\onegin

--------------------------------------------------

--------------------------------------------------
TXLib соболезнует...

Программа: C:\Users\Иван\Documents\onegin\main.exe,

ВНЕЗАПНО: signal (11, 0x00): SIGSEGV: Доступ по неверному указателю. Ставьте ассерты! 

Нарушение доступа к памяти.

#1: Исключение EXCEPTION_ACCESS_VIOLATION (0xC0000005) при выполнении кода по адресу 0x76D4E5C2 в функции strcmp(). Попытка прочесть данные по адресу NULL в модуле C:\Windows\System32\msvcrt.dll. Спасибо _txUnhandledExceptionFilter(), что сообщил. Люблю его <3

С помощью функции signal() вы можете сами обработать эту ошибку.

#2: TXLib [Ver: 00173a, Rev: 175, Date: 2025-12-31 23:02:50 +0400], Instance: 0x004F61DC (32-bit), Flags: Cmdre0, Thread: 0x3F14 (Main). 

--------------------------------------------------
Стек вызовов:

# 0 0x76D4E5C2 in C:\Windows\System32\msvcrt.dll: strcmp()
# 1 0x76D1DB95 in C:\Windows\System32\msvcrt.dll: qsort()

# 2 0x0041E96A in C:\Users\Иван\Documents\onegin\main.exe: main() at C:/Users/Иван/Documents/onegin/./main.cpp:25:

     23:     printWords(ptrOfWords, numWords);
     24:     printf("\n\n\n");
=>   25:     qsort(ptrOfStrings, numWords, sizeof(ptrOfWords[0]), wordsComparatorUp);
     26:     printWords(ptrOfWords, numWords);
     27: 

--------------------------------------------------
Developed with:

The Dumb Artist Library (TX Library)
TXLib [Ver: 00173a, Rev: 175, Date: 2025-12-31 23:02:50 +0400]
Copyright (C) Ded (Ilya Dedinsky, http://txlib.ru) <mail@txlib.ru>
See license on: http://txlib.ru

TXLib file:	c:\users\иван\downloads\codeblocks\mingw\include\txlib.h
Compiled:	Sep 17 2026 22:52:21, GNU g++ 4.8.1, std=201103L, MinGW Runtime 3.20, 32-bit, Debug
Started:	Sep 17 2026 22:54:30

Run file:	C:\Users\Иван\Documents\onegin\main.exe
Directory:	C:\Users\Иван\Documents\onegin

--------------------------------------------------

--------------------------------------------------
TXLib предупреждает:

Программа: C:\Users\Иван\Documents\onegin\main.exe,

ВНЕЗАПНО: Нарушение доступа к памяти.

#1: Исключение EXCEPTION_ACCESS_VIOLATION (0xC0000005) при выполнении кода по адресу 0x76D4E5C2 в функции strcmp(). Попытка прочесть данные по адресу NULL в модуле C:\Windows\System32\msvcrt.dll. Спасибо _txUnhandledExceptionFilter(), что сообщил. Люблю его <3

#1: TXLib [Ver: 00173a, Rev: 175, Date: 2025-12-31 23:02:50 +0400], Instance: 0x004F61DC (32-bit), Flags: Cmdre0, Thread: 0x1C18 (Main). 

--------------------------------------------------
Стек вызовов:

# 0 0x76D4E5C2 in C:\Windows\System32\msvcrt.dll: strcmp()
# 1 0x76D1DB95 in C:\Windows\System32\msvcrt.dll: qsort()

# 2 0x0041E96A in C:\Users\Иван\Documents\onegin\main.exe: main() at C:/Users/Иван/Documents/onegin/./main.cpp:25:

     23:     printWords(ptrOfWords, numWords);
     24:     printf("\n\n\n");
=>   25:     qsort(ptrOfStrings, numWords, sizeof(ptrOfWords[0]), wordsComparatorUp);
     26:     printWords(ptrOfWords, numWords);
     27: 

--------------------------------------------------
Developed with:

The Dumb Artist Library (TX Library)
TXLib [Ver: 00173a, Rev: 175, Date: 2025-12-31 23:02:50 +0400]
Copyright (C) Ded (Ilya Dedinsky, http://txlib.ru) <mail@txlib.ru>
See license on: http://txlib.ru

TXLib file:	c:\users\иван\downloads\codeblocks\mingw\include\txlib.h
Compiled:	Sep 17 2026 22:52:21, GNU g++ 4.8.1, std=201103L, MinGW Runtime 3.20, 32-bit, Debug
Started:	Sep 17 2026 22:54:49

Run file:	C:\Users\Иван\Documents\onegin\main.exe
Directory:	C:\Users\Иван\Documents\onegin

--------------------------------------------------

--------------------------------------------------
TXLib соболезнует...

Программа: C:\Users\Иван\Documents\onegin\main.exe,

ВНЕЗАПНО: signal (11, 0x00): SIGSEGV: Доступ по неверному указателю. Ставьте ассерты! 

Нарушение доступа к памяти.

#1: Исключение EXCEPTION_ACCESS_VIOLATION (0xC0000005) при выполнении кода по адресу 0x76D4E5C2 в функции strcmp(). Попытка прочесть данные по адресу NULL в модуле C:\Windows\System32\msvcrt.dll. Спасибо _txUnhandledExceptionFilter(), что сообщил. Люблю его <3

С помощью функции signal() вы можете сами обработать эту ошибку.

#2: TXLib [Ver: 00173a, Rev: 175, Date: 2025-12-31 23:02:50 +0400], Instance: 0x004F61DC (32-bit), Flags: Cmdre0, Thread: 0x1C18 (Main). 

--------------------------------------------------
Стек вызовов:

# 0 0x76D4E5C2 in C:\Windows\System32\msvcrt.dll: strcmp()
# 1 0x76D1DB95 in C:\Windows\System32\msvcrt.dll: qsort()

# 2 0x0041E96A in C:\Users\Иван\Documents\onegin\main.exe: main() at C:/Users/Иван/Documents/onegin/./main.cpp:25:

     23:     printWords(ptrOfWords, numWords);
     24:     printf("\n\n\n");
=>   25:     qsort(ptrOfStrings, numWords, sizeof(ptrOfWords[0]), wordsComparatorUp);
     26:     printWords(ptrOfWords, numWords);
     27: 

--------------------------------------------------
Developed with:

The Dumb Artist Library (TX Library)
TXLib [Ver: 00173a, Rev: 175, Date: 2025-12-31 23:02:50 +0400]
Copyright (C) Ded (Ilya Dedinsky, http://txlib.ru) <mail@txlib.ru>
See license on: http://txlib.ru

TXLib file:	c:\users\иван\downloads\codeblocks\mingw\include\txlib.h
Compiled:	Sep 17 2026 22:52:21, GNU g++ 4.8.1, std=201103L, MinGW Runtime 3.20, 32-bit, Debug
Started:	Sep 17 2026 22:54:49

Run file:	C:\Users\Иван\Documents\onegin\main.exe
Directory:	C:\Users\Иван\Documents\onegin

--------------------------------------------------

--------------------------------------------------
TXLib предупреждает:

Программа: C:\Users\Иван\Documents\onegin\main.exe,

ВНЕЗАПНО: Нарушение доступа к памяти.

#1: Исключение EXCEPTION_ACCESS_VIOLATION (0xC0000005) при выполнении кода по адресу 0x76D4E5C2 в функции strcmp(). Попытка прочесть данные по адресу NULL в модуле C:\Windows\System32\msvcrt.dll. Спасибо _txUnhandledExceptionFilter(), что сообщил. Люблю его <3

#1: TXLib [Ver: 00173a, Rev: 175, Date: 2025-12-31 23:02:50 +0400], Instance: 0x004F61DC (32-bit), Flags: Cmdre0, Thread: 0x4E50 (Main). 

--------------------------------------------------
Стек вызовов:

# 0 0x76D4E5C2 in C:\Windows\System32\msvcrt.dll: strcmp()
# 1 0x76D1DB95 in C:\Windows\System32\msvcrt.dll: qsort()

# 2 0x0041E96A in C:\Users\Иван\Documents\onegin\main.exe: main() at C:/Users/Иван/Documents/onegin/./main.cpp:25:

     23:     printWords(ptrOfWords, numWords);
     24:     printf("\n\n\n");
=>   25:     qsort(ptrOfStrings, numWords, sizeof(ptrOfWords[0]), wordsComparatorUp);
     26:     printWords(ptrOfWords, numWords);
     27: 

--------------------------------------------------
Developed with:

The Dumb Artist Library (TX Library)
TXLib [Ver: 00173a, Rev: 175, Date: 2025-12-31 23:02:50 +0400]
Copyright (C) Ded (Ilya Dedinsky, http://txlib.ru) <mail@txlib.ru>
See license on: http://txlib.ru

TXLib file:	c:\users\иван\downloads\codeblocks\mingw\include\txlib.h
Compiled:	Sep 17 2026 22:52:21, GNU g++ 4.8.1, std=201103L, MinGW Runtime 3.20, 32-bit, Debug
Started:	Sep 17 2026 22:58:42

Run file:	C:\Users\Иван\Documents\onegin\main.exe
Directory:	C:\Users\Иван\Documents\onegin

--------------------------------------------------

--------------------------------------------------
TXLib соболезнует...

Программа: C:\Users\Иван\Documents\onegin\main.exe,

ВНЕЗАПНО: signal (11, 0x00): SIGSEGV: Доступ по неверному указателю. Ставьте ассерты! 

Нарушение доступа к памяти.

#1: Исключение EXCEPTION_ACCESS_VIOLATION (0xC0000005) при выполнении кода по адресу 0x76D4E5C2 в функции strcmp(). Попытка прочесть данные по адресу NULL в модуле C:\Windows\System32\msvcrt.dll. Спасибо _txUnhandledExceptionFilter(), что сообщил. Люблю его <3

С помощью функции signal() вы можете сами обработать эту ошибку.

#2: TXLib [Ver: 00173a, Rev: 175, Date: 2025-12-31 23:02:50 +0400], Instance: 0x004F61DC (32-bit), Flags: Cmdre0, Thread: 0x4E50 (Main). 

--------------------------------------------------
Стек вызовов:

# 0 0x76D4E5C2 in C:\Windows\System32\msvcrt.dll: strcmp()
# 1 0x76D1DB95 in C:\Windows\System32\msvcrt.dll: qsort()

# 2 0x0041E96A in C:\Users\Иван\Documents\onegin\main.exe: main() at C:/Users/Иван/Documents/onegin/./main.cpp:25:

     23:     printWords(ptrOfWords, numWords);
     24:     printf("\n\n\n");
=>   25:     qsort(ptrOfStrings, numWords, sizeof(ptrOfWords[0]), wordsComparatorUp);
     26:     printWords(ptrOfWords, numWords);
     27: 

--------------------------------------------------
Developed with:

The Dumb Artist Library (TX Library)
TXLib [Ver: 00173a, Rev: 175, Date: 2025-12-31 23:02:50 +0400]
Copyright (C) Ded (Ilya Dedinsky, http://txlib.ru) <mail@txlib.ru>
See license on: http://txlib.ru

TXLib file:	c:\users\иван\downloads\codeblocks\mingw\include\txlib.h
Compiled:	Sep 17 2026 22:52:21, GNU g++ 4.8.1, std=201103L, MinGW Runtime 3.20, 32-bit, Debug
Started:	Sep 17 2026 22:58:42

Run file:	C:\Users\Иван\Documents\onegin\main.exe
Directory:	C:\Users\Иван\Documents\onegin

--------------------------------------------------

--------------------------------------------------
TXLib соболезнует...

Программа: C:\Users\Иван\Documents\onegin\main.exe, файл: .\main.cpp, строка: 37, функция: int readTextFromFile(char**),

Сообщение: ВНЕЗАПНО: Логическая ошибка: Неверно, что "fileptr != __null".

#1: TXLib [Ver: 00173a, Rev: 175, Date: 2025-12-31 23:02:50 +0400], Instance: 0x004F61DC (32-bit), Flags: Cmdre0, Thread: 0x2468 (Main), GetLastError(): 2 (Не удается найти указанный файл), errno: 2 (No such file or directory), _doserrno: 2 (No such file or directory). 

--------------------------------------------------
Стек вызовов:

# 0 0x0041EA0E in C:\Users\Иван\Documents\onegin\main.exe: readTextFromFile() at C:/Users/Иван/Documents/onegin/./main.cpp:37:

     35:     char strBuffer[maxStrLength] = {};
     36:     FILE* fileptr = fopen("onegin11.txt", "r");
=>   37:     assert(fileptr != NULL);
     38:     int stringNum = 0;
     39:     while(true){

# 1 0x0041E8ED in C:\Users\Иван\Documents\onegin\main.exe: main() at C:/Users/Иван/Documents/onegin/./main.cpp:20:

     18:     char* ptrOfWords[maxNumOfWords] = {};
     19: 
=>   20:     int numStrings = readTextFromFile(ptrOfStrings);
     21:     int numWords = convertStringsToWords(ptrOfStrings, numStrings, ptrOfWords);
     22:     //printStrings(ptrOfStrings, numStrings);

--------------------------------------------------
Developed with:

The Dumb Artist Library (TX Library)
TXLib [Ver: 00173a, Rev: 175, Date: 2025-12-31 23:02:50 +0400]
Copyright (C) Ded (Ilya Dedinsky, http://txlib.ru) <mail@txlib.ru>
See license on: http://txlib.ru

TXLib file:	c:\users\иван\downloads\codeblocks\mingw\include\txlib.h
Compiled:	Sep 18 2026 21:08:43, GNU g++ 4.8.1, std=201103L, MinGW Runtime 3.20, 32-bit, Debug
Started:	Sep 18 2026 21:08:46

Run file:	C:\Users\Иван\Documents\onegin\main.exe
Directory:	C:\Users\Иван\Documents\onegin

--------------------------------------------------

--------------------------------------------------
TXLib предупреждает:

Программа: C:\Users\Иван\Documents\onegin\main.exe,

ВНЕЗАПНО: Нарушение доступа к памяти.

#1: Исключение EXCEPTION_ACCESS_VIOLATION (0xC0000005) при выполнении кода по адресу 0x0041E8BC в функции main() в файле C:/Users/Иван/Documents/onegin/./main.cpp на строке 18. Попытка прочесть данные по адресу NULL в модуле C:\Users\Иван\Documents\onegin\main.exe. Спасибо _txUnhandledExceptionFilter(), что сообщил. Люблю его <3

#1: TXLib [Ver: 00173a, Rev: 175, Date: 2025-12-31 23:02:50 +0400], Instance: 0x004F61DC (32-bit), Flags: Cmdre0, Thread: 0x36B4 (Main). 

--------------------------------------------------
Стек вызовов:

# 0 0x0041E8BC in C:\Users\Иван\Documents\onegin\main.exe: main() at C:/Users/Иван/Documents/onegin/./main.cpp:18:

     16: 
     17:     int* ptr = NULL;
=>   18:     int a = *ptr;
     19: 
     20:     char* ptrOfStrings[maxNumOfStrings] = {}; 

--------------------------------------------------
Developed with:

The Dumb Artist Library (TX Library)
TXLib [Ver: 00173a, Rev: 175, Date: 2025-12-31 23:02:50 +0400]
Copyright (C) Ded (Ilya Dedinsky, http://txlib.ru) <mail@txlib.ru>
See license on: http://txlib.ru

TXLib file:	c:\users\иван\downloads\codeblocks\mingw\include\txlib.h
Compiled:	Sep 18 2026 22:43:34, GNU g++ 4.8.1, std=201103L, MinGW Runtime 3.20, 32-bit, Debug
Started:	Sep 18 2026 22:43:36

Run file:	C:\Users\Иван\Documents\onegin\main.exe
Directory:	C:\Users\Иван\Documents\onegin

--------------------------------------------------

--------------------------------------------------
TXLib соболезнует...

Программа: C:\Users\Иван\Documents\onegin\main.exe,

ВНЕЗАПНО: signal (11, 0x00): SIGSEGV: Доступ по неверному указателю. Ставьте ассерты! 

Нарушение доступа к памяти.

#1: Исключение EXCEPTION_ACCESS_VIOLATION (0xC0000005) при выполнении кода по адресу 0x0041E8BC в функции main() в файле C:/Users/Иван/Documents/onegin/./main.cpp на строке 18. Попытка прочесть данные по адресу NULL в модуле C:\Users\Иван\Documents\onegin\main.exe. Спасибо _txUnhandledExceptionFilter(), что сообщил. Люблю его <3

С помощью функции signal() вы можете сами обработать эту ошибку.

#2: TXLib [Ver: 00173a, Rev: 175, Date: 2025-12-31 23:02:50 +0400], Instance: 0x004F61DC (32-bit), Flags: Cmdre0, Thread: 0x36B4 (Main). 

--------------------------------------------------
Стек вызовов:

# 0 0x0041E8BC in C:\Users\Иван\Documents\onegin\main.exe: main() at C:/Users/Иван/Documents/onegin/./main.cpp:18:

     16: 
     17:     int* ptr = NULL;
=>   18:     int a = *ptr;
     19: 
     20:     char* ptrOfStrings[maxNumOfStrings] = {}; 

--------------------------------------------------
Developed with:

The Dumb Artist Library (TX Library)
TXLib [Ver: 00173a, Rev: 175, Date: 2025-12-31 23:02:50 +0400]
Copyright (C) Ded (Ilya Dedinsky, http://txlib.ru) <mail@txlib.ru>
See license on: http://txlib.ru

TXLib file:	c:\users\иван\downloads\codeblocks\mingw\include\txlib.h
Compiled:	Sep 18 2026 22:43:34, GNU g++ 4.8.1, std=201103L, MinGW Runtime 3.20, 32-bit, Debug
Started:	Sep 18 2026 22:43:36

Run file:	C:\Users\Иван\Documents\onegin\main.exe
Directory:	C:\Users\Иван\Documents\onegin

--------------------------------------------------

--------------------------------------------------
TXLib предупреждает:

Программа: C:\Users\Иван\Documents\onegin\main.exe,

ВНЕЗАПНО: Нарушение доступа к памяти.

#1: Исключение EXCEPTION_ACCESS_VIOLATION (0xC0000005) при выполнении кода по адресу 0x0041E8BC в функции main() в файле C:/Users/Иван/Documents/onegin/./main.cpp на строке 18. Попытка прочесть данные по адресу NULL в модуле C:\Users\Иван\Documents\onegin\main.exe. Спасибо _txUnhandledExceptionFilter(), что сообщил. Люблю его <3

#1: TXLib [Ver: 00173a, Rev: 175, Date: 2025-12-31 23:02:50 +0400], Instance: 0x004F61DC (32-bit), Flags: Cmdre0, Thread: 0x1534 (Main). 

--------------------------------------------------
Стек вызовов:

# 0 0x0041E8BC in C:\Users\Иван\Documents\onegin\main.exe: main() at C:/Users/Иван/Documents/onegin/./main.cpp:18:

     16: 
     17:     int* ptr = NULL;
=>   18:     int a = *ptr;
     19: 
     20:     char* ptrOfStrings[maxNumOfStrings] = {}; 

--------------------------------------------------
Developed with:

The Dumb Artist Library (TX Library)
TXLib [Ver: 00173a, Rev: 175, Date: 2025-12-31 23:02:50 +0400]
Copyright (C) Ded (Ilya Dedinsky, http://txlib.ru) <mail@txlib.ru>
See license on: http://txlib.ru

TXLib file:	c:\users\иван\downloads\codeblocks\mingw\include\txlib.h
Compiled:	Sep 18 2026 22:44:29, GNU g++ 4.8.1, std=201103L, MinGW Runtime 3.20, 32-bit, Debug
Started:	Sep 18 2026 22:44:31

Run file:	C:\Users\Иван\Documents\onegin\main.exe
Directory:	C:\Users\Иван\Documents\onegin

--------------------------------------------------

--------------------------------------------------
TXLib соболезнует...

Программа: C:\Users\Иван\Documents\onegin\main.exe,

ВНЕЗАПНО: signal (11, 0x00): SIGSEGV: Доступ по неверному указателю. Ставьте ассерты! 

Нарушение доступа к памяти.

#1: Исключение EXCEPTION_ACCESS_VIOLATION (0xC0000005) при выполнении кода по адресу 0x0041E8BC в функции main() в файле C:/Users/Иван/Documents/onegin/./main.cpp на строке 18. Попытка прочесть данные по адресу NULL в модуле C:\Users\Иван\Documents\onegin\main.exe. Спасибо _txUnhandledExceptionFilter(), что сообщил. Люблю его <3

С помощью функции signal() вы можете сами обработать эту ошибку.

#2: TXLib [Ver: 00173a, Rev: 175, Date: 2025-12-31 23:02:50 +0400], Instance: 0x004F61DC (32-bit), Flags: Cmdre0, Thread: 0x1534 (Main). 

--------------------------------------------------
Стек вызовов:

# 0 0x0041E8BC in C:\Users\Иван\Documents\onegin\main.exe: main() at C:/Users/Иван/Documents/onegin/./main.cpp:18:

     16: 
     17:     int* ptr = NULL;
=>   18:     int a = *ptr;
     19: 
     20:     char* ptrOfStrings[maxNumOfStrings] = {}; 

--------------------------------------------------
Developed with:

The Dumb Artist Library (TX Library)
TXLib [Ver: 00173a, Rev: 175, Date: 2025-12-31 23:02:50 +0400]
Copyright (C) Ded (Ilya Dedinsky, http://txlib.ru) <mail@txlib.ru>
See license on: http://txlib.ru

TXLib file:	c:\users\иван\downloads\codeblocks\mingw\include\txlib.h
Compiled:	Sep 18 2026 22:44:29, GNU g++ 4.8.1, std=201103L, MinGW Runtime 3.20, 32-bit, Debug
Started:	Sep 18 2026 22:44:31

Run file:	C:\Users\Иван\Documents\onegin\main.exe
Directory:	C:\Users\Иван\Documents\onegin

--------------------------------------------------

--------------------------------------------------
TXLib предупреждает:

Программа: C:\Users\Иван\Documents\oneginModern\main.exe,

ВНЕЗАПНО: Нарушение доступа к памяти.

#1: Исключение EXCEPTION_ACCESS_VIOLATION (0xC0000005) при выполнении кода по адресу 0x0041EC34 в функции printStrings() в файле C:/Users/Иван/Documents/oneginModern/./main.cpp на строке 106. Попытка прочесть данные по адресу NULL в модуле C:\Users\Иван\Documents\oneginModern\main.exe. Спасибо _txUnhandledExceptionFilter(), что сообщил. Люблю его <3

#1: TXLib [Ver: 00173a, Rev: 175, Date: 2025-12-31 23:02:50 +0400], Instance: 0x004F71DC (32-bit), Flags: Cmdre0, Thread: 0x1558 (Main). 

--------------------------------------------------
Стек вызовов:

# 0 0x0041EC34 in C:\Users\Иван\Documents\oneginModern\main.exe: printStrings() at C:/Users/Иван/Documents/oneginModern/./main.cpp:106:

    104:     for(int i = 0; i < stringNum; i++){
    105:         int len = 0;
=>  106:         while(*(ptrOfStrings[i] + len) != '\0'){
    107:             len++;
    108:         }

# 1 0x0041E9E9 in C:\Users\Иван\Documents\oneginModern\main.exe: main() at C:/Users/Иван/Documents/oneginModern/./main.cpp:43:

     41:     char** arrOfStrPtr = (char**) calloc(numLines + 1, sizeof(char*));
     42:     //convertTextIntoArrOfStrPtr(text, arrOfStrPtr);
=>   43:     printStrings(arrOfStrPtr, numLines);
     44: 
     45: 

--------------------------------------------------
Developed with:

The Dumb Artist Library (TX Library)
TXLib [Ver: 00173a, Rev: 175, Date: 2025-12-31 23:02:50 +0400]
Copyright (C) Ded (Ilya Dedinsky, http://txlib.ru) <mail@txlib.ru>
See license on: http://txlib.ru

TXLib file:	c:\users\иван\downloads\codeblocks\mingw\include\txlib.h
Compiled:	Sep 20 2026 12:41:37, GNU g++ 4.8.1, std=201103L, MinGW Runtime 3.20, 32-bit, Debug
Started:	Sep 20 2026 12:41:40

Run file:	C:\Users\Иван\Documents\oneginModern\main.exe
Directory:	C:\Users\Иван\Documents\oneginModern

--------------------------------------------------

--------------------------------------------------
TXLib соболезнует...

Программа: C:\Users\Иван\Documents\oneginModern\main.exe,

ВНЕЗАПНО: signal (11, 0x00): SIGSEGV: Доступ по неверному указателю. Ставьте ассерты! 

Нарушение доступа к памяти.

#1: Исключение EXCEPTION_ACCESS_VIOLATION (0xC0000005) при выполнении кода по адресу 0x0041EC34 в функции printStrings() в файле C:/Users/Иван/Documents/oneginModern/./main.cpp на строке 106. Попытка прочесть данные по адресу NULL в модуле C:\Users\Иван\Documents\oneginModern\main.exe. Спасибо _txUnhandledExceptionFilter(), что сообщил. Люблю его <3

С помощью функции signal() вы можете сами обработать эту ошибку.

#2: TXLib [Ver: 00173a, Rev: 175, Date: 2025-12-31 23:02:50 +0400], Instance: 0x004F71DC (32-bit), Flags: Cmdre0, Thread: 0x1558 (Main). 

--------------------------------------------------
Стек вызовов:

# 0 0x0041EC34 in C:\Users\Иван\Documents\oneginModern\main.exe: printStrings() at C:/Users/Иван/Documents/oneginModern/./main.cpp:106:

    104:     for(int i = 0; i < stringNum; i++){
    105:         int len = 0;
=>  106:         while(*(ptrOfStrings[i] + len) != '\0'){
    107:             len++;
    108:         }

# 1 0x0041E9E9 in C:\Users\Иван\Documents\oneginModern\main.exe: main() at C:/Users/Иван/Documents/oneginModern/./main.cpp:43:

     41:     char** arrOfStrPtr = (char**) calloc(numLines + 1, sizeof(char*));
     42:     //convertTextIntoArrOfStrPtr(text, arrOfStrPtr);
=>   43:     printStrings(arrOfStrPtr, numLines);
     44: 
     45: 

--------------------------------------------------
Developed with:

The Dumb Artist Library (TX Library)
TXLib [Ver: 00173a, Rev: 175, Date: 2025-12-31 23:02:50 +0400]
Copyright (C) Ded (Ilya Dedinsky, http://txlib.ru) <mail@txlib.ru>
See license on: http://txlib.ru

TXLib file:	c:\users\иван\downloads\codeblocks\mingw\include\txlib.h
Compiled:	Sep 20 2026 12:41:37, GNU g++ 4.8.1, std=201103L, MinGW Runtime 3.20, 32-bit, Debug
Started:	Sep 20 2026 12:41:40

Run file:	C:\Users\Иван\Documents\oneginModern\main.exe
Directory:	C:\Users\Иван\Documents\oneginModern

--------------------------------------------------

--------------------------------------------------
TXLib предупреждает:

Программа: C:\Users\Иван\Documents\oneginModern\main.exe,

ВНЕЗАПНО: Нарушение доступа к памяти.

#1: Исключение EXCEPTION_ACCESS_VIOLATION (0xC0000005) при выполнении кода по адресу 0x0041F060 в функции printLines() в файле C:/Users/Иван/Documents/oneginModern/./main.cpp на строке 211. Попытка прочесть данные по адресу 0x0124F000 в модуле C:\Users\Иван\Documents\oneginModern\main.exe. Спасибо _txUnhandledExceptionFilter(), что сообщил. Люблю его <3

#1: TXLib [Ver: 00173a, Rev: 175, Date: 2025-12-31 23:02:50 +0400], Instance: 0x004F71DC (32-bit), Flags: Cmdre0, Thread: 0x462C (Main). 

--------------------------------------------------
Стек вызовов:

# 0 0x0041F060 in C:\Users\Иван\Documents\oneginModern\main.exe: printLines() at C:/Users/Иван/Documents/oneginModern/./main.cpp:211:

    209:             size_t lengthOfElemArrOfStrPtr = arrOfStrPtr[i + 1] - arrOfStrPtr[i];
    210:             for(int j = 0; j < lengthOfElemArrOfStrPtr; j++){
=>  211:                 printf("%c", *(arrOfStrPtr[i] + j));
    212:             }
    213:          }

# 1 0x0041EA03 in C:\Users\Иван\Documents\oneginModern\main.exe: main() at C:/Users/Иван/Documents/oneginModern/./main.cpp:44:

     42:     char** arrOfStrPtr = (char**) calloc(numLines, sizeof(char*));
     43:     convertTextIntoArrOfStrPtr(text, arrOfStrPtr);
=>   44:     printLines(arrOfStrPtr, numLines);
     45: 
     46: 

--------------------------------------------------
Developed with:

The Dumb Artist Library (TX Library)
TXLib [Ver: 00173a, Rev: 175, Date: 2025-12-31 23:02:50 +0400]
Copyright (C) Ded (Ilya Dedinsky, http://txlib.ru) <mail@txlib.ru>
See license on: http://txlib.ru

TXLib file:	c:\users\иван\downloads\codeblocks\mingw\include\txlib.h
Compiled:	Sep 20 2026 14:38:34, GNU g++ 4.8.1, std=201103L, MinGW Runtime 3.20, 32-bit, Debug
Started:	Sep 20 2026 14:38:37

Run file:	C:\Users\Иван\Documents\oneginModern\main.exe
Directory:	C:\Users\Иван\Documents\oneginModern

--------------------------------------------------

--------------------------------------------------
TXLib соболезнует...

Программа: C:\Users\Иван\Documents\oneginModern\main.exe,

ВНЕЗАПНО: signal (11, 0x00): SIGSEGV: Доступ по неверному указателю. Ставьте ассерты! 

Нарушение доступа к памяти.

#1: Исключение EXCEPTION_ACCESS_VIOLATION (0xC0000005) при выполнении кода по адресу 0x0041F060 в функции printLines() в файле C:/Users/Иван/Documents/oneginModern/./main.cpp на строке 211. Попытка прочесть данные по адресу 0x0124F000 в модуле C:\Users\Иван\Documents\oneginModern\main.exe. Спасибо _txUnhandledExceptionFilter(), что сообщил. Люблю его <3

С помощью функции signal() вы можете сами обработать эту ошибку.

#2: TXLib [Ver: 00173a, Rev: 175, Date: 2025-12-31 23:02:50 +0400], Instance: 0x004F71DC (32-bit), Flags: Cmdre0, Thread: 0x462C (Main). 

--------------------------------------------------
Стек вызовов:

# 0 0x0041F060 in C:\Users\Иван\Documents\oneginModern\main.exe: printLines() at C:/Users/Иван/Documents/oneginModern/./main.cpp:211:

    209:             size_t lengthOfElemArrOfStrPtr = arrOfStrPtr[i + 1] - arrOfStrPtr[i];
    210:             for(int j = 0; j < lengthOfElemArrOfStrPtr; j++){
=>  211:                 printf("%c", *(arrOfStrPtr[i] + j));
    212:             }
    213:          }

# 1 0x0041EA03 in C:\Users\Иван\Documents\oneginModern\main.exe: main() at C:/Users/Иван/Documents/oneginModern/./main.cpp:44:

     42:     char** arrOfStrPtr = (char**) calloc(numLines, sizeof(char*));
     43:     convertTextIntoArrOfStrPtr(text, arrOfStrPtr);
=>   44:     printLines(arrOfStrPtr, numLines);
     45: 
     46: 

--------------------------------------------------
Developed with:

The Dumb Artist Library (TX Library)
TXLib [Ver: 00173a, Rev: 175, Date: 2025-12-31 23:02:50 +0400]
Copyright (C) Ded (Ilya Dedinsky, http://txlib.ru) <mail@txlib.ru>
See license on: http://txlib.ru

TXLib file:	c:\users\иван\downloads\codeblocks\mingw\include\txlib.h
Compiled:	Sep 20 2026 14:38:34, GNU g++ 4.8.1, std=201103L, MinGW Runtime 3.20, 32-bit, Debug
Started:	Sep 20 2026 14:38:37

Run file:	C:\Users\Иван\Documents\oneginModern\main.exe
Directory:	C:\Users\Иван\Documents\oneginModern

--------------------------------------------------

--------------------------------------------------
TXLib предупреждает:

Программа: C:\Users\Иван\Documents\oneginModern\main.exe,

ВНЕЗАПНО: Нарушение доступа к памяти.

#1: Исключение EXCEPTION_ACCESS_VIOLATION (0xC0000005) при выполнении кода по адресу 0x0041F033 в функции printLines() в файле C:/Users/Иван/Documents/oneginModern/./main.cpp на строке 209. Попытка прочесть данные по адресу 0x008CF000 в модуле C:\Users\Иван\Documents\oneginModern\main.exe. Спасибо _txUnhandledExceptionFilter(), что сообщил. Люблю его <3

#1: TXLib [Ver: 00173a, Rev: 175, Date: 2025-12-31 23:02:50 +0400], Instance: 0x004F71DC (32-bit), Flags: Cmdre0, Thread: 0x4A68 (Main). 

--------------------------------------------------
Стек вызовов:

# 0 0x0041F033 in C:\Users\Иван\Documents\oneginModern\main.exe: printLines() at C:/Users/Иван/Documents/oneginModern/./main.cpp:209:

    207:             size_t lengthOfElemArrOfStrPtr = arrOfStrPtr[i + 1] - arrOfStrPtr[i];
    208:             for(int j = 0; j < lengthOfElemArrOfStrPtr; j++){
=>  209:                 printf("%c", *(arrOfStrPtr[i] + j));
    210:             }
    211:          }

# 1 0x0041EA03 in C:\Users\Иван\Documents\oneginModern\main.exe: main() at C:/Users/Иван/Documents/oneginModern/./main.cpp:44:

     42:     char** arrOfStrPtr = (char**) calloc(numLines, sizeof(char*));
     43:     convertTextIntoArrOfStrPtr(text, arrOfStrPtr);
=>   44:     printLines(arrOfStrPtr, numLines);
     45: 
     46: 

--------------------------------------------------
Developed with:

The Dumb Artist Library (TX Library)
TXLib [Ver: 00173a, Rev: 175, Date: 2025-12-31 23:02:50 +0400]
Copyright (C) Ded (Ilya Dedinsky, http://txlib.ru) <mail@txlib.ru>
See license on: http://txlib.ru

TXLib file:	c:\users\иван\downloads\codeblocks\mingw\include\txlib.h
Compiled:	Sep 20 2026 15:41:16, GNU g++ 4.8.1, std=201103L, MinGW Runtime 3.20, 32-bit, Debug
Started:	Sep 20 2026 15:41:19

Run file:	C:\Users\Иван\Documents\oneginModern\main.exe
Directory:	C:\Users\Иван\Documents\oneginModern

--------------------------------------------------

--------------------------------------------------
TXLib соболезнует...

Программа: C:\Users\Иван\Documents\oneginModern\main.exe,

ВНЕЗАПНО: signal (11, 0x00): SIGSEGV: Доступ по неверному указателю. Ставьте ассерты! 

Нарушение доступа к памяти.

#1: Исключение EXCEPTION_ACCESS_VIOLATION (0xC0000005) при выполнении кода по адресу 0x0041F033 в функции printLines() в файле C:/Users/Иван/Documents/oneginModern/./main.cpp на строке 209. Попытка прочесть данные по адресу 0x008CF000 в модуле C:\Users\Иван\Documents\oneginModern\main.exe. Спасибо _txUnhandledExceptionFilter(), что сообщил. Люблю его <3

С помощью функции signal() вы можете сами обработать эту ошибку.

#2: TXLib [Ver: 00173a, Rev: 175, Date: 2025-12-31 23:02:50 +0400], Instance: 0x004F71DC (32-bit), Flags: Cmdre0, Thread: 0x4A68 (Main). 

--------------------------------------------------
Стек вызовов:

# 0 0x0041F033 in C:\Users\Иван\Documents\oneginModern\main.exe: printLines() at C:/Users/Иван/Documents/oneginModern/./main.cpp:209:

    207:             size_t lengthOfElemArrOfStrPtr = arrOfStrPtr[i + 1] - arrOfStrPtr[i];
    208:             for(int j = 0; j < lengthOfElemArrOfStrPtr; j++){
=>  209:                 printf("%c", *(arrOfStrPtr[i] + j));
    210:             }
    211:          }

# 1 0x0041EA03 in C:\Users\Иван\Documents\oneginModern\main.exe: main() at C:/Users/Иван/Documents/oneginModern/./main.cpp:44:

     42:     char** arrOfStrPtr = (char**) calloc(numLines, sizeof(char*));
     43:     convertTextIntoArrOfStrPtr(text, arrOfStrPtr);
=>   44:     printLines(arrOfStrPtr, numLines);
     45: 
     46: 

--------------------------------------------------
Developed with:

The Dumb Artist Library (TX Library)
TXLib [Ver: 00173a, Rev: 175, Date: 2025-12-31 23:02:50 +0400]
Copyright (C) Ded (Ilya Dedinsky, http://txlib.ru) <mail@txlib.ru>
See license on: http://txlib.ru

TXLib file:	c:\users\иван\downloads\codeblocks\mingw\include\txlib.h
Compiled:	Sep 20 2026 15:41:16, GNU g++ 4.8.1, std=201103L, MinGW Runtime 3.20, 32-bit, Debug
Started:	Sep 20 2026 15:41:19

Run file:	C:\Users\Иван\Documents\oneginModern\main.exe
Directory:	C:\Users\Иван\Documents\oneginModern

--------------------------------------------------

--------------------------------------------------
TXLib предупреждает:

Программа: C:\Users\Иван\Documents\oneginModern\main.exe,

ВНЕЗАПНО: Нарушение доступа к памяти.

#1: Исключение EXCEPTION_ACCESS_VIOLATION (0xC0000005) при выполнении кода по адресу 0x0041F033 в функции printLines() в файле C:/Users/Иван/Documents/oneginModern/./main.cpp на строке 209. Попытка прочесть данные по адресу 0x0107F000 в модуле C:\Users\Иван\Documents\oneginModern\main.exe. Спасибо _txUnhandledExceptionFilter(), что сообщил. Люблю его <3

#1: TXLib [Ver: 00173a, Rev: 175, Date: 2025-12-31 23:02:50 +0400], Instance: 0x004F71DC (32-bit), Flags: Cmdre0, Thread: 0xCF0 (Main). 

--------------------------------------------------
Стек вызовов:

# 0 0x0041F033 in C:\Users\Иван\Documents\oneginModern\main.exe: printLines() at C:/Users/Иван/Documents/oneginModern/./main.cpp:209:

    207:             size_t lengthOfElemArrOfStrPtr = arrOfStrPtr[i + 1] - arrOfStrPtr[i];
    208:             for(int j = 0; j < lengthOfElemArrOfStrPtr; j++){
=>  209:                 printf("%c", *(arrOfStrPtr[i] + j));
    210:             }
    211:          }

# 1 0x0041EA03 in C:\Users\Иван\Documents\oneginModern\main.exe: main() at C:/Users/Иван/Documents/oneginModern/./main.cpp:44:

     42:     char** arrOfStrPtr = (char**) calloc(numLines, sizeof(char*));
     43:     convertTextIntoArrOfStrPtr(text, arrOfStrPtr);
=>   44:     printLines(arrOfStrPtr, numLines);
     45: 
     46: 

--------------------------------------------------
Developed with:

The Dumb Artist Library (TX Library)
TXLib [Ver: 00173a, Rev: 175, Date: 2025-12-31 23:02:50 +0400]
Copyright (C) Ded (Ilya Dedinsky, http://txlib.ru) <mail@txlib.ru>
See license on: http://txlib.ru

TXLib file:	c:\users\иван\downloads\codeblocks\mingw\include\txlib.h
Compiled:	Sep 20 2026 15:42:50, GNU g++ 4.8.1, std=201103L, MinGW Runtime 3.20, 32-bit, Debug
Started:	Sep 20 2026 15:42:53

Run file:	C:\Users\Иван\Documents\oneginModern\main.exe
Directory:	C:\Users\Иван\Documents\oneginModern

--------------------------------------------------

--------------------------------------------------
TXLib соболезнует...

Программа: C:\Users\Иван\Documents\oneginModern\main.exe,

ВНЕЗАПНО: signal (11, 0x00): SIGSEGV: Доступ по неверному указателю. Ставьте ассерты! 

Нарушение доступа к памяти.

#1: Исключение EXCEPTION_ACCESS_VIOLATION (0xC0000005) при выполнении кода по адресу 0x0041F033 в функции printLines() в файле C:/Users/Иван/Documents/oneginModern/./main.cpp на строке 209. Попытка прочесть данные по адресу 0x0107F000 в модуле C:\Users\Иван\Documents\oneginModern\main.exe. Спасибо _txUnhandledExceptionFilter(), что сообщил. Люблю его <3

С помощью функции signal() вы можете сами обработать эту ошибку.

#2: TXLib [Ver: 00173a, Rev: 175, Date: 2025-12-31 23:02:50 +0400], Instance: 0x004F71DC (32-bit), Flags: Cmdre0, Thread: 0xCF0 (Main). 

--------------------------------------------------
Стек вызовов:

# 0 0x0041F033 in C:\Users\Иван\Documents\oneginModern\main.exe: printLines() at C:/Users/Иван/Documents/oneginModern/./main.cpp:209:

    207:             size_t lengthOfElemArrOfStrPtr = arrOfStrPtr[i + 1] - arrOfStrPtr[i];
    208:             for(int j = 0; j < lengthOfElemArrOfStrPtr; j++){
=>  209:                 printf("%c", *(arrOfStrPtr[i] + j));
    210:             }
    211:          }

# 1 0x0041EA03 in C:\Users\Иван\Documents\oneginModern\main.exe: main() at C:/Users/Иван/Documents/oneginModern/./main.cpp:44:

     42:     char** arrOfStrPtr = (char**) calloc(numLines, sizeof(char*));
     43:     convertTextIntoArrOfStrPtr(text, arrOfStrPtr);
=>   44:     printLines(arrOfStrPtr, numLines);
     45: 
     46: 

--------------------------------------------------
Developed with:

The Dumb Artist Library (TX Library)
TXLib [Ver: 00173a, Rev: 175, Date: 2025-12-31 23:02:50 +0400]
Copyright (C) Ded (Ilya Dedinsky, http://txlib.ru) <mail@txlib.ru>
See license on: http://txlib.ru

TXLib file:	c:\users\иван\downloads\codeblocks\mingw\include\txlib.h
Compiled:	Sep 20 2026 15:42:50, GNU g++ 4.8.1, std=201103L, MinGW Runtime 3.20, 32-bit, Debug
Started:	Sep 20 2026 15:42:53

Run file:	C:\Users\Иван\Documents\oneginModern\main.exe
Directory:	C:\Users\Иван\Documents\oneginModern

--------------------------------------------------

--------------------------------------------------
TXLib предупреждает:

Программа: C:\Users\Иван\Documents\oneginModern\main.exe,

ВНЕЗАПНО: Нарушение доступа к памяти.

#1: Исключение EXCEPTION_ACCESS_VIOLATION (0xC0000005) при выполнении кода по адресу 0x0041F033 в функции printLines() в файле C:/Users/Иван/Documents/oneginModern/./main.cpp на строке 209. Попытка прочесть данные по адресу 0x012DF000 в модуле C:\Users\Иван\Documents\oneginModern\main.exe. Спасибо _txUnhandledExceptionFilter(), что сообщил. Люблю его <3

#1: TXLib [Ver: 00173a, Rev: 175, Date: 2025-12-31 23:02:50 +0400], Instance: 0x004F71DC (32-bit), Flags: Cmdre0, Thread: 0x158C (Main). 

--------------------------------------------------
Стек вызовов:

# 0 0x0041F033 in C:\Users\Иван\Documents\oneginModern\main.exe: printLines() at C:/Users/Иван/Documents/oneginModern/./main.cpp:209:

    207:             size_t lengthOfElemArrOfStrPtr = arrOfStrPtr[i + 1] - arrOfStrPtr[i];
    208:             for(int j = 0; j < lengthOfElemArrOfStrPtr; j++){
=>  209:                 printf("%c", *(arrOfStrPtr[i] + j));
    210:             }
    211:          }

# 1 0x0041EA03 in C:\Users\Иван\Documents\oneginModern\main.exe: main() at C:/Users/Иван/Documents/oneginModern/./main.cpp:44:

     42:     char** arrOfStrPtr = (char**) calloc(numLines, sizeof(char*));
     43:     convertTextIntoArrOfStrPtr(text, arrOfStrPtr);
=>   44:     printLines(arrOfStrPtr, numLines);
     45: 
     46: 

--------------------------------------------------
Developed with:

The Dumb Artist Library (TX Library)
TXLib [Ver: 00173a, Rev: 175, Date: 2025-12-31 23:02:50 +0400]
Copyright (C) Ded (Ilya Dedinsky, http://txlib.ru) <mail@txlib.ru>
See license on: http://txlib.ru

TXLib file:	c:\users\иван\downloads\codeblocks\mingw\include\txlib.h
Compiled:	Sep 20 2026 15:43:21, GNU g++ 4.8.1, std=201103L, MinGW Runtime 3.20, 32-bit, Debug
Started:	Sep 20 2026 15:43:23

Run file:	C:\Users\Иван\Documents\oneginModern\main.exe
Directory:	C:\Users\Иван\Documents\oneginModern

--------------------------------------------------

--------------------------------------------------
TXLib соболезнует...

Программа: C:\Users\Иван\Documents\oneginModern\main.exe,

ВНЕЗАПНО: signal (11, 0x00): SIGSEGV: Доступ по неверному указателю. Ставьте ассерты! 

Нарушение доступа к памяти.

#1: Исключение EXCEPTION_ACCESS_VIOLATION (0xC0000005) при выполнении кода по адресу 0x0041F033 в функции printLines() в файле C:/Users/Иван/Documents/oneginModern/./main.cpp на строке 209. Попытка прочесть данные по адресу 0x012DF000 в модуле C:\Users\Иван\Documents\oneginModern\main.exe. Спасибо _txUnhandledExceptionFilter(), что сообщил. Люблю его <3

С помощью функции signal() вы можете сами обработать эту ошибку.

#2: TXLib [Ver: 00173a, Rev: 175, Date: 2025-12-31 23:02:50 +0400], Instance: 0x004F71DC (32-bit), Flags: Cmdre0, Thread: 0x158C (Main). 

--------------------------------------------------
Стек вызовов:

# 0 0x0041F033 in C:\Users\Иван\Documents\oneginModern\main.exe: printLines() at C:/Users/Иван/Documents/oneginModern/./main.cpp:209:

    207:             size_t lengthOfElemArrOfStrPtr = arrOfStrPtr[i + 1] - arrOfStrPtr[i];
    208:             for(int j = 0; j < lengthOfElemArrOfStrPtr; j++){
=>  209:                 printf("%c", *(arrOfStrPtr[i] + j));
    210:             }
    211:          }

# 1 0x0041EA03 in C:\Users\Иван\Documents\oneginModern\main.exe: main() at C:/Users/Иван/Documents/oneginModern/./main.cpp:44:

     42:     char** arrOfStrPtr = (char**) calloc(numLines, sizeof(char*));
     43:     convertTextIntoArrOfStrPtr(text, arrOfStrPtr);
=>   44:     printLines(arrOfStrPtr, numLines);
     45: 
     46: 

--------------------------------------------------
Developed with:

The Dumb Artist Library (TX Library)
TXLib [Ver: 00173a, Rev: 175, Date: 2025-12-31 23:02:50 +0400]
Copyright (C) Ded (Ilya Dedinsky, http://txlib.ru) <mail@txlib.ru>
See license on: http://txlib.ru

TXLib file:	c:\users\иван\downloads\codeblocks\mingw\include\txlib.h
Compiled:	Sep 20 2026 15:43:21, GNU g++ 4.8.1, std=201103L, MinGW Runtime 3.20, 32-bit, Debug
Started:	Sep 20 2026 15:43:23

Run file:	C:\Users\Иван\Documents\oneginModern\main.exe
Directory:	C:\Users\Иван\Documents\oneginModern

--------------------------------------------------

--------------------------------------------------
TXLib предупреждает:

Программа: C:\Users\Иван\Documents\oneginModern\main.exe,

ВНЕЗАПНО: Нарушение доступа к памяти.

#1: Исключение EXCEPTION_ACCESS_VIOLATION (0xC0000005) при выполнении кода по адресу 0x0041EF85 в функции printLines() в файле C:/Users/Иван/Documents/oneginModern/./main.cpp на строке 213. Попытка прочесть данные по адресу 0x012AF000 в модуле C:\Users\Иван\Documents\oneginModern\main.exe. Спасибо _txUnhandledExceptionFilter(), что сообщил. Люблю его <3

#1: TXLib [Ver: 00173a, Rev: 175, Date: 2025-12-31 23:02:50 +0400], Instance: 0x004F71DC (32-bit), Flags: Cmdre0, Thread: 0x36C8 (Main). 

--------------------------------------------------
Стек вызовов:

# 0 0x0041EF85 in C:\Users\Иван\Documents\oneginModern\main.exe: printLines() at C:/Users/Иван/Documents/oneginModern/./main.cpp:213:

    211:                 // printf("\n%d ", i);
    212:                 // printf("%d\n", j);
=>  213:                 printf("%c", arrOfStrPtr[i][j]);
    214:             }
    215:          }

# 1 0x0041E9B5 in C:\Users\Иван\Documents\oneginModern\main.exe: main() at C:/Users/Иван/Documents/oneginModern/./main.cpp:44:

     42:     char** arrOfStrPtr = (char**) calloc(numLines, sizeof(char*));
     43:     convertTextIntoArrOfStrPtr(text, arrOfStrPtr);
=>   44:     printLines(arrOfStrPtr, numLines);
     45: 
     46: 

--------------------------------------------------
Developed with:

The Dumb Artist Library (TX Library)
TXLib [Ver: 00173a, Rev: 175, Date: 2025-12-31 23:02:50 +0400]
Copyright (C) Ded (Ilya Dedinsky, http://txlib.ru) <mail@txlib.ru>
See license on: http://txlib.ru

TXLib file:	c:\users\иван\downloads\codeblocks\mingw\include\txlib.h
Compiled:	Sep 20 2026 16:37:34, GNU g++ 4.8.1, std=201103L, MinGW Runtime 3.20, 32-bit, Debug
Started:	Sep 20 2026 16:37:37

Run file:	C:\Users\Иван\Documents\oneginModern\main.exe
Directory:	C:\Users\Иван\Documents\oneginModern

--------------------------------------------------

--------------------------------------------------
TXLib соболезнует...

Программа: C:\Users\Иван\Documents\oneginModern\main.exe,

ВНЕЗАПНО: signal (11, 0x00): SIGSEGV: Доступ по неверному указателю. Ставьте ассерты! 

Нарушение доступа к памяти.

#1: Исключение EXCEPTION_ACCESS_VIOLATION (0xC0000005) при выполнении кода по адресу 0x0041EF85 в функции printLines() в файле C:/Users/Иван/Documents/oneginModern/./main.cpp на строке 213. Попытка прочесть данные по адресу 0x012AF000 в модуле C:\Users\Иван\Documents\oneginModern\main.exe. Спасибо _txUnhandledExceptionFilter(), что сообщил. Люблю его <3

С помощью функции signal() вы можете сами обработать эту ошибку.

#2: TXLib [Ver: 00173a, Rev: 175, Date: 2025-12-31 23:02:50 +0400], Instance: 0x004F71DC (32-bit), Flags: Cmdre0, Thread: 0x36C8 (Main). 

--------------------------------------------------
Стек вызовов:

# 0 0x0041EF85 in C:\Users\Иван\Documents\oneginModern\main.exe: printLines() at C:/Users/Иван/Documents/oneginModern/./main.cpp:213:

    211:                 // printf("\n%d ", i);
    212:                 // printf("%d\n", j);
=>  213:                 printf("%c", arrOfStrPtr[i][j]);
    214:             }
    215:          }

# 1 0x0041E9B5 in C:\Users\Иван\Documents\oneginModern\main.exe: main() at C:/Users/Иван/Documents/oneginModern/./main.cpp:44:

     42:     char** arrOfStrPtr = (char**) calloc(numLines, sizeof(char*));
     43:     convertTextIntoArrOfStrPtr(text, arrOfStrPtr);
=>   44:     printLines(arrOfStrPtr, numLines);
     45: 
     46: 

--------------------------------------------------
Developed with:

The Dumb Artist Library (TX Library)
TXLib [Ver: 00173a, Rev: 175, Date: 2025-12-31 23:02:50 +0400]
Copyright (C) Ded (Ilya Dedinsky, http://txlib.ru) <mail@txlib.ru>
See license on: http://txlib.ru

TXLib file:	c:\users\иван\downloads\codeblocks\mingw\include\txlib.h
Compiled:	Sep 20 2026 16:37:34, GNU g++ 4.8.1, std=201103L, MinGW Runtime 3.20, 32-bit, Debug
Started:	Sep 20 2026 16:37:37

Run file:	C:\Users\Иван\Documents\oneginModern\main.exe
Directory:	C:\Users\Иван\Documents\oneginModern

--------------------------------------------------

--------------------------------------------------
TXLib предупреждает:

Программа: C:\Users\Иван\Documents\oneginModern\main.exe,

ВНЕЗАПНО: Нарушение доступа к памяти.

#1: Исключение EXCEPTION_ACCESS_VIOLATION (0xC0000005) при выполнении кода по адресу 0x0041EFB8 в функции printLines() в файле C:/Users/Иван/Documents/oneginModern/./main.cpp на строке 214. Попытка прочесть данные по адресу 0x011DF000 в модуле C:\Users\Иван\Documents\oneginModern\main.exe. Спасибо _txUnhandledExceptionFilter(), что сообщил. Люблю его <3

#1: TXLib [Ver: 00173a, Rev: 175, Date: 2025-12-31 23:02:50 +0400], Instance: 0x004F71DC (32-bit), Flags: Cmdre0, Thread: 0x20D8 (Main). 

--------------------------------------------------
Стек вызовов:

# 0 0x0041EFB8 in C:\Users\Иван\Documents\oneginModern\main.exe: printLines() at C:/Users/Иван/Documents/oneginModern/./main.cpp:214:

    212:                 // printf("\n%d ", i);
    213:                 // printf("%d\n", j);
=>  214:                 printf("%c", arrOfStrPtr[i][j]);
    215:             }
    216:          }

# 1 0x0041E9F8 in C:\Users\Иван\Documents\oneginModern\main.exe: main() at C:/Users/Иван/Documents/oneginModern/./main.cpp:62:

     60:     // //printf("\n\n\n");
     61:     qsort(arrOfStrPtr, numLines - 1, sizeof(arrOfStrPtr[0]), wordsComparatorUp);
=>   62:     printLines(arrOfStrPtr, numLines);
     63: 
     64: 

--------------------------------------------------
Developed with:

The Dumb Artist Library (TX Library)
TXLib [Ver: 00173a, Rev: 175, Date: 2025-12-31 23:02:50 +0400]
Copyright (C) Ded (Ilya Dedinsky, http://txlib.ru) <mail@txlib.ru>
See license on: http://txlib.ru

TXLib file:	c:\users\иван\downloads\codeblocks\mingw\include\txlib.h
Compiled:	Sep 20 2026 17:17:32, GNU g++ 4.8.1, std=201103L, MinGW Runtime 3.20, 32-bit, Debug
Started:	Sep 20 2026 17:17:34

Run file:	C:\Users\Иван\Documents\oneginModern\main.exe
Directory:	C:\Users\Иван\Documents\oneginModern

--------------------------------------------------

--------------------------------------------------
TXLib соболезнует...

Программа: C:\Users\Иван\Documents\oneginModern\main.exe,

ВНЕЗАПНО: signal (11, 0x00): SIGSEGV: Доступ по неверному указателю. Ставьте ассерты! 

Нарушение доступа к памяти.

#1: Исключение EXCEPTION_ACCESS_VIOLATION (0xC0000005) при выполнении кода по адресу 0x0041EFB8 в функции printLines() в файле C:/Users/Иван/Documents/oneginModern/./main.cpp на строке 214. Попытка прочесть данные по адресу 0x011DF000 в модуле C:\Users\Иван\Documents\oneginModern\main.exe. Спасибо _txUnhandledExceptionFilter(), что сообщил. Люблю его <3

С помощью функции signal() вы можете сами обработать эту ошибку.

#2: TXLib [Ver: 00173a, Rev: 175, Date: 2025-12-31 23:02:50 +0400], Instance: 0x004F71DC (32-bit), Flags: Cmdre0, Thread: 0x20D8 (Main). 

--------------------------------------------------
Стек вызовов:

# 0 0x0041EFB8 in C:\Users\Иван\Documents\oneginModern\main.exe: printLines() at C:/Users/Иван/Documents/oneginModern/./main.cpp:214:

    212:                 // printf("\n%d ", i);
    213:                 // printf("%d\n", j);
=>  214:                 printf("%c", arrOfStrPtr[i][j]);
    215:             }
    216:          }

# 1 0x0041E9F8 in C:\Users\Иван\Documents\oneginModern\main.exe: main() at C:/Users/Иван/Documents/oneginModern/./main.cpp:62:

     60:     // //printf("\n\n\n");
     61:     qsort(arrOfStrPtr, numLines - 1, sizeof(arrOfStrPtr[0]), wordsComparatorUp);
=>   62:     printLines(arrOfStrPtr, numLines);
     63: 
     64: 

--------------------------------------------------
Developed with:

The Dumb Artist Library (TX Library)
TXLib [Ver: 00173a, Rev: 175, Date: 2025-12-31 23:02:50 +0400]
Copyright (C) Ded (Ilya Dedinsky, http://txlib.ru) <mail@txlib.ru>
See license on: http://txlib.ru

TXLib file:	c:\users\иван\downloads\codeblocks\mingw\include\txlib.h
Compiled:	Sep 20 2026 17:17:32, GNU g++ 4.8.1, std=201103L, MinGW Runtime 3.20, 32-bit, Debug
Started:	Sep 20 2026 17:17:34

Run file:	C:\Users\Иван\Documents\oneginModern\main.exe
Directory:	C:\Users\Иван\Documents\oneginModern

--------------------------------------------------

--------------------------------------------------
TXLib предупреждает:

Программа: C:\Users\Иван\Documents\oneginModern\main.exe,

ВНЕЗАПНО: Нарушение доступа к памяти.

#1: Исключение EXCEPTION_ACCESS_VIOLATION (0xC0000005) при выполнении кода по адресу 0x0041EFB8 в функции printLines() в файле C:/Users/Иван/Documents/oneginModern/./main.cpp на строке 214. Попытка прочесть данные по адресу 0x0126F000 в модуле C:\Users\Иван\Documents\oneginModern\main.exe. Спасибо _txUnhandledExceptionFilter(), что сообщил. Люблю его <3

#1: TXLib [Ver: 00173a, Rev: 175, Date: 2025-12-31 23:02:50 +0400], Instance: 0x004F71DC (32-bit), Flags: Cmdre0, Thread: 0x49F0 (Main). 

--------------------------------------------------
Стек вызовов:

# 0 0x0041EFB8 in C:\Users\Иван\Documents\oneginModern\main.exe: printLines() at C:/Users/Иван/Documents/oneginModern/./main.cpp:214:

    212:                 // printf("\n%d ", i);
    213:                 // printf("%d\n", j);
=>  214:                 printf("%c", arrOfStrPtr[i][j]);
    215:             }
    216:          }

# 1 0x0041E9F8 in C:\Users\Иван\Documents\oneginModern\main.exe: main() at C:/Users/Иван/Documents/oneginModern/./main.cpp:62:

     60:     // //printf("\n\n\n");
     61:     qsort(arrOfStrPtr, numLines - 1, sizeof(arrOfStrPtr[0]), wordsComparatorUp);
=>   62:     printLines(arrOfStrPtr, numLines);
     63: 
     64: 

--------------------------------------------------
Developed with:

The Dumb Artist Library (TX Library)
TXLib [Ver: 00173a, Rev: 175, Date: 2025-12-31 23:02:50 +0400]
Copyright (C) Ded (Ilya Dedinsky, http://txlib.ru) <mail@txlib.ru>
See license on: http://txlib.ru

TXLib file:	c:\users\иван\downloads\codeblocks\mingw\include\txlib.h
Compiled:	Sep 20 2026 17:18:27, GNU g++ 4.8.1, std=201103L, MinGW Runtime 3.20, 32-bit, Debug
Started:	Sep 20 2026 17:18:30

Run file:	C:\Users\Иван\Documents\oneginModern\main.exe
Directory:	C:\Users\Иван\Documents\oneginModern

--------------------------------------------------

--------------------------------------------------
TXLib соболезнует...

Программа: C:\Users\Иван\Documents\oneginModern\main.exe,

ВНЕЗАПНО: signal (11, 0x00): SIGSEGV: Доступ по неверному указателю. Ставьте ассерты! 

Нарушение доступа к памяти.

#1: Исключение EXCEPTION_ACCESS_VIOLATION (0xC0000005) при выполнении кода по адресу 0x0041EFB8 в функции printLines() в файле C:/Users/Иван/Documents/oneginModern/./main.cpp на строке 214. Попытка прочесть данные по адресу 0x0126F000 в модуле C:\Users\Иван\Documents\oneginModern\main.exe. Спасибо _txUnhandledExceptionFilter(), что сообщил. Люблю его <3

С помощью функции signal() вы можете сами обработать эту ошибку.

#2: TXLib [Ver: 00173a, Rev: 175, Date: 2025-12-31 23:02:50 +0400], Instance: 0x004F71DC (32-bit), Flags: Cmdre0, Thread: 0x49F0 (Main). 

--------------------------------------------------
Стек вызовов:

# 0 0x0041EFB8 in C:\Users\Иван\Documents\oneginModern\main.exe: printLines() at C:/Users/Иван/Documents/oneginModern/./main.cpp:214:

    212:                 // printf("\n%d ", i);
    213:                 // printf("%d\n", j);
=>  214:                 printf("%c", arrOfStrPtr[i][j]);
    215:             }
    216:          }

# 1 0x0041E9F8 in C:\Users\Иван\Documents\oneginModern\main.exe: main() at C:/Users/Иван/Documents/oneginModern/./main.cpp:62:

     60:     // //printf("\n\n\n");
     61:     qsort(arrOfStrPtr, numLines - 1, sizeof(arrOfStrPtr[0]), wordsComparatorUp);
=>   62:     printLines(arrOfStrPtr, numLines);
     63: 
     64: 

--------------------------------------------------
Developed with:

The Dumb Artist Library (TX Library)
TXLib [Ver: 00173a, Rev: 175, Date: 2025-12-31 23:02:50 +0400]
Copyright (C) Ded (Ilya Dedinsky, http://txlib.ru) <mail@txlib.ru>
See license on: http://txlib.ru

TXLib file:	c:\users\иван\downloads\codeblocks\mingw\include\txlib.h
Compiled:	Sep 20 2026 17:18:27, GNU g++ 4.8.1, std=201103L, MinGW Runtime 3.20, 32-bit, Debug
Started:	Sep 20 2026 17:18:30

Run file:	C:\Users\Иван\Documents\oneginModern\main.exe
Directory:	C:\Users\Иван\Documents\oneginModern

--------------------------------------------------

--------------------------------------------------
TXLib предупреждает:

Программа: C:\Users\Иван\Documents\oneginModern\main.exe,

ВНЕЗАПНО: Нарушение доступа к памяти.

#1: Исключение EXCEPTION_ACCESS_VIOLATION (0xC0000005) при выполнении кода по адресу 0x0041EFB5 в функции printLines() в файле C:/Users/Иван/Documents/oneginModern/./main.cpp на строке 214. Попытка прочесть данные по адресу 0x00FFF000 в модуле C:\Users\Иван\Documents\oneginModern\main.exe. Спасибо _txUnhandledExceptionFilter(), что сообщил. Люблю его <3

#1: TXLib [Ver: 00173a, Rev: 175, Date: 2025-12-31 23:02:50 +0400], Instance: 0x004F71DC (32-bit), Flags: Cmdre0, Thread: 0x2B78 (Main). 

--------------------------------------------------
Стек вызовов:

# 0 0x0041EFB5 in C:\Users\Иван\Documents\oneginModern\main.exe: printLines() at C:/Users/Иван/Documents/oneginModern/./main.cpp:214:

    212:                 // printf("\n%d ", i);
    213:                 // printf("%d\n", j);
=>  214:                 printf("%c", arrOfStrPtr[i][j]);
    215:             }
    216:          }

# 1 0x0041E9F5 in C:\Users\Иван\Documents\oneginModern\main.exe: main() at C:/Users/Иван/Documents/oneginModern/./main.cpp:62:

     60:     // //printf("\n\n\n");
     61:     qsort(arrOfStrPtr, numLines, sizeof(arrOfStrPtr[0]), wordsComparatorUp);
=>   62:     printLines(arrOfStrPtr, numLines);
     63: 
     64: 

--------------------------------------------------
Developed with:

The Dumb Artist Library (TX Library)
TXLib [Ver: 00173a, Rev: 175, Date: 2025-12-31 23:02:50 +0400]
Copyright (C) Ded (Ilya Dedinsky, http://txlib.ru) <mail@txlib.ru>
See license on: http://txlib.ru

TXLib file:	c:\users\иван\downloads\codeblocks\mingw\include\txlib.h
Compiled:	Sep 20 2026 17:19:30, GNU g++ 4.8.1, std=201103L, MinGW Runtime 3.20, 32-bit, Debug
Started:	Sep 20 2026 17:19:33

Run file:	C:\Users\Иван\Documents\oneginModern\main.exe
Directory:	C:\Users\Иван\Documents\oneginModern

--------------------------------------------------

--------------------------------------------------
TXLib соболезнует...

Программа: C:\Users\Иван\Documents\oneginModern\main.exe,

ВНЕЗАПНО: signal (11, 0x00): SIGSEGV: Доступ по неверному указателю. Ставьте ассерты! 

Нарушение доступа к памяти.

#1: Исключение EXCEPTION_ACCESS_VIOLATION (0xC0000005) при выполнении кода по адресу 0x0041EFB5 в функции printLines() в файле C:/Users/Иван/Documents/oneginModern/./main.cpp на строке 214. Попытка прочесть данные по адресу 0x00FFF000 в модуле C:\Users\Иван\Documents\oneginModern\main.exe. Спасибо _txUnhandledExceptionFilter(), что сообщил. Люблю его <3

С помощью функции signal() вы можете сами обработать эту ошибку.

#2: TXLib [Ver: 00173a, Rev: 175, Date: 2025-12-31 23:02:50 +0400], Instance: 0x004F71DC (32-bit), Flags: Cmdre0, Thread: 0x2B78 (Main). 

--------------------------------------------------
Стек вызовов:

# 0 0x0041EFB5 in C:\Users\Иван\Documents\oneginModern\main.exe: printLines() at C:/Users/Иван/Documents/oneginModern/./main.cpp:214:

    212:                 // printf("\n%d ", i);
    213:                 // printf("%d\n", j);
=>  214:                 printf("%c", arrOfStrPtr[i][j]);
    215:             }
    216:          }

# 1 0x0041E9F5 in C:\Users\Иван\Documents\oneginModern\main.exe: main() at C:/Users/Иван/Documents/oneginModern/./main.cpp:62:

     60:     // //printf("\n\n\n");
     61:     qsort(arrOfStrPtr, numLines, sizeof(arrOfStrPtr[0]), wordsComparatorUp);
=>   62:     printLines(arrOfStrPtr, numLines);
     63: 
     64: 

--------------------------------------------------
Developed with:

The Dumb Artist Library (TX Library)
TXLib [Ver: 00173a, Rev: 175, Date: 2025-12-31 23:02:50 +0400]
Copyright (C) Ded (Ilya Dedinsky, http://txlib.ru) <mail@txlib.ru>
See license on: http://txlib.ru

TXLib file:	c:\users\иван\downloads\codeblocks\mingw\include\txlib.h
Compiled:	Sep 20 2026 17:19:30, GNU g++ 4.8.1, std=201103L, MinGW Runtime 3.20, 32-bit, Debug
Started:	Sep 20 2026 17:19:33

Run file:	C:\Users\Иван\Documents\oneginModern\main.exe
Directory:	C:\Users\Иван\Documents\oneginModern

--------------------------------------------------

--------------------------------------------------
TXLib предупреждает:

Программа: C:\Users\Иван\Documents\oneginModern\main.exe,

ВНЕЗАПНО: Нарушение доступа к памяти.

#1: Исключение EXCEPTION_ACCESS_VIOLATION (0xC0000005) при выполнении кода по адресу 0x0041EFE3 в функции printLines() в файле C:/Users/Иван/Documents/oneginModern/./main.cpp на строке 216. Попытка прочесть данные по адресу 0x0130F000 в модуле C:\Users\Иван\Documents\oneginModern\main.exe. Спасибо _txUnhandledExceptionFilter(), что сообщил. Люблю его <3

#1: TXLib [Ver: 00173a, Rev: 175, Date: 2025-12-31 23:02:50 +0400], Instance: 0x004F71DC (32-bit), Flags: Cmdre0, Thread: 0x4304 (Main). 

--------------------------------------------------
Стек вызовов:

# 0 0x0041EFE3 in C:\Users\Иван\Documents\oneginModern\main.exe: printLines() at C:/Users/Иван/Documents/oneginModern/./main.cpp:216:

    214:                 // printf("\n%d ", i);
    215:                 // printf("%d\n", j);
=>  216:                 printf("%c", arrOfStrPtr[i][j]);
    217:             }
    218:          }

# 1 0x0041EA23 in C:\Users\Иван\Documents\oneginModern\main.exe: main() at C:/Users/Иван/Documents/oneginModern/./main.cpp:64:

     62:     // //printf("\n\n\n");
     63:     qsort(arrOfStrPtr, numLines - 1, sizeof(arrOfStrPtr[0]), wordsComparatorUp);
=>   64:     printLines(arrOfStrPtr, numLines);
     65: 
     66: 

--------------------------------------------------
Developed with:

The Dumb Artist Library (TX Library)
TXLib [Ver: 00173a, Rev: 175, Date: 2025-12-31 23:02:50 +0400]
Copyright (C) Ded (Ilya Dedinsky, http://txlib.ru) <mail@txlib.ru>
See license on: http://txlib.ru

TXLib file:	c:\users\иван\downloads\codeblocks\mingw\include\txlib.h
Compiled:	Sep 20 2026 17:26:25, GNU g++ 4.8.1, std=201103L, MinGW Runtime 3.20, 32-bit, Debug
Started:	Sep 20 2026 17:26:27

Run file:	C:\Users\Иван\Documents\oneginModern\main.exe
Directory:	C:\Users\Иван\Documents\oneginModern

--------------------------------------------------

--------------------------------------------------
TXLib соболезнует...

Программа: C:\Users\Иван\Documents\oneginModern\main.exe,

ВНЕЗАПНО: signal (11, 0x00): SIGSEGV: Доступ по неверному указателю. Ставьте ассерты! 

Нарушение доступа к памяти.

#1: Исключение EXCEPTION_ACCESS_VIOLATION (0xC0000005) при выполнении кода по адресу 0x0041EFE3 в функции printLines() в файле C:/Users/Иван/Documents/oneginModern/./main.cpp на строке 216. Попытка прочесть данные по адресу 0x0130F000 в модуле C:\Users\Иван\Documents\oneginModern\main.exe. Спасибо _txUnhandledExceptionFilter(), что сообщил. Люблю его <3

С помощью функции signal() вы можете сами обработать эту ошибку.

#2: TXLib [Ver: 00173a, Rev: 175, Date: 2025-12-31 23:02:50 +0400], Instance: 0x004F71DC (32-bit), Flags: Cmdre0, Thread: 0x4304 (Main). 

--------------------------------------------------
Стек вызовов:

# 0 0x0041EFE3 in C:\Users\Иван\Documents\oneginModern\main.exe: printLines() at C:/Users/Иван/Documents/oneginModern/./main.cpp:216:

    214:                 // printf("\n%d ", i);
    215:                 // printf("%d\n", j);
=>  216:                 printf("%c", arrOfStrPtr[i][j]);
    217:             }
    218:          }

# 1 0x0041EA23 in C:\Users\Иван\Documents\oneginModern\main.exe: main() at C:/Users/Иван/Documents/oneginModern/./main.cpp:64:

     62:     // //printf("\n\n\n");
     63:     qsort(arrOfStrPtr, numLines - 1, sizeof(arrOfStrPtr[0]), wordsComparatorUp);
=>   64:     printLines(arrOfStrPtr, numLines);
     65: 
     66: 

--------------------------------------------------
Developed with:

The Dumb Artist Library (TX Library)
TXLib [Ver: 00173a, Rev: 175, Date: 2025-12-31 23:02:50 +0400]
Copyright (C) Ded (Ilya Dedinsky, http://txlib.ru) <mail@txlib.ru>
See license on: http://txlib.ru

TXLib file:	c:\users\иван\downloads\codeblocks\mingw\include\txlib.h
Compiled:	Sep 20 2026 17:26:25, GNU g++ 4.8.1, std=201103L, MinGW Runtime 3.20, 32-bit, Debug
Started:	Sep 20 2026 17:26:27

Run file:	C:\Users\Иван\Documents\oneginModern\main.exe
Directory:	C:\Users\Иван\Documents\oneginModern

--------------------------------------------------

--------------------------------------------------
TXLib предупреждает:

Программа: C:\Users\Иван\Documents\oneginModern\main.exe,

ВНЕЗАПНО: Нарушение доступа к памяти.

#1: Исключение EXCEPTION_ACCESS_VIOLATION (0xC0000005) при выполнении кода по адресу 0x0041EFB8 в функции printLines() в файле C:/Users/Иван/Documents/oneginModern/./main.cpp на строке 216. Попытка прочесть данные по адресу 0x011AF000 в модуле C:\Users\Иван\Documents\oneginModern\main.exe. Спасибо _txUnhandledExceptionFilter(), что сообщил. Люблю его <3

#1: TXLib [Ver: 00173a, Rev: 175, Date: 2025-12-31 23:02:50 +0400], Instance: 0x004F71DC (32-bit), Flags: Cmdre0, Thread: 0x26B4 (Main). 

--------------------------------------------------
Стек вызовов:

# 0 0x0041EFB8 in C:\Users\Иван\Documents\oneginModern\main.exe: printLines() at C:/Users/Иван/Documents/oneginModern/./main.cpp:216:

    214:                 // printf("\n%d ", i);
    215:                 // printf("%d\n", j);
=>  216:                 printf("%c", arrOfStrPtr[i][j]);
    217:             }
    218:          }

# 1 0x0041E9F8 in C:\Users\Иван\Documents\oneginModern\main.exe: main() at C:/Users/Иван/Documents/oneginModern/./main.cpp:64:

     62:     // //printf("\n\n\n");
     63:     qsort(arrOfStrPtr, numLines - 1, sizeof(arrOfStrPtr[0]), wordsComparatorUp);
=>   64:     printLines(arrOfStrPtr, numLines);
     65: 
     66: 

--------------------------------------------------
Developed with:

The Dumb Artist Library (TX Library)
TXLib [Ver: 00173a, Rev: 175, Date: 2025-12-31 23:02:50 +0400]
Copyright (C) Ded (Ilya Dedinsky, http://txlib.ru) <mail@txlib.ru>
See license on: http://txlib.ru

TXLib file:	c:\users\иван\downloads\codeblocks\mingw\include\txlib.h
Compiled:	Sep 20 2026 17:28:40, GNU g++ 4.8.1, std=201103L, MinGW Runtime 3.20, 32-bit, Debug
Started:	Sep 20 2026 17:28:43

Run file:	C:\Users\Иван\Documents\oneginModern\main.exe
Directory:	C:\Users\Иван\Documents\oneginModern

--------------------------------------------------

--------------------------------------------------
TXLib соболезнует...

Программа: C:\Users\Иван\Documents\oneginModern\main.exe,

ВНЕЗАПНО: signal (11, 0x00): SIGSEGV: Доступ по неверному указателю. Ставьте ассерты! 

Нарушение доступа к памяти.

#1: Исключение EXCEPTION_ACCESS_VIOLATION (0xC0000005) при выполнении кода по адресу 0x0041EFB8 в функции printLines() в файле C:/Users/Иван/Documents/oneginModern/./main.cpp на строке 216. Попытка прочесть данные по адресу 0x011AF000 в модуле C:\Users\Иван\Documents\oneginModern\main.exe. Спасибо _txUnhandledExceptionFilter(), что сообщил. Люблю его <3

С помощью функции signal() вы можете сами обработать эту ошибку.

#2: TXLib [Ver: 00173a, Rev: 175, Date: 2025-12-31 23:02:50 +0400], Instance: 0x004F71DC (32-bit), Flags: Cmdre0, Thread: 0x26B4 (Main). 

--------------------------------------------------
Стек вызовов:

# 0 0x0041EFB8 in C:\Users\Иван\Documents\oneginModern\main.exe: printLines() at C:/Users/Иван/Documents/oneginModern/./main.cpp:216:

    214:                 // printf("\n%d ", i);
    215:                 // printf("%d\n", j);
=>  216:                 printf("%c", arrOfStrPtr[i][j]);
    217:             }
    218:          }

# 1 0x0041E9F8 in C:\Users\Иван\Documents\oneginModern\main.exe: main() at C:/Users/Иван/Documents/oneginModern/./main.cpp:64:

     62:     // //printf("\n\n\n");
     63:     qsort(arrOfStrPtr, numLines - 1, sizeof(arrOfStrPtr[0]), wordsComparatorUp);
=>   64:     printLines(arrOfStrPtr, numLines);
     65: 
     66: 

--------------------------------------------------
Developed with:

The Dumb Artist Library (TX Library)
TXLib [Ver: 00173a, Rev: 175, Date: 2025-12-31 23:02:50 +0400]
Copyright (C) Ded (Ilya Dedinsky, http://txlib.ru) <mail@txlib.ru>
See license on: http://txlib.ru

TXLib file:	c:\users\иван\downloads\codeblocks\mingw\include\txlib.h
Compiled:	Sep 20 2026 17:28:40, GNU g++ 4.8.1, std=201103L, MinGW Runtime 3.20, 32-bit, Debug
Started:	Sep 20 2026 17:28:43

Run file:	C:\Users\Иван\Documents\oneginModern\main.exe
Directory:	C:\Users\Иван\Documents\oneginModern

--------------------------------------------------

--------------------------------------------------
TXLib предупреждает:

Программа: C:\Users\Иван\Documents\oneginModern\main.exe,

ВНЕЗАПНО: Нарушение доступа к памяти.

#1: Исключение EXCEPTION_ACCESS_VIOLATION (0xC0000005) при выполнении кода по адресу 0x0041EFB8 в функции printLines() в файле C:/Users/Иван/Documents/oneginModern/./main.cpp на строке 216. Попытка прочесть данные по адресу 0x012FF000 в модуле C:\Users\Иван\Documents\oneginModern\main.exe. Спасибо _txUnhandledExceptionFilter(), что сообщил. Люблю его <3

#1: TXLib [Ver: 00173a, Rev: 175, Date: 2025-12-31 23:02:50 +0400], Instance: 0x004F71DC (32-bit), Flags: Cmdre0, Thread: 0x40E4 (Main). 

--------------------------------------------------
Стек вызовов:

# 0 0x0041EFB8 in C:\Users\Иван\Documents\oneginModern\main.exe: printLines() at C:/Users/Иван/Documents/oneginModern/./main.cpp:216:

    214:                 // printf("\n%d ", i);
    215:                 // printf("%d\n", j);
=>  216:                 printf("%c", arrOfStrPtr[i][j]);
    217:             }
    218:          }

# 1 0x0041E9F8 in C:\Users\Иван\Documents\oneginModern\main.exe: main() at C:/Users/Иван/Documents/oneginModern/./main.cpp:64:

     62:     // //printf("\n\n\n");
     63:     qsort(arrOfStrPtr, numLines - 1, sizeof(arrOfStrPtr[0]), wordsComparatorUp);
=>   64:     printLines(arrOfStrPtr, numLines);
     65: 
     66: 

--------------------------------------------------
Developed with:

The Dumb Artist Library (TX Library)
TXLib [Ver: 00173a, Rev: 175, Date: 2025-12-31 23:02:50 +0400]
Copyright (C) Ded (Ilya Dedinsky, http://txlib.ru) <mail@txlib.ru>
See license on: http://txlib.ru

TXLib file:	c:\users\иван\downloads\codeblocks\mingw\include\txlib.h
Compiled:	Sep 20 2026 17:29:30, GNU g++ 4.8.1, std=201103L, MinGW Runtime 3.20, 32-bit, Debug
Started:	Sep 20 2026 17:29:33

Run file:	C:\Users\Иван\Documents\oneginModern\main.exe
Directory:	C:\Users\Иван\Documents\oneginModern

--------------------------------------------------

--------------------------------------------------
TXLib соболезнует...

Программа: C:\Users\Иван\Documents\oneginModern\main.exe,

ВНЕЗАПНО: signal (11, 0x00): SIGSEGV: Доступ по неверному указателю. Ставьте ассерты! 

Нарушение доступа к памяти.

#1: Исключение EXCEPTION_ACCESS_VIOLATION (0xC0000005) при выполнении кода по адресу 0x0041EFB8 в функции printLines() в файле C:/Users/Иван/Documents/oneginModern/./main.cpp на строке 216. Попытка прочесть данные по адресу 0x012FF000 в модуле C:\Users\Иван\Documents\oneginModern\main.exe. Спасибо _txUnhandledExceptionFilter(), что сообщил. Люблю его <3

С помощью функции signal() вы можете сами обработать эту ошибку.

#2: TXLib [Ver: 00173a, Rev: 175, Date: 2025-12-31 23:02:50 +0400], Instance: 0x004F71DC (32-bit), Flags: Cmdre0, Thread: 0x40E4 (Main). 

--------------------------------------------------
Стек вызовов:

# 0 0x0041EFB8 in C:\Users\Иван\Documents\oneginModern\main.exe: printLines() at C:/Users/Иван/Documents/oneginModern/./main.cpp:216:

    214:                 // printf("\n%d ", i);
    215:                 // printf("%d\n", j);
=>  216:                 printf("%c", arrOfStrPtr[i][j]);
    217:             }
    218:          }

# 1 0x0041E9F8 in C:\Users\Иван\Documents\oneginModern\main.exe: main() at C:/Users/Иван/Documents/oneginModern/./main.cpp:64:

     62:     // //printf("\n\n\n");
     63:     qsort(arrOfStrPtr, numLines - 1, sizeof(arrOfStrPtr[0]), wordsComparatorUp);
=>   64:     printLines(arrOfStrPtr, numLines);
     65: 
     66: 

--------------------------------------------------
Developed with:

The Dumb Artist Library (TX Library)
TXLib [Ver: 00173a, Rev: 175, Date: 2025-12-31 23:02:50 +0400]
Copyright (C) Ded (Ilya Dedinsky, http://txlib.ru) <mail@txlib.ru>
See license on: http://txlib.ru

TXLib file:	c:\users\иван\downloads\codeblocks\mingw\include\txlib.h
Compiled:	Sep 20 2026 17:29:30, GNU g++ 4.8.1, std=201103L, MinGW Runtime 3.20, 32-bit, Debug
Started:	Sep 20 2026 17:29:33

Run file:	C:\Users\Иван\Documents\oneginModern\main.exe
Directory:	C:\Users\Иван\Documents\oneginModern

--------------------------------------------------

--------------------------------------------------
TXLib предупреждает:

Программа: C:\Users\Иван\Documents\oneginModern\main.exe,

ВНЕЗАПНО: Нарушение доступа к памяти.

#1: Исключение EXCEPTION_ACCESS_VIOLATION (0xC0000005) при выполнении кода по адресу 0x0041EFB8 в функции printLines() в файле C:/Users/Иван/Documents/oneginModern/./main.cpp на строке 218. Попытка прочесть данные по адресу 0x0137F000 в модуле C:\Users\Иван\Documents\oneginModern\main.exe. Спасибо _txUnhandledExceptionFilter(), что сообщил. Люблю его <3

#1: TXLib [Ver: 00173a, Rev: 175, Date: 2025-12-31 23:02:50 +0400], Instance: 0x004F71DC (32-bit), Flags: Cmdre0, Thread: 0x4E4 (Main). 

--------------------------------------------------
Стек вызовов:

# 0 0x0041EFB8 in C:\Users\Иван\Documents\oneginModern\main.exe: printLines() at C:/Users/Иван/Documents/oneginModern/./main.cpp:218:

    216:                 // printf("\n%d ", i);
    217:                 // printf("%d\n", j);
=>  218:                 printf("%c", arrOfStrPtr[i][j]);
    219:             }
    220:          }

# 1 0x0041E9F8 in C:\Users\Иван\Documents\oneginModern\main.exe: main() at C:/Users/Иван/Documents/oneginModern/./main.cpp:66:

     64: 
     65:     qsort(arrOfStrPtr, numLines - 1, sizeof(arrOfStrPtr[0]), wordsComparatorUp);
=>   66:     printLines(arrOfStrPtr, numLines);
     67: 
     68: 

--------------------------------------------------
Developed with:

The Dumb Artist Library (TX Library)
TXLib [Ver: 00173a, Rev: 175, Date: 2025-12-31 23:02:50 +0400]
Copyright (C) Ded (Ilya Dedinsky, http://txlib.ru) <mail@txlib.ru>
See license on: http://txlib.ru

TXLib file:	c:\users\иван\downloads\codeblocks\mingw\include\txlib.h
Compiled:	Sep 20 2026 17:36:08, GNU g++ 4.8.1, std=201103L, MinGW Runtime 3.20, 32-bit, Debug
Started:	Sep 20 2026 17:36:11

Run file:	C:\Users\Иван\Documents\oneginModern\main.exe
Directory:	C:\Users\Иван\Documents\oneginModern

--------------------------------------------------

--------------------------------------------------
TXLib соболезнует...

Программа: C:\Users\Иван\Documents\oneginModern\main.exe,

ВНЕЗАПНО: signal (11, 0x00): SIGSEGV: Доступ по неверному указателю. Ставьте ассерты! 

Нарушение доступа к памяти.

#1: Исключение EXCEPTION_ACCESS_VIOLATION (0xC0000005) при выполнении кода по адресу 0x0041EFB8 в функции printLines() в файле C:/Users/Иван/Documents/oneginModern/./main.cpp на строке 218. Попытка прочесть данные по адресу 0x0137F000 в модуле C:\Users\Иван\Documents\oneginModern\main.exe. Спасибо _txUnhandledExceptionFilter(), что сообщил. Люблю его <3

С помощью функции signal() вы можете сами обработать эту ошибку.

#2: TXLib [Ver: 00173a, Rev: 175, Date: 2025-12-31 23:02:50 +0400], Instance: 0x004F71DC (32-bit), Flags: Cmdre0, Thread: 0x4E4 (Main). 

--------------------------------------------------
Стек вызовов:

# 0 0x0041EFB8 in C:\Users\Иван\Documents\oneginModern\main.exe: printLines() at C:/Users/Иван/Documents/oneginModern/./main.cpp:218:

    216:                 // printf("\n%d ", i);
    217:                 // printf("%d\n", j);
=>  218:                 printf("%c", arrOfStrPtr[i][j]);
    219:             }
    220:          }

# 1 0x0041E9F8 in C:\Users\Иван\Documents\oneginModern\main.exe: main() at C:/Users/Иван/Documents/oneginModern/./main.cpp:66:

     64: 
     65:     qsort(arrOfStrPtr, numLines - 1, sizeof(arrOfStrPtr[0]), wordsComparatorUp);
=>   66:     printLines(arrOfStrPtr, numLines);
     67: 
     68: 

--------------------------------------------------
Developed with:

The Dumb Artist Library (TX Library)
TXLib [Ver: 00173a, Rev: 175, Date: 2025-12-31 23:02:50 +0400]
Copyright (C) Ded (Ilya Dedinsky, http://txlib.ru) <mail@txlib.ru>
See license on: http://txlib.ru

TXLib file:	c:\users\иван\downloads\codeblocks\mingw\include\txlib.h
Compiled:	Sep 20 2026 17:36:08, GNU g++ 4.8.1, std=201103L, MinGW Runtime 3.20, 32-bit, Debug
Started:	Sep 20 2026 17:36:11

Run file:	C:\Users\Иван\Documents\oneginModern\main.exe
Directory:	C:\Users\Иван\Documents\oneginModern

--------------------------------------------------

--------------------------------------------------
TXLib предупреждает:

Программа: C:\Users\Иван\Documents\oneginModern\main.exe,

ВНЕЗАПНО: Нарушение доступа к памяти.

#1: Исключение EXCEPTION_ACCESS_VIOLATION (0xC0000005) при выполнении кода по адресу 0x0041EFB8 в функции printLines() в файле C:/Users/Иван/Documents/oneginModern/./main.cpp на строке 218. Попытка прочесть данные по адресу 0x0131F000 в модуле C:\Users\Иван\Documents\oneginModern\main.exe. Спасибо _txUnhandledExceptionFilter(), что сообщил. Люблю его <3

#1: TXLib [Ver: 00173a, Rev: 175, Date: 2025-12-31 23:02:50 +0400], Instance: 0x004F71DC (32-bit), Flags: Cmdre0, Thread: 0xA10 (Main). 

--------------------------------------------------
Стек вызовов:

# 0 0x0041EFB8 in C:\Users\Иван\Documents\oneginModern\main.exe: printLines() at C:/Users/Иван/Documents/oneginModern/./main.cpp:218:

    216:                 // printf("\n%d ", i);
    217:                 // printf("%d\n", j);
=>  218:                 printf("%c", arrOfStrPtr[i][j]);
    219:             }
    220:          }

# 1 0x0041E9F8 in C:\Users\Иван\Documents\oneginModern\main.exe: main() at C:/Users/Иван/Documents/oneginModern/./main.cpp:66:

     64: 
     65:     qsort(arrOfStrPtr, numLines - 1, sizeof(arrOfStrPtr[0]), wordsComparatorUp);
=>   66:     printLines(arrOfStrPtr, numLines);
     67: 
     68: 

--------------------------------------------------
Developed with:

The Dumb Artist Library (TX Library)
TXLib [Ver: 00173a, Rev: 175, Date: 2025-12-31 23:02:50 +0400]
Copyright (C) Ded (Ilya Dedinsky, http://txlib.ru) <mail@txlib.ru>
See license on: http://txlib.ru

TXLib file:	c:\users\иван\downloads\codeblocks\mingw\include\txlib.h
Compiled:	Sep 20 2026 17:37:36, GNU g++ 4.8.1, std=201103L, MinGW Runtime 3.20, 32-bit, Debug
Started:	Sep 20 2026 17:37:39

Run file:	C:\Users\Иван\Documents\oneginModern\main.exe
Directory:	C:\Users\Иван\Documents\oneginModern

--------------------------------------------------

--------------------------------------------------
TXLib соболезнует...

Программа: C:\Users\Иван\Documents\oneginModern\main.exe,

ВНЕЗАПНО: signal (11, 0x00): SIGSEGV: Доступ по неверному указателю. Ставьте ассерты! 

Нарушение доступа к памяти.

#1: Исключение EXCEPTION_ACCESS_VIOLATION (0xC0000005) при выполнении кода по адресу 0x0041EFB8 в функции printLines() в файле C:/Users/Иван/Documents/oneginModern/./main.cpp на строке 218. Попытка прочесть данные по адресу 0x0131F000 в модуле C:\Users\Иван\Documents\oneginModern\main.exe. Спасибо _txUnhandledExceptionFilter(), что сообщил. Люблю его <3

С помощью функции signal() вы можете сами обработать эту ошибку.

#2: TXLib [Ver: 00173a, Rev: 175, Date: 2025-12-31 23:02:50 +0400], Instance: 0x004F71DC (32-bit), Flags: Cmdre0, Thread: 0xA10 (Main). 

--------------------------------------------------
Стек вызовов:

# 0 0x0041EFB8 in C:\Users\Иван\Documents\oneginModern\main.exe: printLines() at C:/Users/Иван/Documents/oneginModern/./main.cpp:218:

    216:                 // printf("\n%d ", i);
    217:                 // printf("%d\n", j);
=>  218:                 printf("%c", arrOfStrPtr[i][j]);
    219:             }
    220:          }

# 1 0x0041E9F8 in C:\Users\Иван\Documents\oneginModern\main.exe: main() at C:/Users/Иван/Documents/oneginModern/./main.cpp:66:

     64: 
     65:     qsort(arrOfStrPtr, numLines - 1, sizeof(arrOfStrPtr[0]), wordsComparatorUp);
=>   66:     printLines(arrOfStrPtr, numLines);
     67: 
     68: 

--------------------------------------------------
Developed with:

The Dumb Artist Library (TX Library)
TXLib [Ver: 00173a, Rev: 175, Date: 2025-12-31 23:02:50 +0400]
Copyright (C) Ded (Ilya Dedinsky, http://txlib.ru) <mail@txlib.ru>
See license on: http://txlib.ru

TXLib file:	c:\users\иван\downloads\codeblocks\mingw\include\txlib.h
Compiled:	Sep 20 2026 17:37:36, GNU g++ 4.8.1, std=201103L, MinGW Runtime 3.20, 32-bit, Debug
Started:	Sep 20 2026 17:37:39

Run file:	C:\Users\Иван\Documents\oneginModern\main.exe
Directory:	C:\Users\Иван\Documents\oneginModern

--------------------------------------------------

--------------------------------------------------
TXLib предупреждает:

Программа: C:\Users\Иван\Documents\OneginModernModern\main.exe,

ВНЕЗАПНО: Нарушение доступа к памяти.

#1: Исключение EXCEPTION_ACCESS_VIOLATION (0xC0000005) при выполнении кода по адресу 0x0041EFB5 в функции printLines() в файле C:/Users/Иван/Documents/OneginModernModern/./main.cpp на строке 221. Попытка прочесть данные по адресу 0x0122F000 в модуле C:\Users\Иван\Documents\OneginModernModern\main.exe. Спасибо _txUnhandledExceptionFilter(), что сообщил. Люблю его <3

#1: TXLib [Ver: 00173a, Rev: 175, Date: 2025-12-31 23:02:50 +0400], Instance: 0x004F71DC (32-bit), Flags: Cmdre0, Thread: 0x2EF0 (Main). 

--------------------------------------------------
Стек вызовов:

# 0 0x0041EFB5 in C:\Users\Иван\Documents\OneginModernModern\main.exe: printLines() at C:/Users/Иван/Documents/OneginModernModern/./main.cpp:221:

    219:                 // printf("\n%d ", i);
    220:                 // printf("%d\n", j);
=>  221:                 printf("%c", arrOfStrPtr[i][j]);
    222:             }
    223:          }

# 1 0x0041E9C5 in C:\Users\Иван\Documents\OneginModernModern\main.exe: main() at C:/Users/Иван/Documents/OneginModernModern/./main.cpp:44:

     42:     char** arrOfStrPtr = (char**) calloc(numLines, sizeof(char*));
     43:     convertTextIntoArrOfStrPtr(text, arrOfStrPtr, realSize);
=>   44:     printLines(arrOfStrPtr, numLines);
     45:     // if(arrOfStrPtr[numLines - 1][0] == '\0'){
     46:     //     printf("\nelem is 0\n");

--------------------------------------------------
Developed with:

The Dumb Artist Library (TX Library)
TXLib [Ver: 00173a, Rev: 175, Date: 2025-12-31 23:02:50 +0400]
Copyright (C) Ded (Ilya Dedinsky, http://txlib.ru) <mail@txlib.ru>
See license on: http://txlib.ru

TXLib file:	c:\users\иван\downloads\codeblocks\mingw\include\txlib.h
Compiled:	Sep 20 2026 18:03:57, GNU g++ 4.8.1, std=201103L, MinGW Runtime 3.20, 32-bit, Debug
Started:	Sep 20 2026 18:04:00

Run file:	C:\Users\Иван\Documents\OneginModernModern\main.exe
Directory:	C:\Users\Иван\Documents\OneginModernModern

--------------------------------------------------

--------------------------------------------------
TXLib соболезнует...

Программа: C:\Users\Иван\Documents\OneginModernModern\main.exe,

ВНЕЗАПНО: signal (11, 0x00): SIGSEGV: Доступ по неверному указателю. Ставьте ассерты! 

Нарушение доступа к памяти.

#1: Исключение EXCEPTION_ACCESS_VIOLATION (0xC0000005) при выполнении кода по адресу 0x0041EFB5 в функции printLines() в файле C:/Users/Иван/Documents/OneginModernModern/./main.cpp на строке 221. Попытка прочесть данные по адресу 0x0122F000 в модуле C:\Users\Иван\Documents\OneginModernModern\main.exe. Спасибо _txUnhandledExceptionFilter(), что сообщил. Люблю его <3

С помощью функции signal() вы можете сами обработать эту ошибку.

#2: TXLib [Ver: 00173a, Rev: 175, Date: 2025-12-31 23:02:50 +0400], Instance: 0x004F71DC (32-bit), Flags: Cmdre0, Thread: 0x2EF0 (Main). 

--------------------------------------------------
Стек вызовов:

# 0 0x0041EFB5 in C:\Users\Иван\Documents\OneginModernModern\main.exe: printLines() at C:/Users/Иван/Documents/OneginModernModern/./main.cpp:221:

    219:                 // printf("\n%d ", i);
    220:                 // printf("%d\n", j);
=>  221:                 printf("%c", arrOfStrPtr[i][j]);
    222:             }
    223:          }

# 1 0x0041E9C5 in C:\Users\Иван\Documents\OneginModernModern\main.exe: main() at C:/Users/Иван/Documents/OneginModernModern/./main.cpp:44:

     42:     char** arrOfStrPtr = (char**) calloc(numLines, sizeof(char*));
     43:     convertTextIntoArrOfStrPtr(text, arrOfStrPtr, realSize);
=>   44:     printLines(arrOfStrPtr, numLines);
     45:     // if(arrOfStrPtr[numLines - 1][0] == '\0'){
     46:     //     printf("\nelem is 0\n");

--------------------------------------------------
Developed with:

The Dumb Artist Library (TX Library)
TXLib [Ver: 00173a, Rev: 175, Date: 2025-12-31 23:02:50 +0400]
Copyright (C) Ded (Ilya Dedinsky, http://txlib.ru) <mail@txlib.ru>
See license on: http://txlib.ru

TXLib file:	c:\users\иван\downloads\codeblocks\mingw\include\txlib.h
Compiled:	Sep 20 2026 18:03:57, GNU g++ 4.8.1, std=201103L, MinGW Runtime 3.20, 32-bit, Debug
Started:	Sep 20 2026 18:04:00

Run file:	C:\Users\Иван\Documents\OneginModernModern\main.exe
Directory:	C:\Users\Иван\Documents\OneginModernModern

--------------------------------------------------

--------------------------------------------------
TXLib предупреждает:

Программа: C:\Users\Иван\Documents\OneginModernModern\main.exe,

ВНЕЗАПНО: Нарушение доступа к памяти.

#1: Исключение EXCEPTION_ACCESS_VIOLATION (0xC0000005) при выполнении кода по адресу 0x0041EF70 в функции printLines() в файле C:/Users/Иван/Documents/OneginModernModern/./main.cpp на строке 221. Попытка прочесть данные по адресу 0x010BF000 в модуле C:\Users\Иван\Documents\OneginModernModern\main.exe. Спасибо _txUnhandledExceptionFilter(), что сообщил. Люблю его <3

#1: TXLib [Ver: 00173a, Rev: 175, Date: 2025-12-31 23:02:50 +0400], Instance: 0x004F71DC (32-bit), Flags: Cmdre0, Thread: 0x774 (Main). 

--------------------------------------------------
Стек вызовов:

# 0 0x0041EF70 in C:\Users\Иван\Documents\OneginModernModern\main.exe: printLines() at C:/Users/Иван/Documents/OneginModernModern/./main.cpp:221:

    219:                 // printf("\n%d ", i);
    220:                 // printf("%d\n", j);
=>  221:                 printf("%c", arrOfStrPtr[i][j]);
    222:             }
    223:          }

# 1 0x0041E9C5 in C:\Users\Иван\Documents\OneginModernModern\main.exe: main() at C:/Users/Иван/Documents/OneginModernModern/./main.cpp:44:

     42:     char** arrOfStrPtr = (char**) calloc(numLines, sizeof(char*));
     43:     convertTextIntoArrOfStrPtr(text, arrOfStrPtr, realSize);
=>   44:     printLines(arrOfStrPtr, numLines);
     45:     // if(arrOfStrPtr[numLines - 1][0] == '\0'){
     46:     //     printf("\nelem is 0\n");

--------------------------------------------------
Developed with:

The Dumb Artist Library (TX Library)
TXLib [Ver: 00173a, Rev: 175, Date: 2025-12-31 23:02:50 +0400]
Copyright (C) Ded (Ilya Dedinsky, http://txlib.ru) <mail@txlib.ru>
See license on: http://txlib.ru

TXLib file:	c:\users\иван\downloads\codeblocks\mingw\include\txlib.h
Compiled:	Sep 20 2026 18:04:14, GNU g++ 4.8.1, std=201103L, MinGW Runtime 3.20, 32-bit, Debug
Started:	Sep 20 2026 18:04:17

Run file:	C:\Users\Иван\Documents\OneginModernModern\main.exe
Directory:	C:\Users\Иван\Documents\OneginModernModern

--------------------------------------------------

--------------------------------------------------
TXLib соболезнует...

Программа: C:\Users\Иван\Documents\OneginModernModern\main.exe,

ВНЕЗАПНО: signal (11, 0x00): SIGSEGV: Доступ по неверному указателю. Ставьте ассерты! 

Нарушение доступа к памяти.

#1: Исключение EXCEPTION_ACCESS_VIOLATION (0xC0000005) при выполнении кода по адресу 0x0041EF70 в функции printLines() в файле C:/Users/Иван/Documents/OneginModernModern/./main.cpp на строке 221. Попытка прочесть данные по адресу 0x010BF000 в модуле C:\Users\Иван\Documents\OneginModernModern\main.exe. Спасибо _txUnhandledExceptionFilter(), что сообщил. Люблю его <3

С помощью функции signal() вы можете сами обработать эту ошибку.

#2: TXLib [Ver: 00173a, Rev: 175, Date: 2025-12-31 23:02:50 +0400], Instance: 0x004F71DC (32-bit), Flags: Cmdre0, Thread: 0x774 (Main). 

--------------------------------------------------
Стек вызовов:

# 0 0x0041EF70 in C:\Users\Иван\Documents\OneginModernModern\main.exe: printLines() at C:/Users/Иван/Documents/OneginModernModern/./main.cpp:221:

    219:                 // printf("\n%d ", i);
    220:                 // printf("%d\n", j);
=>  221:                 printf("%c", arrOfStrPtr[i][j]);
    222:             }
    223:          }

# 1 0x0041E9C5 in C:\Users\Иван\Documents\OneginModernModern\main.exe: main() at C:/Users/Иван/Documents/OneginModernModern/./main.cpp:44:

     42:     char** arrOfStrPtr = (char**) calloc(numLines, sizeof(char*));
     43:     convertTextIntoArrOfStrPtr(text, arrOfStrPtr, realSize);
=>   44:     printLines(arrOfStrPtr, numLines);
     45:     // if(arrOfStrPtr[numLines - 1][0] == '\0'){
     46:     //     printf("\nelem is 0\n");

--------------------------------------------------
Developed with:

The Dumb Artist Library (TX Library)
TXLib [Ver: 00173a, Rev: 175, Date: 2025-12-31 23:02:50 +0400]
Copyright (C) Ded (Ilya Dedinsky, http://txlib.ru) <mail@txlib.ru>
See license on: http://txlib.ru

TXLib file:	c:\users\иван\downloads\codeblocks\mingw\include\txlib.h
Compiled:	Sep 20 2026 18:04:14, GNU g++ 4.8.1, std=201103L, MinGW Runtime 3.20, 32-bit, Debug
Started:	Sep 20 2026 18:04:17

Run file:	C:\Users\Иван\Documents\OneginModernModern\main.exe
Directory:	C:\Users\Иван\Documents\OneginModernModern

--------------------------------------------------

--------------------------------------------------
TXLib предупреждает:

Программа: C:\Users\Иван\Documents\OneginModernModern\main.exe,

ВНЕЗАПНО: Нарушение доступа к памяти.

#1: Исключение EXCEPTION_ACCESS_VIOLATION (0xC0000005) при выполнении кода по адресу 0x765BE740 в функции strlen(). Попытка прочесть данные по адресу NULL в модуле C:\Windows\System32\msvcrt.dll. Спасибо _txUnhandledExceptionFilter(), что сообщил. Люблю его <3

#1: TXLib [Ver: 00173a, Rev: 175, Date: 2025-12-31 23:02:50 +0400], Instance: 0x004F71DC (32-bit), Flags: Cmdre0, Thread: 0x2180 (Main). 

--------------------------------------------------
Стек вызовов:

# 0 0x765BE740 in C:\Windows\System32\msvcrt.dll: strlen()

# 1 0x0041E9C5 in C:\Users\Иван\Documents\OneginModernModern\main.exe: main() at C:/Users/Иван/Documents/OneginModernModern/./main.cpp:44:

     42:     char** arrOfStrPtr = (char**) calloc(numLines, sizeof(char*));
     43:     convertTextIntoArrOfStrPtr(text, arrOfStrPtr, realSize);
=>   44:     printLines(arrOfStrPtr, numLines);
     45:     // if(arrOfStrPtr[numLines - 1][0] == '\0'){
     46:     //     printf("\nelem is 0\n");

--------------------------------------------------
Developed with:

The Dumb Artist Library (TX Library)
TXLib [Ver: 00173a, Rev: 175, Date: 2025-12-31 23:02:50 +0400]
Copyright (C) Ded (Ilya Dedinsky, http://txlib.ru) <mail@txlib.ru>
See license on: http://txlib.ru

TXLib file:	c:\users\иван\downloads\codeblocks\mingw\include\txlib.h
Compiled:	Sep 20 2026 18:05:00, GNU g++ 4.8.1, std=201103L, MinGW Runtime 3.20, 32-bit, Debug
Started:	Sep 20 2026 18:05:02

Run file:	C:\Users\Иван\Documents\OneginModernModern\main.exe
Directory:	C:\Users\Иван\Documents\OneginModernModern

--------------------------------------------------

--------------------------------------------------
TXLib соболезнует...

Программа: C:\Users\Иван\Documents\OneginModernModern\main.exe,

ВНЕЗАПНО: signal (11, 0x00): SIGSEGV: Доступ по неверному указателю. Ставьте ассерты! 

Нарушение доступа к памяти.

#1: Исключение EXCEPTION_ACCESS_VIOLATION (0xC0000005) при выполнении кода по адресу 0x765BE740 в функции strlen(). Попытка прочесть данные по адресу NULL в модуле C:\Windows\System32\msvcrt.dll. Спасибо _txUnhandledExceptionFilter(), что сообщил. Люблю его <3

С помощью функции signal() вы можете сами обработать эту ошибку.

#2: TXLib [Ver: 00173a, Rev: 175, Date: 2025-12-31 23:02:50 +0400], Instance: 0x004F71DC (32-bit), Flags: Cmdre0, Thread: 0x2180 (Main). 

--------------------------------------------------
Стек вызовов:

# 0 0x765BE740 in C:\Windows\System32\msvcrt.dll: strlen()

# 1 0x0041E9C5 in C:\Users\Иван\Documents\OneginModernModern\main.exe: main() at C:/Users/Иван/Documents/OneginModernModern/./main.cpp:44:

     42:     char** arrOfStrPtr = (char**) calloc(numLines, sizeof(char*));
     43:     convertTextIntoArrOfStrPtr(text, arrOfStrPtr, realSize);
=>   44:     printLines(arrOfStrPtr, numLines);
     45:     // if(arrOfStrPtr[numLines - 1][0] == '\0'){
     46:     //     printf("\nelem is 0\n");

--------------------------------------------------
Developed with:

The Dumb Artist Library (TX Library)
TXLib [Ver: 00173a, Rev: 175, Date: 2025-12-31 23:02:50 +0400]
Copyright (C) Ded (Ilya Dedinsky, http://txlib.ru) <mail@txlib.ru>
See license on: http://txlib.ru

TXLib file:	c:\users\иван\downloads\codeblocks\mingw\include\txlib.h
Compiled:	Sep 20 2026 18:05:00, GNU g++ 4.8.1, std=201103L, MinGW Runtime 3.20, 32-bit, Debug
Started:	Sep 20 2026 18:05:02

Run file:	C:\Users\Иван\Documents\OneginModernModern\main.exe
Directory:	C:\Users\Иван\Documents\OneginModernModern

--------------------------------------------------

--------------------------------------------------
TXLib предупреждает:

Программа: C:\Users\Иван\Documents\OneginModernModern\main.exe,

ВНЕЗАПНО: Нарушение доступа к памяти.

#1: Исключение EXCEPTION_ACCESS_VIOLATION (0xC0000005) при выполнении кода по адресу 0x765BE740 в функции strlen(). Попытка прочесть данные по адресу NULL в модуле C:\Windows\System32\msvcrt.dll. Спасибо _txUnhandledExceptionFilter(), что сообщил. Люблю его <3

#1: TXLib [Ver: 00173a, Rev: 175, Date: 2025-12-31 23:02:50 +0400], Instance: 0x004F71DC (32-bit), Flags: Cmdre0, Thread: 0x4538 (Main). 

--------------------------------------------------
Стек вызовов:

# 0 0x765BE740 in C:\Windows\System32\msvcrt.dll: strlen()

# 1 0x0041E9C5 in C:\Users\Иван\Documents\OneginModernModern\main.exe: main() at C:/Users/Иван/Documents/OneginModernModern/./main.cpp:44:

     42:     char** arrOfStrPtr = (char**) calloc(numLines, sizeof(char*));
     43:     convertTextIntoArrOfStrPtr(text, arrOfStrPtr, realSize);
=>   44:     printLines(arrOfStrPtr, numLines);
     45:     // if(arrOfStrPtr[numLines - 1][0] == '\0'){
     46:     //     printf("\nelem is 0\n");

--------------------------------------------------
Developed with:

The Dumb Artist Library (TX Library)
TXLib [Ver: 00173a, Rev: 175, Date: 2025-12-31 23:02:50 +0400]
Copyright (C) Ded (Ilya Dedinsky, http://txlib.ru) <mail@txlib.ru>
See license on: http://txlib.ru

TXLib file:	c:\users\иван\downloads\codeblocks\mingw\include\txlib.h
Compiled:	Sep 20 2026 18:07:42, GNU g++ 4.8.1, std=201103L, MinGW Runtime 3.20, 32-bit, Debug
Started:	Sep 20 2026 18:07:44

Run file:	C:\Users\Иван\Documents\OneginModernModern\main.exe
Directory:	C:\Users\Иван\Documents\OneginModernModern

--------------------------------------------------

--------------------------------------------------
TXLib соболезнует...

Программа: C:\Users\Иван\Documents\OneginModernModern\main.exe,

ВНЕЗАПНО: signal (11, 0x00): SIGSEGV: Доступ по неверному указателю. Ставьте ассерты! 

Нарушение доступа к памяти.

#1: Исключение EXCEPTION_ACCESS_VIOLATION (0xC0000005) при выполнении кода по адресу 0x765BE740 в функции strlen(). Попытка прочесть данные по адресу NULL в модуле C:\Windows\System32\msvcrt.dll. Спасибо _txUnhandledExceptionFilter(), что сообщил. Люблю его <3

С помощью функции signal() вы можете сами обработать эту ошибку.

#2: TXLib [Ver: 00173a, Rev: 175, Date: 2025-12-31 23:02:50 +0400], Instance: 0x004F71DC (32-bit), Flags: Cmdre0, Thread: 0x4538 (Main). 

--------------------------------------------------
Стек вызовов:

# 0 0x765BE740 in C:\Windows\System32\msvcrt.dll: strlen()

# 1 0x0041E9C5 in C:\Users\Иван\Documents\OneginModernModern\main.exe: main() at C:/Users/Иван/Documents/OneginModernModern/./main.cpp:44:

     42:     char** arrOfStrPtr = (char**) calloc(numLines, sizeof(char*));
     43:     convertTextIntoArrOfStrPtr(text, arrOfStrPtr, realSize);
=>   44:     printLines(arrOfStrPtr, numLines);
     45:     // if(arrOfStrPtr[numLines - 1][0] == '\0'){
     46:     //     printf("\nelem is 0\n");

--------------------------------------------------
Developed with:

The Dumb Artist Library (TX Library)
TXLib [Ver: 00173a, Rev: 175, Date: 2025-12-31 23:02:50 +0400]
Copyright (C) Ded (Ilya Dedinsky, http://txlib.ru) <mail@txlib.ru>
See license on: http://txlib.ru

TXLib file:	c:\users\иван\downloads\codeblocks\mingw\include\txlib.h
Compiled:	Sep 20 2026 18:07:42, GNU g++ 4.8.1, std=201103L, MinGW Runtime 3.20, 32-bit, Debug
Started:	Sep 20 2026 18:07:44

Run file:	C:\Users\Иван\Documents\OneginModernModern\main.exe
Directory:	C:\Users\Иван\Documents\OneginModernModern

--------------------------------------------------

--------------------------------------------------
TXLib предупреждает:

Программа: C:\Users\Иван\Documents\OneginModernModern\main.exe,

ВНЕЗАПНО: Нарушение доступа к памяти.

#1: Исключение EXCEPTION_ACCESS_VIOLATION (0xC0000005) при выполнении кода по адресу 0x765BE740 в функции strlen(). Попытка прочесть данные по адресу NULL в модуле C:\Windows\System32\msvcrt.dll. Спасибо _txUnhandledExceptionFilter(), что сообщил. Люблю его <3

#1: TXLib [Ver: 00173a, Rev: 175, Date: 2025-12-31 23:02:50 +0400], Instance: 0x004F71DC (32-bit), Flags: Cmdre0, Thread: 0x1CFC (Main). 

--------------------------------------------------
Стек вызовов:

# 0 0x765BE740 in C:\Windows\System32\msvcrt.dll: strlen()

# 1 0x0041E9C5 in C:\Users\Иван\Documents\OneginModernModern\main.exe: main() at C:/Users/Иван/Documents/OneginModernModern/./main.cpp:45:

     43:     char** arrOfStrPtr = (char**) calloc(numLines, sizeof(char*));
     44:     convertTextIntoArrOfStrPtr(text, arrOfStrPtr, realSize);
=>   45:     printLines(arrOfStrPtr, numLines);
     46:     // if(arrOfStrPtr[numLines - 1][0] == '\0'){
     47:     //     printf("\nelem is 0\n");

--------------------------------------------------
Developed with:

The Dumb Artist Library (TX Library)
TXLib [Ver: 00173a, Rev: 175, Date: 2025-12-31 23:02:50 +0400]
Copyright (C) Ded (Ilya Dedinsky, http://txlib.ru) <mail@txlib.ru>
See license on: http://txlib.ru

TXLib file:	c:\users\иван\downloads\codeblocks\mingw\include\txlib.h
Compiled:	Sep 20 2026 18:10:37, GNU g++ 4.8.1, std=201103L, MinGW Runtime 3.20, 32-bit, Debug
Started:	Sep 20 2026 18:10:40

Run file:	C:\Users\Иван\Documents\OneginModernModern\main.exe
Directory:	C:\Users\Иван\Documents\OneginModernModern

--------------------------------------------------

--------------------------------------------------
TXLib соболезнует...

Программа: C:\Users\Иван\Documents\OneginModernModern\main.exe,

ВНЕЗАПНО: signal (11, 0x00): SIGSEGV: Доступ по неверному указателю. Ставьте ассерты! 

Нарушение доступа к памяти.

#1: Исключение EXCEPTION_ACCESS_VIOLATION (0xC0000005) при выполнении кода по адресу 0x765BE740 в функции strlen(). Попытка прочесть данные по адресу NULL в модуле C:\Windows\System32\msvcrt.dll. Спасибо _txUnhandledExceptionFilter(), что сообщил. Люблю его <3

С помощью функции signal() вы можете сами обработать эту ошибку.

#2: TXLib [Ver: 00173a, Rev: 175, Date: 2025-12-31 23:02:50 +0400], Instance: 0x004F71DC (32-bit), Flags: Cmdre0, Thread: 0x1CFC (Main). 

--------------------------------------------------
Стек вызовов:

# 0 0x765BE740 in C:\Windows\System32\msvcrt.dll: strlen()

# 1 0x0041E9C5 in C:\Users\Иван\Documents\OneginModernModern\main.exe: main() at C:/Users/Иван/Documents/OneginModernModern/./main.cpp:45:

     43:     char** arrOfStrPtr = (char**) calloc(numLines, sizeof(char*));
     44:     convertTextIntoArrOfStrPtr(text, arrOfStrPtr, realSize);
=>   45:     printLines(arrOfStrPtr, numLines);
     46:     // if(arrOfStrPtr[numLines - 1][0] == '\0'){
     47:     //     printf("\nelem is 0\n");

--------------------------------------------------
Developed with:

The Dumb Artist Library (TX Library)
TXLib [Ver: 00173a, Rev: 175, Date: 2025-12-31 23:02:50 +0400]
Copyright (C) Ded (Ilya Dedinsky, http://txlib.ru) <mail@txlib.ru>
See license on: http://txlib.ru

TXLib file:	c:\users\иван\downloads\codeblocks\mingw\include\txlib.h
Compiled:	Sep 20 2026 18:10:37, GNU g++ 4.8.1, std=201103L, MinGW Runtime 3.20, 32-bit, Debug
Started:	Sep 20 2026 18:10:40

Run file:	C:\Users\Иван\Documents\OneginModernModern\main.exe
Directory:	C:\Users\Иван\Documents\OneginModernModern

--------------------------------------------------

--------------------------------------------------
TXLib предупреждает:

Программа: C:\Users\Иван\Documents\OneginModernModern\main.exe,

ВНЕЗАПНО: Нарушение доступа к памяти.

#1: Исключение EXCEPTION_ACCESS_VIOLATION (0xC0000005) при выполнении кода по адресу 0x765BE740 в функции strlen(). Попытка прочесть данные по адресу NULL в модуле C:\Windows\System32\msvcrt.dll. Спасибо _txUnhandledExceptionFilter(), что сообщил. Люблю его <3

#1: TXLib [Ver: 00173a, Rev: 175, Date: 2025-12-31 23:02:50 +0400], Instance: 0x004F71DC (32-bit), Flags: Cmdre0, Thread: 0x1154 (Main). 

--------------------------------------------------
Стек вызовов:

# 0 0x765BE740 in C:\Windows\System32\msvcrt.dll: strlen()

# 1 0x0041E9C5 in C:\Users\Иван\Documents\OneginModernModern\main.exe: main() at C:/Users/Иван/Documents/OneginModernModern/./main.cpp:45:

     43:     char** arrOfStrPtr = (char**) calloc(numLines, sizeof(char*));
     44:     convertTextIntoArrOfStrPtr(text, arrOfStrPtr, realSize);
=>   45:     printLines(arrOfStrPtr, numLines);
     46:     // if(arrOfStrPtr[numLines - 1][0] == '\0'){
     47:     //     printf("\nelem is 0\n");

--------------------------------------------------
Developed with:

The Dumb Artist Library (TX Library)
TXLib [Ver: 00173a, Rev: 175, Date: 2025-12-31 23:02:50 +0400]
Copyright (C) Ded (Ilya Dedinsky, http://txlib.ru) <mail@txlib.ru>
See license on: http://txlib.ru

TXLib file:	c:\users\иван\downloads\codeblocks\mingw\include\txlib.h
Compiled:	Sep 20 2026 18:14:23, GNU g++ 4.8.1, std=201103L, MinGW Runtime 3.20, 32-bit, Debug
Started:	Sep 20 2026 18:14:25

Run file:	C:\Users\Иван\Documents\OneginModernModern\main.exe
Directory:	C:\Users\Иван\Documents\OneginModernModern

--------------------------------------------------

--------------------------------------------------
TXLib соболезнует...

Программа: C:\Users\Иван\Documents\OneginModernModern\main.exe,

ВНЕЗАПНО: signal (11, 0x00): SIGSEGV: Доступ по неверному указателю. Ставьте ассерты! 

Нарушение доступа к памяти.

#1: Исключение EXCEPTION_ACCESS_VIOLATION (0xC0000005) при выполнении кода по адресу 0x765BE740 в функции strlen(). Попытка прочесть данные по адресу NULL в модуле C:\Windows\System32\msvcrt.dll. Спасибо _txUnhandledExceptionFilter(), что сообщил. Люблю его <3

С помощью функции signal() вы можете сами обработать эту ошибку.

#2: TXLib [Ver: 00173a, Rev: 175, Date: 2025-12-31 23:02:50 +0400], Instance: 0x004F71DC (32-bit), Flags: Cmdre0, Thread: 0x1154 (Main). 

--------------------------------------------------
Стек вызовов:

# 0 0x765BE740 in C:\Windows\System32\msvcrt.dll: strlen()

# 1 0x0041E9C5 in C:\Users\Иван\Documents\OneginModernModern\main.exe: main() at C:/Users/Иван/Documents/OneginModernModern/./main.cpp:45:

     43:     char** arrOfStrPtr = (char**) calloc(numLines, sizeof(char*));
     44:     convertTextIntoArrOfStrPtr(text, arrOfStrPtr, realSize);
=>   45:     printLines(arrOfStrPtr, numLines);
     46:     // if(arrOfStrPtr[numLines - 1][0] == '\0'){
     47:     //     printf("\nelem is 0\n");

--------------------------------------------------
Developed with:

The Dumb Artist Library (TX Library)
TXLib [Ver: 00173a, Rev: 175, Date: 2025-12-31 23:02:50 +0400]
Copyright (C) Ded (Ilya Dedinsky, http://txlib.ru) <mail@txlib.ru>
See license on: http://txlib.ru

TXLib file:	c:\users\иван\downloads\codeblocks\mingw\include\txlib.h
Compiled:	Sep 20 2026 18:14:23, GNU g++ 4.8.1, std=201103L, MinGW Runtime 3.20, 32-bit, Debug
Started:	Sep 20 2026 18:14:25

Run file:	C:\Users\Иван\Documents\OneginModernModern\main.exe
Directory:	C:\Users\Иван\Documents\OneginModernModern

--------------------------------------------------

--------------------------------------------------
TXLib предупреждает:

Программа: C:\Users\Иван\Documents\OneginModernModern\main.exe,

ВНЕЗАПНО: Нарушение доступа к памяти.

#1: Исключение EXCEPTION_ACCESS_VIOLATION (0xC0000005) при выполнении кода по адресу 0x765BE740 в функции strlen(). Попытка прочесть данные по адресу NULL в модуле C:\Windows\System32\msvcrt.dll. Спасибо _txUnhandledExceptionFilter(), что сообщил. Люблю его <3

#1: TXLib [Ver: 00173a, Rev: 175, Date: 2025-12-31 23:02:50 +0400], Instance: 0x004F71DC (32-bit), Flags: Cmdre0, Thread: 0x217C (Main). 

--------------------------------------------------
Стек вызовов:

# 0 0x765BE740 in C:\Windows\System32\msvcrt.dll: strlen()

# 1 0x0041E9C5 in C:\Users\Иван\Documents\OneginModernModern\main.exe: main() at C:/Users/Иван/Documents/OneginModernModern/./main.cpp:45:

     43:     char** arrOfStrPtr = (char**) calloc(numLines, sizeof(char*));
     44:     convertTextIntoArrOfStrPtr(text, arrOfStrPtr, realSize);
=>   45:     printLines(arrOfStrPtr, numLines);
     46:     // if(arrOfStrPtr[numLines - 1][0] == '\0'){
     47:     //     printf("\nelem is 0\n");

--------------------------------------------------
Developed with:

The Dumb Artist Library (TX Library)
TXLib [Ver: 00173a, Rev: 175, Date: 2025-12-31 23:02:50 +0400]
Copyright (C) Ded (Ilya Dedinsky, http://txlib.ru) <mail@txlib.ru>
See license on: http://txlib.ru

TXLib file:	c:\users\иван\downloads\codeblocks\mingw\include\txlib.h
Compiled:	Sep 20 2026 18:17:37, GNU g++ 4.8.1, std=201103L, MinGW Runtime 3.20, 32-bit, Debug
Started:	Sep 20 2026 18:17:39

Run file:	C:\Users\Иван\Documents\OneginModernModern\main.exe
Directory:	C:\Users\Иван\Documents\OneginModernModern

--------------------------------------------------

--------------------------------------------------
TXLib соболезнует...

Программа: C:\Users\Иван\Documents\OneginModernModern\main.exe,

ВНЕЗАПНО: signal (11, 0x00): SIGSEGV: Доступ по неверному указателю. Ставьте ассерты! 

Нарушение доступа к памяти.

#1: Исключение EXCEPTION_ACCESS_VIOLATION (0xC0000005) при выполнении кода по адресу 0x765BE740 в функции strlen(). Попытка прочесть данные по адресу NULL в модуле C:\Windows\System32\msvcrt.dll. Спасибо _txUnhandledExceptionFilter(), что сообщил. Люблю его <3

С помощью функции signal() вы можете сами обработать эту ошибку.

#2: TXLib [Ver: 00173a, Rev: 175, Date: 2025-12-31 23:02:50 +0400], Instance: 0x004F71DC (32-bit), Flags: Cmdre0, Thread: 0x217C (Main). 

--------------------------------------------------
Стек вызовов:

# 0 0x765BE740 in C:\Windows\System32\msvcrt.dll: strlen()

# 1 0x0041E9C5 in C:\Users\Иван\Documents\OneginModernModern\main.exe: main() at C:/Users/Иван/Documents/OneginModernModern/./main.cpp:45:

     43:     char** arrOfStrPtr = (char**) calloc(numLines, sizeof(char*));
     44:     convertTextIntoArrOfStrPtr(text, arrOfStrPtr, realSize);
=>   45:     printLines(arrOfStrPtr, numLines);
     46:     // if(arrOfStrPtr[numLines - 1][0] == '\0'){
     47:     //     printf("\nelem is 0\n");

--------------------------------------------------
Developed with:

The Dumb Artist Library (TX Library)
TXLib [Ver: 00173a, Rev: 175, Date: 2025-12-31 23:02:50 +0400]
Copyright (C) Ded (Ilya Dedinsky, http://txlib.ru) <mail@txlib.ru>
See license on: http://txlib.ru

TXLib file:	c:\users\иван\downloads\codeblocks\mingw\include\txlib.h
Compiled:	Sep 20 2026 18:17:37, GNU g++ 4.8.1, std=201103L, MinGW Runtime 3.20, 32-bit, Debug
Started:	Sep 20 2026 18:17:39

Run file:	C:\Users\Иван\Documents\OneginModernModern\main.exe
Directory:	C:\Users\Иван\Documents\OneginModernModern

--------------------------------------------------

--------------------------------------------------
TXLib предупреждает:

Программа: C:\Users\Иван\Documents\OneginModernModern\main.exe,

ВНЕЗАПНО: Нарушение доступа к памяти.

#1: Исключение EXCEPTION_ACCESS_VIOLATION (0xC0000005) при выполнении кода по адресу 0x765BE740 в функции strlen(). Попытка прочесть данные по адресу NULL в модуле C:\Windows\System32\msvcrt.dll. Спасибо _txUnhandledExceptionFilter(), что сообщил. Люблю его <3

#1: TXLib [Ver: 00173a, Rev: 175, Date: 2025-12-31 23:02:50 +0400], Instance: 0x004F71DC (32-bit), Flags: Cmdre0, Thread: 0x3518 (Main). 

--------------------------------------------------
Стек вызовов:

# 0 0x765BE740 in C:\Windows\System32\msvcrt.dll: strlen()

# 1 0x0041E9C5 in C:\Users\Иван\Documents\OneginModernModern\main.exe: main() at C:/Users/Иван/Documents/OneginModernModern/./main.cpp:45:

     43:     char** arrOfStrPtr = (char**) calloc(numLines, sizeof(char*));
     44:     convertTextIntoArrOfStrPtr(text, arrOfStrPtr, realSize);
=>   45:     printLines(arrOfStrPtr, numLines);
     46:     // if(arrOfStrPtr[numLines - 1][0] == '\0'){
     47:     //     printf("\nelem is 0\n");

--------------------------------------------------
Developed with:

The Dumb Artist Library (TX Library)
TXLib [Ver: 00173a, Rev: 175, Date: 2025-12-31 23:02:50 +0400]
Copyright (C) Ded (Ilya Dedinsky, http://txlib.ru) <mail@txlib.ru>
See license on: http://txlib.ru

TXLib file:	c:\users\иван\downloads\codeblocks\mingw\include\txlib.h
Compiled:	Sep 20 2026 18:18:15, GNU g++ 4.8.1, std=201103L, MinGW Runtime 3.20, 32-bit, Debug
Started:	Sep 20 2026 18:18:18

Run file:	C:\Users\Иван\Documents\OneginModernModern\main.exe
Directory:	C:\Users\Иван\Documents\OneginModernModern

--------------------------------------------------

--------------------------------------------------
TXLib соболезнует...

Программа: C:\Users\Иван\Documents\OneginModernModern\main.exe,

ВНЕЗАПНО: signal (11, 0x00): SIGSEGV: Доступ по неверному указателю. Ставьте ассерты! 

Нарушение доступа к памяти.

#1: Исключение EXCEPTION_ACCESS_VIOLATION (0xC0000005) при выполнении кода по адресу 0x765BE740 в функции strlen(). Попытка прочесть данные по адресу NULL в модуле C:\Windows\System32\msvcrt.dll. Спасибо _txUnhandledExceptionFilter(), что сообщил. Люблю его <3

С помощью функции signal() вы можете сами обработать эту ошибку.

#2: TXLib [Ver: 00173a, Rev: 175, Date: 2025-12-31 23:02:50 +0400], Instance: 0x004F71DC (32-bit), Flags: Cmdre0, Thread: 0x3518 (Main). 

--------------------------------------------------
Стек вызовов:

# 0 0x765BE740 in C:\Windows\System32\msvcrt.dll: strlen()

# 1 0x0041E9C5 in C:\Users\Иван\Documents\OneginModernModern\main.exe: main() at C:/Users/Иван/Documents/OneginModernModern/./main.cpp:45:

     43:     char** arrOfStrPtr = (char**) calloc(numLines, sizeof(char*));
     44:     convertTextIntoArrOfStrPtr(text, arrOfStrPtr, realSize);
=>   45:     printLines(arrOfStrPtr, numLines);
     46:     // if(arrOfStrPtr[numLines - 1][0] == '\0'){
     47:     //     printf("\nelem is 0\n");

--------------------------------------------------
Developed with:

The Dumb Artist Library (TX Library)
TXLib [Ver: 00173a, Rev: 175, Date: 2025-12-31 23:02:50 +0400]
Copyright (C) Ded (Ilya Dedinsky, http://txlib.ru) <mail@txlib.ru>
See license on: http://txlib.ru

TXLib file:	c:\users\иван\downloads\codeblocks\mingw\include\txlib.h
Compiled:	Sep 20 2026 18:18:15, GNU g++ 4.8.1, std=201103L, MinGW Runtime 3.20, 32-bit, Debug
Started:	Sep 20 2026 18:18:18

Run file:	C:\Users\Иван\Documents\OneginModernModern\main.exe
Directory:	C:\Users\Иван\Documents\OneginModernModern

--------------------------------------------------

--------------------------------------------------
TXLib соболезнует...

Программа: C:\Users\Иван\Documents\OneginModernModern\main.exe, файл: .\main.cpp, строка: 215, функция: void printLines(char**, size_t),

Сообщение: ВНЕЗАПНО: Логическая ошибка: Неверно, что "arrOfStrPtr[i] != __null".

#1: TXLib [Ver: 00173a, Rev: 175, Date: 2025-12-31 23:02:50 +0400], Instance: 0x004F71DC (32-bit), Flags: Cmdre0, Thread: 0x978 (Main). 

--------------------------------------------------
Стек вызовов:

# 0 0x0041EF53 in C:\Users\Иван\Documents\OneginModernModern\main.exe: printLines() at C:/Users/Иван/Documents/OneginModernModern/./main.cpp:215:

    213: void printLines(char** arrOfStrPtr, size_t numLines){
    214:     for(int i = 0; i < numLines; i++){
=>  215:         assert(arrOfStrPtr[i] != NULL);
    216:         size_t lengthOfElemArrOfStrPtr = strlen(arrOfStrPtr[i]);
    217:         printf("%d\n", lengthOfElemArrOfStrPtr);

# 1 0x0041E9C5 in C:\Users\Иван\Documents\OneginModernModern\main.exe: main() at C:/Users/Иван/Documents/OneginModernModern/./main.cpp:45:

     43:     char** arrOfStrPtr = (char**) calloc(numLines, sizeof(char*));
     44:     convertTextIntoArrOfStrPtr(text, arrOfStrPtr, realSize);
=>   45:     printLines(arrOfStrPtr, numLines);
     46:     // if(arrOfStrPtr[numLines - 1][0] == '\0'){
     47:     //     printf("\nelem is 0\n");

--------------------------------------------------
Developed with:

The Dumb Artist Library (TX Library)
TXLib [Ver: 00173a, Rev: 175, Date: 2025-12-31 23:02:50 +0400]
Copyright (C) Ded (Ilya Dedinsky, http://txlib.ru) <mail@txlib.ru>
See license on: http://txlib.ru

TXLib file:	c:\users\иван\downloads\codeblocks\mingw\include\txlib.h
Compiled:	Sep 20 2026 18:19:22, GNU g++ 4.8.1, std=201103L, MinGW Runtime 3.20, 32-bit, Debug
Started:	Sep 20 2026 18:19:25

Run file:	C:\Users\Иван\Documents\OneginModernModern\main.exe
Directory:	C:\Users\Иван\Documents\OneginModernModern

--------------------------------------------------

--------------------------------------------------
TXLib соболезнует...

Программа: C:\Users\Иван\Documents\OneginModernModern\main.exe, файл: .\main.cpp, строка: 216, функция: void printLines(char**, size_t),

Сообщение: ВНЕЗАПНО: Логическая ошибка: Неверно, что "arrOfStrPtr[i] != __null".

#1: TXLib [Ver: 00173a, Rev: 175, Date: 2025-12-31 23:02:50 +0400], Instance: 0x004F71DC (32-bit), Flags: Cmdre0, Thread: 0x284C (Main). 

--------------------------------------------------
Стек вызовов:

# 0 0x0041EF66 in C:\Users\Иван\Documents\OneginModernModern\main.exe: printLines() at C:/Users/Иван/Documents/OneginModernModern/./main.cpp:216:

    214:     for(int i = 0; i < numLines; i++){
    215:         printf("\n%d\n", i);
=>  216:         assert(arrOfStrPtr[i] != NULL);
    217:         size_t lengthOfElemArrOfStrPtr = strlen(arrOfStrPtr[i]);
    218:         printf("%d\n", lengthOfElemArrOfStrPtr);

# 1 0x0041E9C5 in C:\Users\Иван\Documents\OneginModernModern\main.exe: main() at C:/Users/Иван/Documents/OneginModernModern/./main.cpp:45:

     43:     char** arrOfStrPtr = (char**) calloc(numLines, sizeof(char*));
     44:     convertTextIntoArrOfStrPtr(text, arrOfStrPtr, realSize);
=>   45:     printLines(arrOfStrPtr, numLines);
     46:     // if(arrOfStrPtr[numLines - 1][0] == '\0'){
     47:     //     printf("\nelem is 0\n");

--------------------------------------------------
Developed with:

The Dumb Artist Library (TX Library)
TXLib [Ver: 00173a, Rev: 175, Date: 2025-12-31 23:02:50 +0400]
Copyright (C) Ded (Ilya Dedinsky, http://txlib.ru) <mail@txlib.ru>
See license on: http://txlib.ru

TXLib file:	c:\users\иван\downloads\codeblocks\mingw\include\txlib.h
Compiled:	Sep 20 2026 18:20:03, GNU g++ 4.8.1, std=201103L, MinGW Runtime 3.20, 32-bit, Debug
Started:	Sep 20 2026 18:20:05

Run file:	C:\Users\Иван\Documents\OneginModernModern\main.exe
Directory:	C:\Users\Иван\Documents\OneginModernModern

--------------------------------------------------

--------------------------------------------------
TXLib соболезнует...

Программа: C:\Users\Иван\Documents\OneginModernModern\main.exe, файл: .\main.cpp, строка: 217, функция: void printLines(char**, size_t),

Сообщение: ВНЕЗАПНО: Логическая ошибка: Неверно, что "arrOfStrPtr[i] != __null".

#1: TXLib [Ver: 00173a, Rev: 175, Date: 2025-12-31 23:02:50 +0400], Instance: 0x004F71DC (32-bit), Flags: Cmdre0, Thread: 0x238 (Main). 

--------------------------------------------------
Стек вызовов:

# 0 0x0041EF80 in C:\Users\Иван\Documents\OneginModernModern\main.exe: printLines() at C:/Users/Иван/Documents/OneginModernModern/./main.cpp:217:

    215:     for(int i = 0; i < numLines; i++){
    216:         printf("\n%d\n", i);
=>  217:         assert(arrOfStrPtr[i] != NULL);
    218:         size_t lengthOfElemArrOfStrPtr = strlen(arrOfStrPtr[i]);
    219:         printf("%d\n", lengthOfElemArrOfStrPtr);

# 1 0x0041E9C5 in C:\Users\Иван\Documents\OneginModernModern\main.exe: main() at C:/Users/Иван/Documents/OneginModernModern/./main.cpp:45:

     43:     char** arrOfStrPtr = (char**) calloc(numLines, sizeof(char*));
     44:     convertTextIntoArrOfStrPtr(text, arrOfStrPtr, realSize);
=>   45:     printLines(arrOfStrPtr, numLines);
     46:     // if(arrOfStrPtr[numLines - 1][0] == '\0'){
     47:     //     printf("\nelem is 0\n");

--------------------------------------------------
Developed with:

The Dumb Artist Library (TX Library)
TXLib [Ver: 00173a, Rev: 175, Date: 2025-12-31 23:02:50 +0400]
Copyright (C) Ded (Ilya Dedinsky, http://txlib.ru) <mail@txlib.ru>
See license on: http://txlib.ru

TXLib file:	c:\users\иван\downloads\codeblocks\mingw\include\txlib.h
Compiled:	Sep 20 2026 18:23:38, GNU g++ 4.8.1, std=201103L, MinGW Runtime 3.20, 32-bit, Debug
Started:	Sep 20 2026 18:23:41

Run file:	C:\Users\Иван\Documents\OneginModernModern\main.exe
Directory:	C:\Users\Иван\Documents\OneginModernModern

--------------------------------------------------

--------------------------------------------------
TXLib соболезнует...

Программа: C:\Users\Иван\Documents\OneginModernModern\main.exe, файл: .\main.cpp, строка: 217, функция: void printLines(char**, size_t),

Сообщение: ВНЕЗАПНО: Логическая ошибка: Неверно, что "arrOfStrPtr[i] != __null".

#1: TXLib [Ver: 00173a, Rev: 175, Date: 2025-12-31 23:02:50 +0400], Instance: 0x004F71DC (32-bit), Flags: Cmdre0, Thread: 0xD58 (Main). 

--------------------------------------------------
Стек вызовов:

# 0 0x0041EF80 in C:\Users\Иван\Documents\OneginModernModern\main.exe: printLines() at C:/Users/Иван/Documents/OneginModernModern/./main.cpp:217:

    215:     for(int i = 0; i < numLines; i++){
    216:         printf("\n%d\n", i);
=>  217:         assert(arrOfStrPtr[i] != NULL);
    218:         size_t lengthOfElemArrOfStrPtr = strlen(arrOfStrPtr[i]);
    219:         printf("%d\n", lengthOfElemArrOfStrPtr);

# 1 0x0041E9C5 in C:\Users\Иван\Documents\OneginModernModern\main.exe: main() at C:/Users/Иван/Documents/OneginModernModern/./main.cpp:45:

     43:     char** arrOfStrPtr = (char**) calloc(numLines, sizeof(char*));
     44:     convertTextIntoArrOfStrPtr(text, arrOfStrPtr, realSize);
=>   45:     printLines(arrOfStrPtr, numLines);
     46:     // if(arrOfStrPtr[numLines - 1][0] == '\0'){
     47:     //     printf("\nelem is 0\n");

--------------------------------------------------
Developed with:

The Dumb Artist Library (TX Library)
TXLib [Ver: 00173a, Rev: 175, Date: 2025-12-31 23:02:50 +0400]
Copyright (C) Ded (Ilya Dedinsky, http://txlib.ru) <mail@txlib.ru>
See license on: http://txlib.ru

TXLib file:	c:\users\иван\downloads\codeblocks\mingw\include\txlib.h
Compiled:	Sep 20 2026 18:23:57, GNU g++ 4.8.1, std=201103L, MinGW Runtime 3.20, 32-bit, Debug
Started:	Sep 20 2026 18:23:59

Run file:	C:\Users\Иван\Documents\OneginModernModern\main.exe
Directory:	C:\Users\Иван\Documents\OneginModernModern

--------------------------------------------------

--------------------------------------------------
TXLib соболезнует...

Программа: C:\Users\Иван\Documents\OneginModernModern\main.exe, файл: .\main.cpp, строка: 218, функция: void printLines(char**, size_t),

Сообщение: ВНЕЗАПНО: Логическая ошибка: Неверно, что "arrOfStrPtr[i] != __null".

#1: TXLib [Ver: 00173a, Rev: 175, Date: 2025-12-31 23:02:50 +0400], Instance: 0x004F71DC (32-bit), Flags: Cmdre0, Thread: 0xFDC (Main). 

--------------------------------------------------
Стек вызовов:

# 0 0x0041EF9A in C:\Users\Иван\Documents\OneginModernModern\main.exe: printLines() at C:/Users/Иван/Documents/OneginModernModern/./main.cpp:218:

    216:     for(int i = 0; i < numLines; i++){
    217:         printf("\n%d\n", i);
=>  218:         assert(arrOfStrPtr[i] != NULL);
    219:         size_t lengthOfElemArrOfStrPtr = strlen(arrOfStrPtr[i]);
    220:         printf("%d\n", lengthOfElemArrOfStrPtr);

# 1 0x0041E9C5 in C:\Users\Иван\Documents\OneginModernModern\main.exe: main() at C:/Users/Иван/Documents/OneginModernModern/./main.cpp:45:

     43:     char** arrOfStrPtr = (char**) calloc(numLines, sizeof(char*));
     44:     convertTextIntoArrOfStrPtr(text, arrOfStrPtr, realSize);
=>   45:     printLines(arrOfStrPtr, numLines);
     46:     // if(arrOfStrPtr[numLines - 1][0] == '\0'){
     47:     //     printf("\nelem is 0\n");

--------------------------------------------------
Developed with:

The Dumb Artist Library (TX Library)
TXLib [Ver: 00173a, Rev: 175, Date: 2025-12-31 23:02:50 +0400]
Copyright (C) Ded (Ilya Dedinsky, http://txlib.ru) <mail@txlib.ru>
See license on: http://txlib.ru

TXLib file:	c:\users\иван\downloads\codeblocks\mingw\include\txlib.h
Compiled:	Sep 20 2026 18:25:26, GNU g++ 4.8.1, std=201103L, MinGW Runtime 3.20, 32-bit, Debug
Started:	Sep 20 2026 18:25:29

Run file:	C:\Users\Иван\Documents\OneginModernModern\main.exe
Directory:	C:\Users\Иван\Documents\OneginModernModern

--------------------------------------------------

--------------------------------------------------
TXLib соболезнует...

Программа: C:\Users\Иван\Documents\OneginModernModern\main.exe, файл: .\main.cpp, строка: 218, функция: void printLines(char**, size_t),

Сообщение: ВНЕЗАПНО: Логическая ошибка: Неверно, что "arrOfStrPtr[i] != __null".

#1: TXLib [Ver: 00173a, Rev: 175, Date: 2025-12-31 23:02:50 +0400], Instance: 0x004F71DC (32-bit), Flags: Cmdre0, Thread: 0x21EC (Main). 

--------------------------------------------------
Стек вызовов:

# 0 0x0041EF9D in C:\Users\Иван\Documents\OneginModernModern\main.exe: printLines() at C:/Users/Иван/Documents/OneginModernModern/./main.cpp:218:

    216:     for(int i = 0; i < numLines; i++){
    217:         printf("\n%d\n", i);
=>  218:         assert(arrOfStrPtr[i] != NULL);
    219:         size_t lengthOfElemArrOfStrPtr = strlen(arrOfStrPtr[i]);
    220:         printf("%d\n", lengthOfElemArrOfStrPtr);

# 1 0x0041E9C5 in C:\Users\Иван\Documents\OneginModernModern\main.exe: main() at C:/Users/Иван/Documents/OneginModernModern/./main.cpp:45:

     43:     char** arrOfStrPtr = (char**) calloc(numLines, sizeof(char*));
     44:     convertTextIntoArrOfStrPtr(text, arrOfStrPtr, realSize);
=>   45:     printLines(arrOfStrPtr, numLines);
     46:     // if(arrOfStrPtr[numLines - 1][0] == '\0'){
     47:     //     printf("\nelem is 0\n");

--------------------------------------------------
Developed with:

The Dumb Artist Library (TX Library)
TXLib [Ver: 00173a, Rev: 175, Date: 2025-12-31 23:02:50 +0400]
Copyright (C) Ded (Ilya Dedinsky, http://txlib.ru) <mail@txlib.ru>
See license on: http://txlib.ru

TXLib file:	c:\users\иван\downloads\codeblocks\mingw\include\txlib.h
Compiled:	Sep 20 2026 18:27:58, GNU g++ 4.8.1, std=201103L, MinGW Runtime 3.20, 32-bit, Debug
Started:	Sep 20 2026 18:28:00

Run file:	C:\Users\Иван\Documents\OneginModernModern\main.exe
Directory:	C:\Users\Иван\Documents\OneginModernModern

--------------------------------------------------

--------------------------------------------------
TXLib соболезнует...

Программа: C:\Users\Иван\Documents\OneginModernModern\main.exe, файл: .\main.cpp, строка: 218, функция: void printLines(char**, size_t),

Сообщение: ВНЕЗАПНО: Логическая ошибка: Неверно, что "arrOfStrPtr[i] != __null".

#1: TXLib [Ver: 00173a, Rev: 175, Date: 2025-12-31 23:02:50 +0400], Instance: 0x004F71DC (32-bit), Flags: Cmdre0, Thread: 0x31BC (Main). 

--------------------------------------------------
Стек вызовов:

# 0 0x0041EF9A in C:\Users\Иван\Documents\OneginModernModern\main.exe: printLines() at C:/Users/Иван/Documents/OneginModernModern/./main.cpp:218:

    216:     for(int i = 0; i < numLines; i++){
    217:         printf("\n%d\n", i);
=>  218:         assert(arrOfStrPtr[i] != NULL);
    219:         size_t lengthOfElemArrOfStrPtr = strlen(arrOfStrPtr[i]);
    220:         printf("%d\n", lengthOfElemArrOfStrPtr);

# 1 0x0041E9C5 in C:\Users\Иван\Documents\OneginModernModern\main.exe: main() at C:/Users/Иван/Documents/OneginModernModern/./main.cpp:45:

     43:     char** arrOfStrPtr = (char**) calloc(numLines, sizeof(char*));
     44:     convertTextIntoArrOfStrPtr(text, arrOfStrPtr, realSize);
=>   45:     printLines(arrOfStrPtr, numLines);
     46:     // if(arrOfStrPtr[numLines - 1][0] == '\0'){
     47:     //     printf("\nelem is 0\n");

--------------------------------------------------
Developed with:

The Dumb Artist Library (TX Library)
TXLib [Ver: 00173a, Rev: 175, Date: 2025-12-31 23:02:50 +0400]
Copyright (C) Ded (Ilya Dedinsky, http://txlib.ru) <mail@txlib.ru>
See license on: http://txlib.ru

TXLib file:	c:\users\иван\downloads\codeblocks\mingw\include\txlib.h
Compiled:	Sep 20 2026 18:31:22, GNU g++ 4.8.1, std=201103L, MinGW Runtime 3.20, 32-bit, Debug
Started:	Sep 20 2026 18:31:24

Run file:	C:\Users\Иван\Documents\OneginModernModern\main.exe
Directory:	C:\Users\Иван\Documents\OneginModernModern

--------------------------------------------------

--------------------------------------------------
TXLib соболезнует...

Программа: C:\Users\Иван\Documents\OneginModernModern\main.exe, файл: .\main.cpp, строка: 218, функция: void printLines(char**, size_t),

Сообщение: ВНЕЗАПНО: Логическая ошибка: Неверно, что "arrOfStrPtr[i] != __null".

#1: TXLib [Ver: 00173a, Rev: 175, Date: 2025-12-31 23:02:50 +0400], Instance: 0x004F71DC (32-bit), Flags: Cmdre0, Thread: 0x3E98 (Main). 

--------------------------------------------------
Стек вызовов:

# 0 0x0041EF9A in C:\Users\Иван\Documents\OneginModernModern\main.exe: printLines() at C:/Users/Иван/Documents/OneginModernModern/./main.cpp:218:

    216:     for(int i = 0; i < numLines; i++){
    217:         printf("\n%d\n", i);
=>  218:         assert(arrOfStrPtr[i] != NULL);
    219:         size_t lengthOfElemArrOfStrPtr = strlen(arrOfStrPtr[i]);
    220:         printf("%d\n", lengthOfElemArrOfStrPtr);

# 1 0x0041E9C5 in C:\Users\Иван\Documents\OneginModernModern\main.exe: main() at C:/Users/Иван/Documents/OneginModernModern/./main.cpp:45:

     43:     char** arrOfStrPtr = (char**) calloc(numLines, sizeof(char*));
     44:     convertTextIntoArrOfStrPtr(text, arrOfStrPtr, realSize);
=>   45:     printLines(arrOfStrPtr, numLines);
     46:     // if(arrOfStrPtr[numLines - 1][0] == '\0'){
     47:     //     printf("\nelem is 0\n");

--------------------------------------------------
Developed with:

The Dumb Artist Library (TX Library)
TXLib [Ver: 00173a, Rev: 175, Date: 2025-12-31 23:02:50 +0400]
Copyright (C) Ded (Ilya Dedinsky, http://txlib.ru) <mail@txlib.ru>
See license on: http://txlib.ru

TXLib file:	c:\users\иван\downloads\codeblocks\mingw\include\txlib.h
Compiled:	Sep 20 2026 18:34:42, GNU g++ 4.8.1, std=201103L, MinGW Runtime 3.20, 32-bit, Debug
Started:	Sep 20 2026 18:34:44

Run file:	C:\Users\Иван\Documents\OneginModernModern\main.exe
Directory:	C:\Users\Иван\Documents\OneginModernModern

--------------------------------------------------

--------------------------------------------------
TXLib соболезнует...

Программа: C:\Users\Иван\Documents\OneginModernModern\main.exe, файл: .\main.cpp, строка: 219, функция: void printLines(char**, size_t),

Сообщение: ВНЕЗАПНО: Логическая ошибка: Неверно, что "arrOfStrPtr[i] != __null".

#1: TXLib [Ver: 00173a, Rev: 175, Date: 2025-12-31 23:02:50 +0400], Instance: 0x004F71DC (32-bit), Flags: Cmdre0, Thread: 0x314C (Main). 

--------------------------------------------------
Стек вызовов:

# 0 0x0041EFA6 in C:\Users\Иван\Documents\OneginModernModern\main.exe: printLines() at C:/Users/Иван/Documents/OneginModernModern/./main.cpp:219:

    217:     for(int i = 0; i < numLines; i++){
    218:         printf("\n%d\n", i);
=>  219:         assert(arrOfStrPtr[i] != NULL);
    220:         size_t lengthOfElemArrOfStrPtr = strlen(arrOfStrPtr[i]);
    221:         printf("%d\n", lengthOfElemArrOfStrPtr);

# 1 0x0041E9C5 in C:\Users\Иван\Documents\OneginModernModern\main.exe: main() at C:/Users/Иван/Documents/OneginModernModern/./main.cpp:45:

     43:     char** arrOfStrPtr = (char**) calloc(numLines, sizeof(char*));
     44:     convertTextIntoArrOfStrPtr(text, arrOfStrPtr, realSize);
=>   45:     printLines(arrOfStrPtr, numLines);
     46:     // if(arrOfStrPtr[numLines - 1][0] == '\0'){
     47:     //     printf("\nelem is 0\n");

--------------------------------------------------
Developed with:

The Dumb Artist Library (TX Library)
TXLib [Ver: 00173a, Rev: 175, Date: 2025-12-31 23:02:50 +0400]
Copyright (C) Ded (Ilya Dedinsky, http://txlib.ru) <mail@txlib.ru>
See license on: http://txlib.ru

TXLib file:	c:\users\иван\downloads\codeblocks\mingw\include\txlib.h
Compiled:	Sep 20 2026 18:35:42, GNU g++ 4.8.1, std=201103L, MinGW Runtime 3.20, 32-bit, Debug
Started:	Sep 20 2026 18:35:44

Run file:	C:\Users\Иван\Documents\OneginModernModern\main.exe
Directory:	C:\Users\Иван\Documents\OneginModernModern

--------------------------------------------------

--------------------------------------------------
TXLib соболезнует...

Программа: C:\Users\Иван\Documents\OneginModernModern\main.exe, файл: .\main.cpp, строка: 219, функция: void printLines(char**, size_t),

Сообщение: ВНЕЗАПНО: Логическая ошибка: Неверно, что "arrOfStrPtr[i] != __null".

#1: TXLib [Ver: 00173a, Rev: 175, Date: 2025-12-31 23:02:50 +0400], Instance: 0x004F71DC (32-bit), Flags: Cmdre0, Thread: 0x4750 (Main). 

--------------------------------------------------
Стек вызовов:

# 0 0x0041EFA6 in C:\Users\Иван\Documents\OneginModernModern\main.exe: printLines() at C:/Users/Иван/Documents/OneginModernModern/./main.cpp:219:

    217:     for(int i = 0; i < numLines; i++){
    218:         printf("\n%d\n", i);
=>  219:         assert(arrOfStrPtr[i] != NULL);
    220:         size_t lengthOfElemArrOfStrPtr = strlen(arrOfStrPtr[i]);
    221:         printf("%d\n", lengthOfElemArrOfStrPtr);

# 1 0x0041E9C5 in C:\Users\Иван\Documents\OneginModernModern\main.exe: main() at C:/Users/Иван/Documents/OneginModernModern/./main.cpp:45:

     43:     char** arrOfStrPtr = (char**) calloc(numLines, sizeof(char*));
     44:     convertTextIntoArrOfStrPtr(text, arrOfStrPtr, realSize);
=>   45:     printLines(arrOfStrPtr, numLines);
     46:     // if(arrOfStrPtr[numLines - 1][0] == '\0'){
     47:     //     printf("\nelem is 0\n");

--------------------------------------------------
Developed with:

The Dumb Artist Library (TX Library)
TXLib [Ver: 00173a, Rev: 175, Date: 2025-12-31 23:02:50 +0400]
Copyright (C) Ded (Ilya Dedinsky, http://txlib.ru) <mail@txlib.ru>
See license on: http://txlib.ru

TXLib file:	c:\users\иван\downloads\codeblocks\mingw\include\txlib.h
Compiled:	Sep 20 2026 18:37:53, GNU g++ 4.8.1, std=201103L, MinGW Runtime 3.20, 32-bit, Debug
Started:	Sep 20 2026 18:37:55

Run file:	C:\Users\Иван\Documents\OneginModernModern\main.exe
Directory:	C:\Users\Иван\Documents\OneginModernModern

--------------------------------------------------

--------------------------------------------------
TXLib соболезнует...

Программа: C:\Users\Иван\Documents\OneginModernModern\main.exe, файл: .\main.cpp, строка: 116, функция: void printLines(char**, size_t),

Сообщение: ВНЕЗАПНО: Логическая ошибка: Неверно, что "arrOfStrPtr[i] != __null".

#1: TXLib [Ver: 00173a, Rev: 175, Date: 2025-12-31 23:02:50 +0400], Instance: 0x004F61DC (32-bit), Flags: Cmdre0, Thread: 0x3B7C (Main). 

--------------------------------------------------
Стек вызовов:

# 0 0x0041EB71 in C:\Users\Иван\Documents\OneginModernModern\main.exe: printLines() at C:/Users/Иван/Documents/OneginModernModern/./main.cpp:116:

    114:     for(int i = 0; i < numLines; i++){
    115:         printf("\n%d\n", i);
=>  116:         assert(arrOfStrPtr[i] != NULL);
    117:         size_t lengthOfElemArrOfStrPtr = strlen(arrOfStrPtr[i]);
    118:         printf("%d\n", lengthOfElemArrOfStrPtr);

# 1 0x0041E9D8 in C:\Users\Иван\Documents\OneginModernModern\main.exe: main() at C:/Users/Иван/Documents/OneginModernModern/./main.cpp:46:

     44:     char** arrOfStrPtr = (char**) calloc(numLines, sizeof(char*));
     45:     convertTextIntoArrOfStrPtr(text, arrOfStrPtr, realSize);
=>   46:     printLines(arrOfStrPtr, numLines);
     47:     // if(arrOfStrPtr[numLines - 1][0] == '\0'){
     48:     //     printf("\nelem is 0\n");

--------------------------------------------------
Developed with:

The Dumb Artist Library (TX Library)
TXLib [Ver: 00173a, Rev: 175, Date: 2025-12-31 23:02:50 +0400]
Copyright (C) Ded (Ilya Dedinsky, http://txlib.ru) <mail@txlib.ru>
See license on: http://txlib.ru

TXLib file:	c:\users\иван\downloads\codeblocks\mingw\include\txlib.h
Compiled:	Sep 20 2026 18:45:54, GNU g++ 4.8.1, std=201103L, MinGW Runtime 3.20, 32-bit, Debug
Started:	Sep 20 2026 18:45:56

Run file:	C:\Users\Иван\Documents\OneginModernModern\main.exe
Directory:	C:\Users\Иван\Documents\OneginModernModern

--------------------------------------------------

--------------------------------------------------
TXLib соболезнует...

Программа: C:\Users\Иван\Documents\OneginModernModern\main.exe, файл: .\main.cpp, строка: 116, функция: void printLines(char**, size_t),

Сообщение: ВНЕЗАПНО: Логическая ошибка: Неверно, что "arrOfStrPtr[i] != __null".

#1: TXLib [Ver: 00173a, Rev: 175, Date: 2025-12-31 23:02:50 +0400], Instance: 0x004F61DC (32-bit), Flags: Cmdre0, Thread: 0x2040 (Main). 

--------------------------------------------------
Стек вызовов:

# 0 0x0041EB76 in C:\Users\Иван\Documents\OneginModernModern\main.exe: printLines() at C:/Users/Иван/Documents/OneginModernModern/./main.cpp:116:

    114:     for(int i = 0; i < numLines; i++){
    115:         printf("\n%d\n", i);
=>  116:         assert(arrOfStrPtr[i] != NULL);
    117:         size_t lengthOfElemArrOfStrPtr = strlen(arrOfStrPtr[i]);
    118:         printf("%d\n", lengthOfElemArrOfStrPtr);

# 1 0x0041E9D8 in C:\Users\Иван\Documents\OneginModernModern\main.exe: main() at C:/Users/Иван/Documents/OneginModernModern/./main.cpp:46:

     44:     char** arrOfStrPtr = (char**) calloc(numLines, sizeof(char*));
     45:     convertTextIntoArrOfStrPtr(text, arrOfStrPtr, realSize);
=>   46:     printLines(arrOfStrPtr, numLines);
     47:     // if(arrOfStrPtr[numLines - 1][0] == '\0'){
     48:     //     printf("\nelem is 0\n");

--------------------------------------------------
Developed with:

The Dumb Artist Library (TX Library)
TXLib [Ver: 00173a, Rev: 175, Date: 2025-12-31 23:02:50 +0400]
Copyright (C) Ded (Ilya Dedinsky, http://txlib.ru) <mail@txlib.ru>
See license on: http://txlib.ru

TXLib file:	c:\users\иван\downloads\codeblocks\mingw\include\txlib.h
Compiled:	Sep 20 2026 18:47:40, GNU g++ 4.8.1, std=201103L, MinGW Runtime 3.20, 32-bit, Debug
Started:	Sep 20 2026 18:47:42

Run file:	C:\Users\Иван\Documents\OneginModernModern\main.exe
Directory:	C:\Users\Иван\Documents\OneginModernModern

--------------------------------------------------

--------------------------------------------------
TXLib соболезнует...

Программа: C:\Users\Иван\Documents\OneginModernModern\main.exe, файл: .\main.cpp, строка: 118, функция: void printLines(char**, size_t),

Сообщение: ВНЕЗАПНО: Логическая ошибка: Неверно, что "arrOfStrPtr[i] != __null".

#1: TXLib [Ver: 00173a, Rev: 175, Date: 2025-12-31 23:02:50 +0400], Instance: 0x004F61DC (32-bit), Flags: Cmdre0, Thread: 0x4504 (Main). 

--------------------------------------------------
Стек вызовов:

# 0 0x0041EC07 in C:\Users\Иван\Documents\OneginModernModern\main.exe: printLines() at C:/Users/Иван/Documents/OneginModernModern/./main.cpp:118:

    116:     for(int i = 0; i < numLines; i++){
    117:         printf("\n%d\n", i);
=>  118:         assert(arrOfStrPtr[i] != NULL);
    119:         size_t lengthOfElemArrOfStrPtr = strlen(arrOfStrPtr[i]);
    120:         printf("%d\n", lengthOfElemArrOfStrPtr);

# 1 0x0041E9D8 in C:\Users\Иван\Documents\OneginModernModern\main.exe: main() at C:/Users/Иван/Documents/OneginModernModern/./main.cpp:46:

     44:     char** arrOfStrPtr = (char**) calloc(numLines, sizeof(char*));
     45:     convertTextIntoArrOfStrPtr(text, arrOfStrPtr, realSize);
=>   46:     printLines(arrOfStrPtr, numLines);
     47:     // if(arrOfStrPtr[numLines - 1][0] == '\0'){
     48:     //     printf("\nelem is 0\n");

--------------------------------------------------
Developed with:

The Dumb Artist Library (TX Library)
TXLib [Ver: 00173a, Rev: 175, Date: 2025-12-31 23:02:50 +0400]
Copyright (C) Ded (Ilya Dedinsky, http://txlib.ru) <mail@txlib.ru>
See license on: http://txlib.ru

TXLib file:	c:\users\иван\downloads\codeblocks\mingw\include\txlib.h
Compiled:	Sep 20 2026 18:48:50, GNU g++ 4.8.1, std=201103L, MinGW Runtime 3.20, 32-bit, Debug
Started:	Sep 20 2026 18:48:52

Run file:	C:\Users\Иван\Documents\OneginModernModern\main.exe
Directory:	C:\Users\Иван\Documents\OneginModernModern

--------------------------------------------------

--------------------------------------------------
TXLib соболезнует...

Программа: C:\Users\Иван\Documents\OneginModernModern\main.exe, файл: .\main.cpp, строка: 119, функция: void printLines(char**, size_t),

Сообщение: ВНЕЗАПНО: Логическая ошибка: Неверно, что "arrOfStrPtr[i] != __null".

#1: TXLib [Ver: 00173a, Rev: 175, Date: 2025-12-31 23:02:50 +0400], Instance: 0x004F61DC (32-bit), Flags: Cmdre0, Thread: 0x2D80 (Main). 

--------------------------------------------------
Стек вызовов:

# 0 0x0041EC2B in C:\Users\Иван\Documents\OneginModernModern\main.exe: printLines() at C:/Users/Иван/Documents/OneginModernModern/./main.cpp:119:

    117:     for(int i = 0; i < numLines; i++){
    118:         printf("\n%d\n", i);
=>  119:         assert(arrOfStrPtr[i] != NULL);
    120:         size_t lengthOfElemArrOfStrPtr = strlen(arrOfStrPtr[i]);
    121:         printf("%d\n", lengthOfElemArrOfStrPtr);

# 1 0x0041E9D5 in C:\Users\Иван\Documents\OneginModernModern\main.exe: main() at C:/Users/Иван/Documents/OneginModernModern/./main.cpp:46:

     44:     char** arrOfStrPtr = (char**) calloc(numLines, sizeof(char*));
     45:     convertTextIntoArrOfStrPtr(text, arrOfStrPtr, realSize);
=>   46:     printLines(arrOfStrPtr, numLines);
     47:     // if(arrOfStrPtr[numLines - 1][0] == '\0'){
     48:     //     printf("\nelem is 0\n");

--------------------------------------------------
Developed with:

The Dumb Artist Library (TX Library)
TXLib [Ver: 00173a, Rev: 175, Date: 2025-12-31 23:02:50 +0400]
Copyright (C) Ded (Ilya Dedinsky, http://txlib.ru) <mail@txlib.ru>
See license on: http://txlib.ru

TXLib file:	c:\users\иван\downloads\codeblocks\mingw\include\txlib.h
Compiled:	Sep 20 2026 18:53:20, GNU g++ 4.8.1, std=201103L, MinGW Runtime 3.20, 32-bit, Debug
Started:	Sep 20 2026 18:53:23

Run file:	C:\Users\Иван\Documents\OneginModernModern\main.exe
Directory:	C:\Users\Иван\Documents\OneginModernModern

--------------------------------------------------

--------------------------------------------------
TXLib соболезнует...

Программа: C:\Users\Иван\Documents\OneginModernModern\main.exe, файл: .\main.cpp, строка: 47, функция: int main(),

Сообщение: ВНЕЗАПНО: Логическая ошибка: Неверно, что "*arrOfStrPtr != __null".

#1: TXLib [Ver: 00173a, Rev: 175, Date: 2025-12-31 23:02:50 +0400], Instance: 0x004F61DC (32-bit), Flags: Cmdre0, Thread: 0x337C (Main). 

--------------------------------------------------
Стек вызовов:

# 0 0x0041EA6D in C:\Users\Иван\Documents\OneginModernModern\main.exe: main() at C:/Users/Иван/Documents/OneginModernModern/./main.cpp:47:

     45:     char** arrOfStrPtr = (char**) calloc(numLines, sizeof(char*));
     46:     assert(arrOfStrPtr != NULL);
=>   47:     assert(*arrOfStrPtr != NULL);
     48:     convertTextIntoArrOfStrPtr(text, arrOfStrPtr, realSize);
     49:     //printLines(arrOfStrPtr, numLines);

--------------------------------------------------
Developed with:

The Dumb Artist Library (TX Library)
TXLib [Ver: 00173a, Rev: 175, Date: 2025-12-31 23:02:50 +0400]
Copyright (C) Ded (Ilya Dedinsky, http://txlib.ru) <mail@txlib.ru>
See license on: http://txlib.ru

TXLib file:	c:\users\иван\downloads\codeblocks\mingw\include\txlib.h
Compiled:	Sep 20 2026 19:05:40, GNU g++ 4.8.1, std=201103L, MinGW Runtime 3.20, 32-bit, Debug
Started:	Sep 20 2026 19:05:42

Run file:	C:\Users\Иван\Documents\OneginModernModern\main.exe
Directory:	C:\Users\Иван\Documents\OneginModernModern

--------------------------------------------------

--------------------------------------------------
TXLib соболезнует...

Программа: C:\Users\Иван\Documents\OneginModernModern\main.exe, файл: .\main.cpp, строка: 49, функция: int main(),

Сообщение: ВНЕЗАПНО: Логическая ошибка: Неверно, что "arrOfStrPtr[1] != __null".

#1: TXLib [Ver: 00173a, Rev: 175, Date: 2025-12-31 23:02:50 +0400], Instance: 0x004F61DC (32-bit), Flags: Cmdre0, Thread: 0x2550 (Main). 

--------------------------------------------------
Стек вызовов:

# 0 0x0041EA7C in C:\Users\Иван\Documents\OneginModernModern\main.exe: main() at C:/Users/Иван/Documents/OneginModernModern/./main.cpp:49:

     47: 
     48:     convertTextIntoArrOfStrPtr(text, arrOfStrPtr, realSize);
=>   49:      assert(arrOfStrPtr[1] != NULL);
     50:     //printLines(arrOfStrPtr, numLines)
     51:     // if(arrOfStrPtr[numLines - 1][0] == '\0'){

--------------------------------------------------
Developed with:

The Dumb Artist Library (TX Library)
TXLib [Ver: 00173a, Rev: 175, Date: 2025-12-31 23:02:50 +0400]
Copyright (C) Ded (Ilya Dedinsky, http://txlib.ru) <mail@txlib.ru>
See license on: http://txlib.ru

TXLib file:	c:\users\иван\downloads\codeblocks\mingw\include\txlib.h
Compiled:	Sep 20 2026 19:08:12, GNU g++ 4.8.1, std=201103L, MinGW Runtime 3.20, 32-bit, Debug
Started:	Sep 20 2026 19:08:14

Run file:	C:\Users\Иван\Documents\OneginModernModern\main.exe
Directory:	C:\Users\Иван\Documents\OneginModernModern

--------------------------------------------------

--------------------------------------------------
TXLib соболезнует...

Программа: C:\Users\Иван\Documents\OneginModernModern\main.exe, файл: .\main.cpp, строка: 49, функция: int main(),

Сообщение: ВНЕЗАПНО: Логическая ошибка: Неверно, что "arrOfStrPtr[2] != __null".

#1: TXLib [Ver: 00173a, Rev: 175, Date: 2025-12-31 23:02:50 +0400], Instance: 0x004F61DC (32-bit), Flags: Cmdre0, Thread: 0x454 (Main). 

--------------------------------------------------
Стек вызовов:

# 0 0x0041EA7C in C:\Users\Иван\Documents\OneginModernModern\main.exe: main() at C:/Users/Иван/Documents/OneginModernModern/./main.cpp:49:

     47: 
     48:     convertTextIntoArrOfStrPtr(text, arrOfStrPtr, realSize);
=>   49:      assert(arrOfStrPtr[2] != NULL);
     50:     //printLines(arrOfStrPtr, numLines)
     51:     // if(arrOfStrPtr[numLines - 1][0] == '\0'){

--------------------------------------------------
Developed with:

The Dumb Artist Library (TX Library)
TXLib [Ver: 00173a, Rev: 175, Date: 2025-12-31 23:02:50 +0400]
Copyright (C) Ded (Ilya Dedinsky, http://txlib.ru) <mail@txlib.ru>
See license on: http://txlib.ru

TXLib file:	c:\users\иван\downloads\codeblocks\mingw\include\txlib.h
Compiled:	Sep 20 2026 19:08:32, GNU g++ 4.8.1, std=201103L, MinGW Runtime 3.20, 32-bit, Debug
Started:	Sep 20 2026 19:08:34

Run file:	C:\Users\Иван\Documents\OneginModernModern\main.exe
Directory:	C:\Users\Иван\Documents\OneginModernModern

--------------------------------------------------

--------------------------------------------------
TXLib соболезнует...

Программа: C:\Users\Иван\Documents\OneginModernModern\main.exe, файл: .\main.cpp, строка: 49, функция: int main(),

Сообщение: ВНЕЗАПНО: Логическая ошибка: Неверно, что "arrOfStrPtr[2] != __null".

#1: TXLib [Ver: 00173a, Rev: 175, Date: 2025-12-31 23:02:50 +0400], Instance: 0x004F61DC (32-bit), Flags: Cmdre0, Thread: 0xA74 (Main). 

--------------------------------------------------
Стек вызовов:

# 0 0x0041EA7C in C:\Users\Иван\Documents\OneginModernModern\main.exe: main() at C:/Users/Иван/Documents/OneginModernModern/./main.cpp:49:

     47: 
     48:     convertTextIntoArrOfStrPtr(text, arrOfStrPtr, realSize);
=>   49:      assert(arrOfStrPtr[2] != NULL);
     50:     //printLines(arrOfStrPtr, numLines)
     51:     // if(arrOfStrPtr[numLines - 1][0] == '\0'){

--------------------------------------------------
Developed with:

The Dumb Artist Library (TX Library)
TXLib [Ver: 00173a, Rev: 175, Date: 2025-12-31 23:02:50 +0400]
Copyright (C) Ded (Ilya Dedinsky, http://txlib.ru) <mail@txlib.ru>
See license on: http://txlib.ru

TXLib file:	c:\users\иван\downloads\codeblocks\mingw\include\txlib.h
Compiled:	Sep 20 2026 19:08:39, GNU g++ 4.8.1, std=201103L, MinGW Runtime 3.20, 32-bit, Debug
Started:	Sep 20 2026 19:08:42

Run file:	C:\Users\Иван\Documents\OneginModernModern\main.exe
Directory:	C:\Users\Иван\Documents\OneginModernModern

--------------------------------------------------

--------------------------------------------------
TXLib соболезнует...

Программа: C:\Users\Иван\Documents\OneginModernModern\main.exe,

ВНЕЗАПНО: signal (22, 0x00): SIGABRT: Аварийное завершение программы, вызвана функция abort(). 

С помощью функции signal() вы можете сами обработать эту ошибку.

#13: TXLib [Ver: 00173a, Rev: 175, Date: 2025-12-31 23:02:50 +0400], Instance: 0x004F61DC (32-bit), Flags: Cmdre0, Thread: 0x2598 (Main), GetLastError(): 8 (Недостаточно ресурсов памяти для обработки этой команды), errno: 12 (Visual C++ CRT: Not enough memory to complete call to strerror.). 

--------------------------------------------------
Стек вызовов:

# 0 0x0040B361 in C:\Users\Иван\Documents\OneginModernModern\main.exe: (anonymous namespace)::TX::_txOnSignal()
# 1 0x76588F03 in C:\Windows\System32\msvcrt.dll: raise()
# 2 0x7658D3CB in C:\Windows\System32\msvcrt.dll: abort()
# 3 0x004A821E in C:\Users\Иван\Documents\OneginModernModern\main.exe: emutls_alloc()
# 4 0x004109EC in C:\Users\Иван\Documents\OneginModernModern\main.exe: (anonymous namespace)::TX::_txCaptureStackBackTraceTX()
# 5 0x00410E6B in C:\Users\Иван\Documents\OneginModernModern\main.exe: (anonymous namespace)::TX::_txProcessError()
# 6 0x0040B057 in C:\Users\Иван\Documents\OneginModernModern\main.exe: (anonymous namespace)::TX::_txError()
# 7 0x0040B361 in C:\Users\Иван\Documents\OneginModernModern\main.exe: (anonymous namespace)::TX::_txOnSignal()
# 8 0x76588F03 in C:\Windows\System32\msvcrt.dll: raise()
# 9 0x7658D3CB in C:\Windows\System32\msvcrt.dll: abort()
#10 0x004A821E in C:\Users\Иван\Documents\OneginModernModern\main.exe: emutls_alloc()
#11 0x004109EC in C:\Users\Иван\Documents\OneginModernModern\main.exe: (anonymous namespace)::TX::_txCaptureStackBackTraceTX()
#12 0x00410E6B in C:\Users\Иван\Documents\OneginModernModern\main.exe: (anonymous namespace)::TX::_txProcessError()
#13 0x0040B057 in C:\Users\Иван\Documents\OneginModernModern\main.exe: (anonymous namespace)::TX::_txError()
#14 0x0040B361 in C:\Users\Иван\Documents\OneginModernModern\main.exe: (anonymous namespace)::TX::_txOnSignal()
#15 0x76588F03 in C:\Windows\System32\msvcrt.dll: raise()
#16 0x7658D3CB in C:\Windows\System32\msvcrt.dll: abort()
#17 0x004A821E in C:\Users\Иван\Documents\OneginModernModern\main.exe: emutls_alloc()
#18 0x004109EC in C:\Users\Иван\Documents\OneginModernModern\main.exe: (anonymous namespace)::TX::_txCaptureStackBackTraceTX()
#19 0x00410E6B in C:\Users\Иван\Documents\OneginModernModern\main.exe: (anonymous namespace)::TX::_txProcessError()
#20 0x0040B057 in C:\Users\Иван\Documents\OneginModernModern\main.exe: (anonymous namespace)::TX::_txError()
#21 0x0040B361 in C:\Users\Иван\Documents\OneginModernModern\main.exe: (anonymous namespace)::TX::_txOnSignal()
#22 0x76588F03 in C:\Windows\System32\msvcrt.dll: raise()
#23 0x7658D3CB in C:\Windows\System32\msvcrt.dll: abort()
#24 0x004A821E in C:\Users\Иван\Documents\OneginModernModern\main.exe: emutls_alloc()
#25 0x004109EC in C:\Users\Иван\Documents\OneginModernModern\main.exe: (anonymous namespace)::TX::_txCaptureStackBackTraceTX()
#26 0x00410E6B in C:\Users\Иван\Documents\OneginModernModern\main.exe: (anonymous namespace)::TX::_txProcessError()
#27 0x0040B057 in C:\Users\Иван\Documents\OneginModernModern\main.exe: (anonymous namespace)::TX::_txError()
#28 0x0040B361 in C:\Users\Иван\Documents\OneginModernModern\main.exe: (anonymous namespace)::TX::_txOnSignal()
#29 0x76588F03 in C:\Windows\System32\msvcrt.dll: raise()
#30 0x7658D3CB in C:\Windows\System32\msvcrt.dll: abort()
#31 0x004A821E in C:\Users\Иван\Documents\OneginModernModern\main.exe: emutls_alloc()
#32 0x004109EC in C:\Users\Иван\Documents\OneginModernModern\main.exe: (anonymous namespace)::TX::_txCaptureStackBackTraceTX()
#33 0x00410E6B in C:\Users\Иван\Documents\OneginModernModern\main.exe: (anonymous namespace)::TX::_txProcessError()
#34 0x0040B057 in C:\Users\Иван\Documents\OneginModernModern\main.exe: (anonymous namespace)::TX::_txError()
#35 0x0040B361 in C:\Users\Иван\Documents\OneginModernModern\main.exe: (anonymous namespace)::TX::_txOnSignal()
#36 0x76588F03 in C:\Windows\System32\msvcrt.dll: raise()
#37 0x7658D3CB in C:\Windows\System32\msvcrt.dll: abort()
#38 0x004A821E in C:\Users\Иван\Documents\OneginModernModern\main.exe: emutls_alloc()
#39 0x004109EC in C:\Users\Иван\Documents\OneginModernModern\main.exe: (anonymous namespace)::TX::_txCaptureStackBackTraceTX()
#40 0x00410E6B in C:\Users\Иван\Documents\OneginModernModern\main.exe: (anonymous namespace)::TX::_txProcessError()
#41 0x0040B057 in C:\Users\Иван\Documents\OneginModernModern\main.exe: (anonymous namespace)::TX::_txError()
#42 0x0040B361 in C:\Users\Иван\Documents\OneginModernModern\main.exe: (anonymous namespace)::TX::_txOnSignal()
#43 0x76588F03 in C:\Windows\System32\msvcrt.dll: raise()
#44 0x7658D3CB in C:\Windows\System32\msvcrt.dll: abort()
#45 0x004A821E in C:\Users\Иван\Documents\OneginModernModern\main.exe: emutls_alloc()
#46 0x004109EC in C:\Users\Иван\Documents\OneginModernModern\main.exe: (anonymous namespace)::TX::_txCaptureStackBackTraceTX()
#47 0x00410E6B in C:\Users\Иван\Documents\OneginModernModern\main.exe: (anonymous namespace)::TX::_txProcessError()
#48 0x0040B057 in C:\Users\Иван\Documents\OneginModernModern\main.exe: (anonymous namespace)::TX::_txError()
#49 0x0040B361 in C:\Users\Иван\Documents\OneginModernModern\main.exe: (anonymous namespace)::TX::_txOnSignal()
#50 0x76588F03 in C:\Windows\System32\msvcrt.dll: raise()
#51 0x7658D3CB in C:\Windows\System32\msvcrt.dll: abort()
#52 0x004A821E in C:\Users\Иван\Documents\OneginModernModern\main.exe: emutls_alloc()
#53 0x004109EC in C:\Users\Иван\Documents\OneginModernModern\main.exe: (anonymous namespace)::TX::_txCaptureStackBackTraceTX()
#54 0x00410E6B in C:\Users\Иван\Documents\OneginModernModern\main.exe: (anonymous namespace)::TX::_txProcessError()
#55 0x0040B057 in C:\Users\Иван\Documents\OneginModernModern\main.exe: (anonymous namespace)::TX::_txError()
#56 0x0040B361 in C:\Users\Иван\Documents\OneginModernModern\main.exe: (anonymous namespace)::TX::_txOnSignal()
#57 0x76588F03 in C:\Windows\System32\msvcrt.dll: raise()
#58 0x7658D3CB in C:\Windows\System32\msvcrt.dll: abort()
#59 0x004A821E in C:\Users\Иван\Documents\OneginModernModern\main.exe: emutls_alloc()
#60 0x004109EC in C:\Users\Иван\Documents\OneginModernModern\main.exe: (anonymous namespace)::TX::_txCaptureStackBackTraceTX()
#61 0x00410E6B in C:\Users\Иван\Documents\OneginModernModern\main.exe: (anonymous namespace)::TX::_txProcessError()

TXLib печалится: Нет информации об исходных файлах. Вы не забыли опцию -g при компиляции?

--------------------------------------------------
Developed with:

The Dumb Artist Library (TX Library)
TXLib [Ver: 00173a, Rev: 175, Date: 2025-12-31 23:02:50 +0400]
Copyright (C) Ded (Ilya Dedinsky, http://txlib.ru) <mail@txlib.ru>
See license on: http://txlib.ru

TXLib file:	c:\users\иван\downloads\codeblocks\mingw\include\txlib.h
Compiled:	Sep 20 2026 19:12:00, GNU g++ 4.8.1, std=201103L, MinGW Runtime 3.20, 32-bit, Debug
Started:	Sep 20 2026 19:12:03

Run file:	C:\Users\Иван\Documents\OneginModernModern\main.exe
Directory:	C:\Users\Иван\Documents\OneginModernModern

--------------------------------------------------

--------------------------------------------------
TXLib соболезнует...

Программа: C:\Users\Иван\Documents\OneginModernModern\main.exe,

ВНЕЗАПНО: signal (22, 0x00): SIGABRT: Аварийное завершение программы, вызвана функция abort(). 

С помощью функции signal() вы можете сами обработать эту ошибку.

#30: TXLib [Ver: 00173a, Rev: 175, Date: 2025-12-31 23:02:50 +0400], Instance: 0x004F61DC (32-bit), Flags: Cmdre0, Thread: 0x11F0 (Main), GetLastError(): 8 (Недостаточно ресурсов памяти для обработки этой команды), errno: 12 (Visual C++ CRT: Not enough memory to complete call to strerror.). 

--------------------------------------------------
Стек вызовов:

# 0 0x0040B361 in C:\Users\Иван\Documents\OneginModernModern\main.exe: (anonymous namespace)::TX::_txOnSignal()
# 1 0x76588F03 in C:\Windows\System32\msvcrt.dll: raise()
# 2 0x7658D3CB in C:\Windows\System32\msvcrt.dll: abort()
# 3 0x004A821E in C:\Users\Иван\Documents\OneginModernModern\main.exe: emutls_alloc()
# 4 0x004109EC in C:\Users\Иван\Documents\OneginModernModern\main.exe: (anonymous namespace)::TX::_txCaptureStackBackTraceTX()
# 5 0x00410E6B in C:\Users\Иван\Documents\OneginModernModern\main.exe: (anonymous namespace)::TX::_txProcessError()
# 6 0x0040B057 in C:\Users\Иван\Documents\OneginModernModern\main.exe: (anonymous namespace)::TX::_txError()
# 7 0x0040B361 in C:\Users\Иван\Documents\OneginModernModern\main.exe: (anonymous namespace)::TX::_txOnSignal()
# 8 0x76588F03 in C:\Windows\System32\msvcrt.dll: raise()
# 9 0x7658D3CB in C:\Windows\System32\msvcrt.dll: abort()
#10 0x004A821E in C:\Users\Иван\Documents\OneginModernModern\main.exe: emutls_alloc()
#11 0x004109EC in C:\Users\Иван\Documents\OneginModernModern\main.exe: (anonymous namespace)::TX::_txCaptureStackBackTraceTX()
#12 0x00410E6B in C:\Users\Иван\Documents\OneginModernModern\main.exe: (anonymous namespace)::TX::_txProcessError()
#13 0x0040B057 in C:\Users\Иван\Documents\OneginModernModern\main.exe: (anonymous namespace)::TX::_txError()
#14 0x0040B361 in C:\Users\Иван\Documents\OneginModernModern\main.exe: (anonymous namespace)::TX::_txOnSignal()
#15 0x76588F03 in C:\Windows\System32\msvcrt.dll: raise()
#16 0x7658D3CB in C:\Windows\System32\msvcrt.dll: abort()
#17 0x004A821E in C:\Users\Иван\Documents\OneginModernModern\main.exe: emutls_alloc()
#18 0x004109EC in C:\Users\Иван\Documents\OneginModernModern\main.exe: (anonymous namespace)::TX::_txCaptureStackBackTraceTX()
#19 0x00410E6B in C:\Users\Иван\Documents\OneginModernModern\main.exe: (anonymous namespace)::TX::_txProcessError()
#20 0x0040B057 in C:\Users\Иван\Documents\OneginModernModern\main.exe: (anonymous namespace)::TX::_txError()
#21 0x0040B361 in C:\Users\Иван\Documents\OneginModernModern\main.exe: (anonymous namespace)::TX::_txOnSignal()
#22 0x76588F03 in C:\Windows\System32\msvcrt.dll: raise()
#23 0x7658D3CB in C:\Windows\System32\msvcrt.dll: abort()
#24 0x004A821E in C:\Users\Иван\Documents\OneginModernModern\main.exe: emutls_alloc()
#25 0x004109EC in C:\Users\Иван\Documents\OneginModernModern\main.exe: (anonymous namespace)::TX::_txCaptureStackBackTraceTX()
#26 0x00410E6B in C:\Users\Иван\Documents\OneginModernModern\main.exe: (anonymous namespace)::TX::_txProcessError()
#27 0x0040B057 in C:\Users\Иван\Documents\OneginModernModern\main.exe: (anonymous namespace)::TX::_txError()
#28 0x0040B361 in C:\Users\Иван\Documents\OneginModernModern\main.exe: (anonymous namespace)::TX::_txOnSignal()
#29 0x76588F03 in C:\Windows\System32\msvcrt.dll: raise()
#30 0x7658D3CB in C:\Windows\System32\msvcrt.dll: abort()
#31 0x004A821E in C:\Users\Иван\Documents\OneginModernModern\main.exe: emutls_alloc()
#32 0x004109EC in C:\Users\Иван\Documents\OneginModernModern\main.exe: (anonymous namespace)::TX::_txCaptureStackBackTraceTX()
#33 0x00410E6B in C:\Users\Иван\Documents\OneginModernModern\main.exe: (anonymous namespace)::TX::_txProcessError()
#34 0x0040B057 in C:\Users\Иван\Documents\OneginModernModern\main.exe: (anonymous namespace)::TX::_txError()
#35 0x0040B361 in C:\Users\Иван\Documents\OneginModernModern\main.exe: (anonymous namespace)::TX::_txOnSignal()
#36 0x76588F03 in C:\Windows\System32\msvcrt.dll: raise()
#37 0x7658D3CB in C:\Windows\System32\msvcrt.dll: abort()
#38 0x004A821E in C:\Users\Иван\Documents\OneginModernModern\main.exe: emutls_alloc()
#39 0x004109EC in C:\Users\Иван\Documents\OneginModernModern\main.exe: (anonymous namespace)::TX::_txCaptureStackBackTraceTX()
#40 0x00410E6B in C:\Users\Иван\Documents\OneginModernModern\main.exe: (anonymous namespace)::TX::_txProcessError()
#41 0x0040B057 in C:\Users\Иван\Documents\OneginModernModern\main.exe: (anonymous namespace)::TX::_txError()
#42 0x0040B361 in C:\Users\Иван\Documents\OneginModernModern\main.exe: (anonymous namespace)::TX::_txOnSignal()
#43 0x76588F03 in C:\Windows\System32\msvcrt.dll: raise()
#44 0x7658D3CB in C:\Windows\System32\msvcrt.dll: abort()
#45 0x004A821E in C:\Users\Иван\Documents\OneginModernModern\main.exe: emutls_alloc()
#46 0x004109EC in C:\Users\Иван\Documents\OneginModernModern\main.exe: (anonymous namespace)::TX::_txCaptureStackBackTraceTX()
#47 0x00410E6B in C:\Users\Иван\Documents\OneginModernModern\main.exe: (anonymous namespace)::TX::_txProcessError()
#48 0x0040B057 in C:\Users\Иван\Documents\OneginModernModern\main.exe: (anonymous namespace)::TX::_txError()
#49 0x0040B361 in C:\Users\Иван\Documents\OneginModernModern\main.exe: (anonymous namespace)::TX::_txOnSignal()
#50 0x76588F03 in C:\Windows\System32\msvcrt.dll: raise()
#51 0x7658D3CB in C:\Windows\System32\msvcrt.dll: abort()
#52 0x004A821E in C:\Users\Иван\Documents\OneginModernModern\main.exe: emutls_alloc()
#53 0x004109EC in C:\Users\Иван\Documents\OneginModernModern\main.exe: (anonymous namespace)::TX::_txCaptureStackBackTraceTX()
#54 0x00410E6B in C:\Users\Иван\Documents\OneginModernModern\main.exe: (anonymous namespace)::TX::_txProcessError()
#55 0x0040B057 in C:\Users\Иван\Documents\OneginModernModern\main.exe: (anonymous namespace)::TX::_txError()
#56 0x0040B361 in C:\Users\Иван\Documents\OneginModernModern\main.exe: (anonymous namespace)::TX::_txOnSignal()
#57 0x76588F03 in C:\Windows\System32\msvcrt.dll: raise()
#58 0x7658D3CB in C:\Windows\System32\msvcrt.dll: abort()
#59 0x004A821E in C:\Users\Иван\Documents\OneginModernModern\main.exe: emutls_alloc()
#60 0x004109EC in C:\Users\Иван\Documents\OneginModernModern\main.exe: (anonymous namespace)::TX::_txCaptureStackBackTraceTX()
#61 0x00410E6B in C:\Users\Иван\Documents\OneginModernModern\main.exe: (anonymous namespace)::TX::_txProcessError()

TXLib печалится: Нет информации об исходных файлах. Вы не забыли опцию -g при компиляции?

--------------------------------------------------
Developed with:

The Dumb Artist Library (TX Library)
TXLib [Ver: 00173a, Rev: 175, Date: 2025-12-31 23:02:50 +0400]
Copyright (C) Ded (Ilya Dedinsky, http://txlib.ru) <mail@txlib.ru>
See license on: http://txlib.ru

TXLib file:	c:\users\иван\downloads\codeblocks\mingw\include\txlib.h
Compiled:	Sep 20 2026 19:12:47, GNU g++ 4.8.1, std=201103L, MinGW Runtime 3.20, 32-bit, Debug
Started:	Sep 20 2026 19:12:50

Run file:	C:\Users\Иван\Documents\OneginModernModern\main.exe
Directory:	C:\Users\Иван\Documents\OneginModernModern

--------------------------------------------------

--------------------------------------------------
TXLib соболезнует...

Программа: C:\Users\Иван\Documents\OneginModernModern\main.exe,

ВНЕЗАПНО: signal (22, 0x00): SIGABRT: Аварийное завершение программы, вызвана функция abort(). 

С помощью функции signal() вы можете сами обработать эту ошибку.

#30: TXLib [Ver: 00173a, Rev: 175, Date: 2025-12-31 23:02:50 +0400], Instance: 0x004F61DC (32-bit), Flags: Cmdre0, Thread: 0x690 (Main), GetLastError(): 8 (Недостаточно ресурсов памяти для обработки этой команды), errno: 12 (Visual C++ CRT: Not enough memory to complete call to strerror.). 

--------------------------------------------------
Стек вызовов:

# 0 0x0040B361 in C:\Users\Иван\Documents\OneginModernModern\main.exe: (anonymous namespace)::TX::_txOnSignal()
# 1 0x76588F03 in C:\Windows\System32\msvcrt.dll: raise()
# 2 0x7658D3CB in C:\Windows\System32\msvcrt.dll: abort()
# 3 0x004A821E in C:\Users\Иван\Documents\OneginModernModern\main.exe: emutls_alloc()
# 4 0x004109EC in C:\Users\Иван\Documents\OneginModernModern\main.exe: (anonymous namespace)::TX::_txCaptureStackBackTraceTX()
# 5 0x00410E6B in C:\Users\Иван\Documents\OneginModernModern\main.exe: (anonymous namespace)::TX::_txProcessError()
# 6 0x0040B057 in C:\Users\Иван\Documents\OneginModernModern\main.exe: (anonymous namespace)::TX::_txError()
# 7 0x0040B361 in C:\Users\Иван\Documents\OneginModernModern\main.exe: (anonymous namespace)::TX::_txOnSignal()
# 8 0x76588F03 in C:\Windows\System32\msvcrt.dll: raise()
# 9 0x7658D3CB in C:\Windows\System32\msvcrt.dll: abort()
#10 0x004A821E in C:\Users\Иван\Documents\OneginModernModern\main.exe: emutls_alloc()
#11 0x004109EC in C:\Users\Иван\Documents\OneginModernModern\main.exe: (anonymous namespace)::TX::_txCaptureStackBackTraceTX()
#12 0x00410E6B in C:\Users\Иван\Documents\OneginModernModern\main.exe: (anonymous namespace)::TX::_txProcessError()
#13 0x0040B057 in C:\Users\Иван\Documents\OneginModernModern\main.exe: (anonymous namespace)::TX::_txError()
#14 0x0040B361 in C:\Users\Иван\Documents\OneginModernModern\main.exe: (anonymous namespace)::TX::_txOnSignal()
#15 0x76588F03 in C:\Windows\System32\msvcrt.dll: raise()
#16 0x7658D3CB in C:\Windows\System32\msvcrt.dll: abort()
#17 0x004A821E in C:\Users\Иван\Documents\OneginModernModern\main.exe: emutls_alloc()
#18 0x004109EC in C:\Users\Иван\Documents\OneginModernModern\main.exe: (anonymous namespace)::TX::_txCaptureStackBackTraceTX()
#19 0x00410E6B in C:\Users\Иван\Documents\OneginModernModern\main.exe: (anonymous namespace)::TX::_txProcessError()
#20 0x0040B057 in C:\Users\Иван\Documents\OneginModernModern\main.exe: (anonymous namespace)::TX::_txError()
#21 0x0040B361 in C:\Users\Иван\Documents\OneginModernModern\main.exe: (anonymous namespace)::TX::_txOnSignal()
#22 0x76588F03 in C:\Windows\System32\msvcrt.dll: raise()
#23 0x7658D3CB in C:\Windows\System32\msvcrt.dll: abort()
#24 0x004A821E in C:\Users\Иван\Documents\OneginModernModern\main.exe: emutls_alloc()
#25 0x004109EC in C:\Users\Иван\Documents\OneginModernModern\main.exe: (anonymous namespace)::TX::_txCaptureStackBackTraceTX()
#26 0x00410E6B in C:\Users\Иван\Documents\OneginModernModern\main.exe: (anonymous namespace)::TX::_txProcessError()
#27 0x0040B057 in C:\Users\Иван\Documents\OneginModernModern\main.exe: (anonymous namespace)::TX::_txError()
#28 0x0040B361 in C:\Users\Иван\Documents\OneginModernModern\main.exe: (anonymous namespace)::TX::_txOnSignal()
#29 0x76588F03 in C:\Windows\System32\msvcrt.dll: raise()
#30 0x7658D3CB in C:\Windows\System32\msvcrt.dll: abort()
#31 0x004A821E in C:\Users\Иван\Documents\OneginModernModern\main.exe: emutls_alloc()
#32 0x004109EC in C:\Users\Иван\Documents\OneginModernModern\main.exe: (anonymous namespace)::TX::_txCaptureStackBackTraceTX()
#33 0x00410E6B in C:\Users\Иван\Documents\OneginModernModern\main.exe: (anonymous namespace)::TX::_txProcessError()
#34 0x0040B057 in C:\Users\Иван\Documents\OneginModernModern\main.exe: (anonymous namespace)::TX::_txError()
#35 0x0040B361 in C:\Users\Иван\Documents\OneginModernModern\main.exe: (anonymous namespace)::TX::_txOnSignal()
#36 0x76588F03 in C:\Windows\System32\msvcrt.dll: raise()
#37 0x7658D3CB in C:\Windows\System32\msvcrt.dll: abort()
#38 0x004A821E in C:\Users\Иван\Documents\OneginModernModern\main.exe: emutls_alloc()
#39 0x004109EC in C:\Users\Иван\Documents\OneginModernModern\main.exe: (anonymous namespace)::TX::_txCaptureStackBackTraceTX()
#40 0x00410E6B in C:\Users\Иван\Documents\OneginModernModern\main.exe: (anonymous namespace)::TX::_txProcessError()
#41 0x0040B057 in C:\Users\Иван\Documents\OneginModernModern\main.exe: (anonymous namespace)::TX::_txError()
#42 0x0040B361 in C:\Users\Иван\Documents\OneginModernModern\main.exe: (anonymous namespace)::TX::_txOnSignal()
#43 0x76588F03 in C:\Windows\System32\msvcrt.dll: raise()
#44 0x7658D3CB in C:\Windows\System32\msvcrt.dll: abort()
#45 0x004A821E in C:\Users\Иван\Documents\OneginModernModern\main.exe: emutls_alloc()
#46 0x004109EC in C:\Users\Иван\Documents\OneginModernModern\main.exe: (anonymous namespace)::TX::_txCaptureStackBackTraceTX()
#47 0x00410E6B in C:\Users\Иван\Documents\OneginModernModern\main.exe: (anonymous namespace)::TX::_txProcessError()
#48 0x0040B057 in C:\Users\Иван\Documents\OneginModernModern\main.exe: (anonymous namespace)::TX::_txError()
#49 0x0040B361 in C:\Users\Иван\Documents\OneginModernModern\main.exe: (anonymous namespace)::TX::_txOnSignal()
#50 0x76588F03 in C:\Windows\System32\msvcrt.dll: raise()
#51 0x7658D3CB in C:\Windows\System32\msvcrt.dll: abort()
#52 0x004A821E in C:\Users\Иван\Documents\OneginModernModern\main.exe: emutls_alloc()
#53 0x004109EC in C:\Users\Иван\Documents\OneginModernModern\main.exe: (anonymous namespace)::TX::_txCaptureStackBackTraceTX()
#54 0x00410E6B in C:\Users\Иван\Documents\OneginModernModern\main.exe: (anonymous namespace)::TX::_txProcessError()
#55 0x0040B057 in C:\Users\Иван\Documents\OneginModernModern\main.exe: (anonymous namespace)::TX::_txError()
#56 0x0040B361 in C:\Users\Иван\Documents\OneginModernModern\main.exe: (anonymous namespace)::TX::_txOnSignal()
#57 0x76588F03 in C:\Windows\System32\msvcrt.dll: raise()
#58 0x7658D3CB in C:\Windows\System32\msvcrt.dll: abort()
#59 0x004A821E in C:\Users\Иван\Documents\OneginModernModern\main.exe: emutls_alloc()
#60 0x004109EC in C:\Users\Иван\Documents\OneginModernModern\main.exe: (anonymous namespace)::TX::_txCaptureStackBackTraceTX()
#61 0x00410E6B in C:\Users\Иван\Documents\OneginModernModern\main.exe: (anonymous namespace)::TX::_txProcessError()

TXLib печалится: Нет информации об исходных файлах. Вы не забыли опцию -g при компиляции?

--------------------------------------------------
Developed with:

The Dumb Artist Library (TX Library)
TXLib [Ver: 00173a, Rev: 175, Date: 2025-12-31 23:02:50 +0400]
Copyright (C) Ded (Ilya Dedinsky, http://txlib.ru) <mail@txlib.ru>
See license on: http://txlib.ru

TXLib file:	c:\users\иван\downloads\codeblocks\mingw\include\txlib.h
Compiled:	Sep 20 2026 19:12:47, GNU g++ 4.8.1, std=201103L, MinGW Runtime 3.20, 32-bit, Debug
Started:	Sep 20 2026 19:15:23

Run file:	C:\Users\Иван\Documents\OneginModernModern\main.exe
Directory:	C:\Users\Иван\Documents\OneginModernModern

--------------------------------------------------

--------------------------------------------------
TXLib соболезнует...

Программа: C:\Users\Иван\Documents\OneginModernModern\main.exe,

ВНЕЗАПНО: signal (22, 0x00): SIGABRT: Аварийное завершение программы, вызвана функция abort(). 

С помощью функции signal() вы можете сами обработать эту ошибку.

#32: TXLib [Ver: 00173a, Rev: 175, Date: 2025-12-31 23:02:50 +0400], Instance: 0x004F61DC (32-bit), Flags: Cmdre0, Thread: 0x2154 (Main), GetLastError(): 8 (Недостаточно ресурсов памяти для обработки этой команды), errno: 12 (Visual C++ CRT: Not enough memory to complete call to strerror.). 

--------------------------------------------------
Стек вызовов:

# 0 0x0040B361 in C:\Users\Иван\Documents\OneginModernModern\main.exe: (anonymous namespace)::TX::_txOnSignal()
# 1 0x76588F03 in C:\Windows\System32\msvcrt.dll: raise()
# 2 0x7658D3CB in C:\Windows\System32\msvcrt.dll: abort()
# 3 0x004A821E in C:\Users\Иван\Documents\OneginModernModern\main.exe: emutls_alloc()
# 4 0x004109EC in C:\Users\Иван\Documents\OneginModernModern\main.exe: (anonymous namespace)::TX::_txCaptureStackBackTraceTX()
# 5 0x00410E6B in C:\Users\Иван\Documents\OneginModernModern\main.exe: (anonymous namespace)::TX::_txProcessError()
# 6 0x0040B057 in C:\Users\Иван\Documents\OneginModernModern\main.exe: (anonymous namespace)::TX::_txError()
# 7 0x0040B361 in C:\Users\Иван\Documents\OneginModernModern\main.exe: (anonymous namespace)::TX::_txOnSignal()
# 8 0x76588F03 in C:\Windows\System32\msvcrt.dll: raise()
# 9 0x7658D3CB in C:\Windows\System32\msvcrt.dll: abort()
#10 0x004A821E in C:\Users\Иван\Documents\OneginModernModern\main.exe: emutls_alloc()
#11 0x004109EC in C:\Users\Иван\Documents\OneginModernModern\main.exe: (anonymous namespace)::TX::_txCaptureStackBackTraceTX()
#12 0x00410E6B in C:\Users\Иван\Documents\OneginModernModern\main.exe: (anonymous namespace)::TX::_txProcessError()
#13 0x0040B057 in C:\Users\Иван\Documents\OneginModernModern\main.exe: (anonymous namespace)::TX::_txError()
#14 0x0040B361 in C:\Users\Иван\Documents\OneginModernModern\main.exe: (anonymous namespace)::TX::_txOnSignal()
#15 0x76588F03 in C:\Windows\System32\msvcrt.dll: raise()
#16 0x7658D3CB in C:\Windows\System32\msvcrt.dll: abort()
#17 0x004A821E in C:\Users\Иван\Documents\OneginModernModern\main.exe: emutls_alloc()
#18 0x004109EC in C:\Users\Иван\Documents\OneginModernModern\main.exe: (anonymous namespace)::TX::_txCaptureStackBackTraceTX()
#19 0x00410E6B in C:\Users\Иван\Documents\OneginModernModern\main.exe: (anonymous namespace)::TX::_txProcessError()
#20 0x0040B057 in C:\Users\Иван\Documents\OneginModernModern\main.exe: (anonymous namespace)::TX::_txError()
#21 0x0040B361 in C:\Users\Иван\Documents\OneginModernModern\main.exe: (anonymous namespace)::TX::_txOnSignal()
#22 0x76588F03 in C:\Windows\System32\msvcrt.dll: raise()
#23 0x7658D3CB in C:\Windows\System32\msvcrt.dll: abort()
#24 0x004A821E in C:\Users\Иван\Documents\OneginModernModern\main.exe: emutls_alloc()
#25 0x004109EC in C:\Users\Иван\Documents\OneginModernModern\main.exe: (anonymous namespace)::TX::_txCaptureStackBackTraceTX()
#26 0x00410E6B in C:\Users\Иван\Documents\OneginModernModern\main.exe: (anonymous namespace)::TX::_txProcessError()
#27 0x0040B057 in C:\Users\Иван\Documents\OneginModernModern\main.exe: (anonymous namespace)::TX::_txError()
#28 0x0040B361 in C:\Users\Иван\Documents\OneginModernModern\main.exe: (anonymous namespace)::TX::_txOnSignal()
#29 0x76588F03 in C:\Windows\System32\msvcrt.dll: raise()
#30 0x7658D3CB in C:\Windows\System32\msvcrt.dll: abort()
#31 0x004A821E in C:\Users\Иван\Documents\OneginModernModern\main.exe: emutls_alloc()
#32 0x004109EC in C:\Users\Иван\Documents\OneginModernModern\main.exe: (anonymous namespace)::TX::_txCaptureStackBackTraceTX()
#33 0x00410E6B in C:\Users\Иван\Documents\OneginModernModern\main.exe: (anonymous namespace)::TX::_txProcessError()
#34 0x0040B057 in C:\Users\Иван\Documents\OneginModernModern\main.exe: (anonymous namespace)::TX::_txError()
#35 0x0040B361 in C:\Users\Иван\Documents\OneginModernModern\main.exe: (anonymous namespace)::TX::_txOnSignal()
#36 0x76588F03 in C:\Windows\System32\msvcrt.dll: raise()
#37 0x7658D3CB in C:\Windows\System32\msvcrt.dll: abort()
#38 0x004A821E in C:\Users\Иван\Documents\OneginModernModern\main.exe: emutls_alloc()
#39 0x004109EC in C:\Users\Иван\Documents\OneginModernModern\main.exe: (anonymous namespace)::TX::_txCaptureStackBackTraceTX()
#40 0x00410E6B in C:\Users\Иван\Documents\OneginModernModern\main.exe: (anonymous namespace)::TX::_txProcessError()
#41 0x0040B057 in C:\Users\Иван\Documents\OneginModernModern\main.exe: (anonymous namespace)::TX::_txError()
#42 0x0040B361 in C:\Users\Иван\Documents\OneginModernModern\main.exe: (anonymous namespace)::TX::_txOnSignal()
#43 0x76588F03 in C:\Windows\System32\msvcrt.dll: raise()
#44 0x7658D3CB in C:\Windows\System32\msvcrt.dll: abort()
#45 0x004A821E in C:\Users\Иван\Documents\OneginModernModern\main.exe: emutls_alloc()
#46 0x004109EC in C:\Users\Иван\Documents\OneginModernModern\main.exe: (anonymous namespace)::TX::_txCaptureStackBackTraceTX()
#47 0x00410E6B in C:\Users\Иван\Documents\OneginModernModern\main.exe: (anonymous namespace)::TX::_txProcessError()
#48 0x0040B057 in C:\Users\Иван\Documents\OneginModernModern\main.exe: (anonymous namespace)::TX::_txError()
#49 0x0040B361 in C:\Users\Иван\Documents\OneginModernModern\main.exe: (anonymous namespace)::TX::_txOnSignal()
#50 0x76588F03 in C:\Windows\System32\msvcrt.dll: raise()
#51 0x7658D3CB in C:\Windows\System32\msvcrt.dll: abort()
#52 0x004A821E in C:\Users\Иван\Documents\OneginModernModern\main.exe: emutls_alloc()
#53 0x004109EC in C:\Users\Иван\Documents\OneginModernModern\main.exe: (anonymous namespace)::TX::_txCaptureStackBackTraceTX()
#54 0x00410E6B in C:\Users\Иван\Documents\OneginModernModern\main.exe: (anonymous namespace)::TX::_txProcessError()
#55 0x0040B057 in C:\Users\Иван\Documents\OneginModernModern\main.exe: (anonymous namespace)::TX::_txError()
#56 0x0040B361 in C:\Users\Иван\Documents\OneginModernModern\main.exe: (anonymous namespace)::TX::_txOnSignal()
#57 0x76588F03 in C:\Windows\System32\msvcrt.dll: raise()
#58 0x7658D3CB in C:\Windows\System32\msvcrt.dll: abort()
#59 0x004A821E in C:\Users\Иван\Documents\OneginModernModern\main.exe: emutls_alloc()
#60 0x004109EC in C:\Users\Иван\Documents\OneginModernModern\main.exe: (anonymous namespace)::TX::_txCaptureStackBackTraceTX()
#61 0x00410E6B in C:\Users\Иван\Documents\OneginModernModern\main.exe: (anonymous namespace)::TX::_txProcessError()

TXLib печалится: Нет информации об исходных файлах. Вы не забыли опцию -g при компиляции?

--------------------------------------------------
Developed with:

The Dumb Artist Library (TX Library)
TXLib [Ver: 00173a, Rev: 175, Date: 2025-12-31 23:02:50 +0400]
Copyright (C) Ded (Ilya Dedinsky, http://txlib.ru) <mail@txlib.ru>
See license on: http://txlib.ru

TXLib file:	c:\users\иван\downloads\codeblocks\mingw\include\txlib.h
Compiled:	Sep 20 2026 19:12:47, GNU g++ 4.8.1, std=201103L, MinGW Runtime 3.20, 32-bit, Debug
Started:	Sep 20 2026 19:37:25

Run file:	C:\Users\Иван\Documents\OneginModernModern\main.exe
Directory:	C:\Users\Иван\Documents\OneginModernModern

--------------------------------------------------

--------------------------------------------------
TXLib соболезнует...

Программа: C:\Users\Иван\Documents\OneginModernModern\main.exe,

ВНЕЗАПНО: signal (22, 0x00): SIGABRT: Аварийное завершение программы, вызвана функция abort(). 

С помощью функции signal() вы можете сами обработать эту ошибку.

#30: TXLib [Ver: 00173a, Rev: 175, Date: 2025-12-31 23:02:50 +0400], Instance: 0x004F61DC (32-bit), Flags: Cmdre0, Thread: 0x1980 (Main), GetLastError(): 8 (Недостаточно ресурсов памяти для обработки этой команды), errno: 12 (Visual C++ CRT: Not enough memory to complete call to strerror.). 

--------------------------------------------------
Стек вызовов:

# 0 0x0040B361 in C:\Users\Иван\Documents\OneginModernModern\main.exe: (anonymous namespace)::TX::_txOnSignal()
# 1 0x76588F03 in C:\Windows\System32\msvcrt.dll: raise()
# 2 0x7658D3CB in C:\Windows\System32\msvcrt.dll: abort()
# 3 0x004A821E in C:\Users\Иван\Documents\OneginModernModern\main.exe: emutls_alloc()
# 4 0x004109EC in C:\Users\Иван\Documents\OneginModernModern\main.exe: (anonymous namespace)::TX::_txCaptureStackBackTraceTX()
# 5 0x00410E6B in C:\Users\Иван\Documents\OneginModernModern\main.exe: (anonymous namespace)::TX::_txProcessError()
# 6 0x0040B057 in C:\Users\Иван\Documents\OneginModernModern\main.exe: (anonymous namespace)::TX::_txError()
# 7 0x0040B361 in C:\Users\Иван\Documents\OneginModernModern\main.exe: (anonymous namespace)::TX::_txOnSignal()
# 8 0x76588F03 in C:\Windows\System32\msvcrt.dll: raise()
# 9 0x7658D3CB in C:\Windows\System32\msvcrt.dll: abort()
#10 0x004A821E in C:\Users\Иван\Documents\OneginModernModern\main.exe: emutls_alloc()
#11 0x004109EC in C:\Users\Иван\Documents\OneginModernModern\main.exe: (anonymous namespace)::TX::_txCaptureStackBackTraceTX()
#12 0x00410E6B in C:\Users\Иван\Documents\OneginModernModern\main.exe: (anonymous namespace)::TX::_txProcessError()
#13 0x0040B057 in C:\Users\Иван\Documents\OneginModernModern\main.exe: (anonymous namespace)::TX::_txError()
#14 0x0040B361 in C:\Users\Иван\Documents\OneginModernModern\main.exe: (anonymous namespace)::TX::_txOnSignal()
#15 0x76588F03 in C:\Windows\System32\msvcrt.dll: raise()
#16 0x7658D3CB in C:\Windows\System32\msvcrt.dll: abort()
#17 0x004A821E in C:\Users\Иван\Documents\OneginModernModern\main.exe: emutls_alloc()
#18 0x004109EC in C:\Users\Иван\Documents\OneginModernModern\main.exe: (anonymous namespace)::TX::_txCaptureStackBackTraceTX()
#19 0x00410E6B in C:\Users\Иван\Documents\OneginModernModern\main.exe: (anonymous namespace)::TX::_txProcessError()
#20 0x0040B057 in C:\Users\Иван\Documents\OneginModernModern\main.exe: (anonymous namespace)::TX::_txError()
#21 0x0040B361 in C:\Users\Иван\Documents\OneginModernModern\main.exe: (anonymous namespace)::TX::_txOnSignal()
#22 0x76588F03 in C:\Windows\System32\msvcrt.dll: raise()
#23 0x7658D3CB in C:\Windows\System32\msvcrt.dll: abort()
#24 0x004A821E in C:\Users\Иван\Documents\OneginModernModern\main.exe: emutls_alloc()
#25 0x004109EC in C:\Users\Иван\Documents\OneginModernModern\main.exe: (anonymous namespace)::TX::_txCaptureStackBackTraceTX()
#26 0x00410E6B in C:\Users\Иван\Documents\OneginModernModern\main.exe: (anonymous namespace)::TX::_txProcessError()
#27 0x0040B057 in C:\Users\Иван\Documents\OneginModernModern\main.exe: (anonymous namespace)::TX::_txError()
#28 0x0040B361 in C:\Users\Иван\Documents\OneginModernModern\main.exe: (anonymous namespace)::TX::_txOnSignal()
#29 0x76588F03 in C:\Windows\System32\msvcrt.dll: raise()
#30 0x7658D3CB in C:\Windows\System32\msvcrt.dll: abort()
#31 0x004A821E in C:\Users\Иван\Documents\OneginModernModern\main.exe: emutls_alloc()
#32 0x004109EC in C:\Users\Иван\Documents\OneginModernModern\main.exe: (anonymous namespace)::TX::_txCaptureStackBackTraceTX()
#33 0x00410E6B in C:\Users\Иван\Documents\OneginModernModern\main.exe: (anonymous namespace)::TX::_txProcessError()
#34 0x0040B057 in C:\Users\Иван\Documents\OneginModernModern\main.exe: (anonymous namespace)::TX::_txError()
#35 0x0040B361 in C:\Users\Иван\Documents\OneginModernModern\main.exe: (anonymous namespace)::TX::_txOnSignal()
#36 0x76588F03 in C:\Windows\System32\msvcrt.dll: raise()
#37 0x7658D3CB in C:\Windows\System32\msvcrt.dll: abort()
#38 0x004A821E in C:\Users\Иван\Documents\OneginModernModern\main.exe: emutls_alloc()
#39 0x004109EC in C:\Users\Иван\Documents\OneginModernModern\main.exe: (anonymous namespace)::TX::_txCaptureStackBackTraceTX()
#40 0x00410E6B in C:\Users\Иван\Documents\OneginModernModern\main.exe: (anonymous namespace)::TX::_txProcessError()
#41 0x0040B057 in C:\Users\Иван\Documents\OneginModernModern\main.exe: (anonymous namespace)::TX::_txError()
#42 0x0040B361 in C:\Users\Иван\Documents\OneginModernModern\main.exe: (anonymous namespace)::TX::_txOnSignal()
#43 0x76588F03 in C:\Windows\System32\msvcrt.dll: raise()
#44 0x7658D3CB in C:\Windows\System32\msvcrt.dll: abort()
#45 0x004A821E in C:\Users\Иван\Documents\OneginModernModern\main.exe: emutls_alloc()
#46 0x004109EC in C:\Users\Иван\Documents\OneginModernModern\main.exe: (anonymous namespace)::TX::_txCaptureStackBackTraceTX()
#47 0x00410E6B in C:\Users\Иван\Documents\OneginModernModern\main.exe: (anonymous namespace)::TX::_txProcessError()
#48 0x0040B057 in C:\Users\Иван\Documents\OneginModernModern\main.exe: (anonymous namespace)::TX::_txError()
#49 0x0040B361 in C:\Users\Иван\Documents\OneginModernModern\main.exe: (anonymous namespace)::TX::_txOnSignal()
#50 0x76588F03 in C:\Windows\System32\msvcrt.dll: raise()
#51 0x7658D3CB in C:\Windows\System32\msvcrt.dll: abort()
#52 0x004A821E in C:\Users\Иван\Documents\OneginModernModern\main.exe: emutls_alloc()
#53 0x004109EC in C:\Users\Иван\Documents\OneginModernModern\main.exe: (anonymous namespace)::TX::_txCaptureStackBackTraceTX()
#54 0x00410E6B in C:\Users\Иван\Documents\OneginModernModern\main.exe: (anonymous namespace)::TX::_txProcessError()
#55 0x0040B057 in C:\Users\Иван\Documents\OneginModernModern\main.exe: (anonymous namespace)::TX::_txError()
#56 0x0040B361 in C:\Users\Иван\Documents\OneginModernModern\main.exe: (anonymous namespace)::TX::_txOnSignal()
#57 0x76588F03 in C:\Windows\System32\msvcrt.dll: raise()
#58 0x7658D3CB in C:\Windows\System32\msvcrt.dll: abort()
#59 0x004A821E in C:\Users\Иван\Documents\OneginModernModern\main.exe: emutls_alloc()
#60 0x004109EC in C:\Users\Иван\Documents\OneginModernModern\main.exe: (anonymous namespace)::TX::_txCaptureStackBackTraceTX()
#61 0x00410E6B in C:\Users\Иван\Documents\OneginModernModern\main.exe: (anonymous namespace)::TX::_txProcessError()

TXLib печалится: Нет информации об исходных файлах. Вы не забыли опцию -g при компиляции?

--------------------------------------------------
Developed with:

The Dumb Artist Library (TX Library)
TXLib [Ver: 00173a, Rev: 175, Date: 2025-12-31 23:02:50 +0400]
Copyright (C) Ded (Ilya Dedinsky, http://txlib.ru) <mail@txlib.ru>
See license on: http://txlib.ru

TXLib file:	c:\users\иван\downloads\codeblocks\mingw\include\txlib.h
Compiled:	Sep 20 2026 19:12:47, GNU g++ 4.8.1, std=201103L, MinGW Runtime 3.20, 32-bit, Debug
Started:	Sep 20 2026 19:38:37

Run file:	C:\Users\Иван\Documents\OneginModernModern\main.exe
Directory:	C:\Users\Иван\Documents\OneginModernModern

--------------------------------------------------

--------------------------------------------------
TXLib соболезнует...

Программа: C:\Users\Иван\Documents\OneginModernModern\main.exe,

ВНЕЗАПНО: signal (22, 0x00): SIGABRT: Аварийное завершение программы, вызвана функция abort(). 

С помощью функции signal() вы можете сами обработать эту ошибку.

#32: TXLib [Ver: 00173a, Rev: 175, Date: 2025-12-31 23:02:50 +0400], Instance: 0x004F61DC (32-bit), Flags: Cmdre0, Thread: 0x2C7C (Main), GetLastError(): 8 (Недостаточно ресурсов памяти для обработки этой команды), errno: 12 (Visual C++ CRT: Not enough memory to complete call to strerror.). 

--------------------------------------------------
Стек вызовов:

# 0 0x0040B361 in C:\Users\Иван\Documents\OneginModernModern\main.exe: (anonymous namespace)::TX::_txOnSignal()
# 1 0x76588F03 in C:\Windows\System32\msvcrt.dll: raise()
# 2 0x7658D3CB in C:\Windows\System32\msvcrt.dll: abort()
# 3 0x004A821E in C:\Users\Иван\Documents\OneginModernModern\main.exe: emutls_alloc()
# 4 0x004109EC in C:\Users\Иван\Documents\OneginModernModern\main.exe: (anonymous namespace)::TX::_txCaptureStackBackTraceTX()
# 5 0x00410E6B in C:\Users\Иван\Documents\OneginModernModern\main.exe: (anonymous namespace)::TX::_txProcessError()
# 6 0x0040B057 in C:\Users\Иван\Documents\OneginModernModern\main.exe: (anonymous namespace)::TX::_txError()
# 7 0x0040B361 in C:\Users\Иван\Documents\OneginModernModern\main.exe: (anonymous namespace)::TX::_txOnSignal()
# 8 0x76588F03 in C:\Windows\System32\msvcrt.dll: raise()
# 9 0x7658D3CB in C:\Windows\System32\msvcrt.dll: abort()
#10 0x004A821E in C:\Users\Иван\Documents\OneginModernModern\main.exe: emutls_alloc()
#11 0x004109EC in C:\Users\Иван\Documents\OneginModernModern\main.exe: (anonymous namespace)::TX::_txCaptureStackBackTraceTX()
#12 0x00410E6B in C:\Users\Иван\Documents\OneginModernModern\main.exe: (anonymous namespace)::TX::_txProcessError()
#13 0x0040B057 in C:\Users\Иван\Documents\OneginModernModern\main.exe: (anonymous namespace)::TX::_txError()
#14 0x0040B361 in C:\Users\Иван\Documents\OneginModernModern\main.exe: (anonymous namespace)::TX::_txOnSignal()
#15 0x76588F03 in C:\Windows\System32\msvcrt.dll: raise()
#16 0x7658D3CB in C:\Windows\System32\msvcrt.dll: abort()
#17 0x004A821E in C:\Users\Иван\Documents\OneginModernModern\main.exe: emutls_alloc()
#18 0x004109EC in C:\Users\Иван\Documents\OneginModernModern\main.exe: (anonymous namespace)::TX::_txCaptureStackBackTraceTX()
#19 0x00410E6B in C:\Users\Иван\Documents\OneginModernModern\main.exe: (anonymous namespace)::TX::_txProcessError()
#20 0x0040B057 in C:\Users\Иван\Documents\OneginModernModern\main.exe: (anonymous namespace)::TX::_txError()
#21 0x0040B361 in C:\Users\Иван\Documents\OneginModernModern\main.exe: (anonymous namespace)::TX::_txOnSignal()
#22 0x76588F03 in C:\Windows\System32\msvcrt.dll: raise()
#23 0x7658D3CB in C:\Windows\System32\msvcrt.dll: abort()
#24 0x004A821E in C:\Users\Иван\Documents\OneginModernModern\main.exe: emutls_alloc()
#25 0x004109EC in C:\Users\Иван\Documents\OneginModernModern\main.exe: (anonymous namespace)::TX::_txCaptureStackBackTraceTX()
#26 0x00410E6B in C:\Users\Иван\Documents\OneginModernModern\main.exe: (anonymous namespace)::TX::_txProcessError()
#27 0x0040B057 in C:\Users\Иван\Documents\OneginModernModern\main.exe: (anonymous namespace)::TX::_txError()
#28 0x0040B361 in C:\Users\Иван\Documents\OneginModernModern\main.exe: (anonymous namespace)::TX::_txOnSignal()
#29 0x76588F03 in C:\Windows\System32\msvcrt.dll: raise()
#30 0x7658D3CB in C:\Windows\System32\msvcrt.dll: abort()
#31 0x004A821E in C:\Users\Иван\Documents\OneginModernModern\main.exe: emutls_alloc()
#32 0x004109EC in C:\Users\Иван\Documents\OneginModernModern\main.exe: (anonymous namespace)::TX::_txCaptureStackBackTraceTX()
#33 0x00410E6B in C:\Users\Иван\Documents\OneginModernModern\main.exe: (anonymous namespace)::TX::_txProcessError()
#34 0x0040B057 in C:\Users\Иван\Documents\OneginModernModern\main.exe: (anonymous namespace)::TX::_txError()
#35 0x0040B361 in C:\Users\Иван\Documents\OneginModernModern\main.exe: (anonymous namespace)::TX::_txOnSignal()
#36 0x76588F03 in C:\Windows\System32\msvcrt.dll: raise()
#37 0x7658D3CB in C:\Windows\System32\msvcrt.dll: abort()
#38 0x004A821E in C:\Users\Иван\Documents\OneginModernModern\main.exe: emutls_alloc()
#39 0x004109EC in C:\Users\Иван\Documents\OneginModernModern\main.exe: (anonymous namespace)::TX::_txCaptureStackBackTraceTX()
#40 0x00410E6B in C:\Users\Иван\Documents\OneginModernModern\main.exe: (anonymous namespace)::TX::_txProcessError()
#41 0x0040B057 in C:\Users\Иван\Documents\OneginModernModern\main.exe: (anonymous namespace)::TX::_txError()
#42 0x0040B361 in C:\Users\Иван\Documents\OneginModernModern\main.exe: (anonymous namespace)::TX::_txOnSignal()
#43 0x76588F03 in C:\Windows\System32\msvcrt.dll: raise()
#44 0x7658D3CB in C:\Windows\System32\msvcrt.dll: abort()
#45 0x004A821E in C:\Users\Иван\Documents\OneginModernModern\main.exe: emutls_alloc()
#46 0x004109EC in C:\Users\Иван\Documents\OneginModernModern\main.exe: (anonymous namespace)::TX::_txCaptureStackBackTraceTX()
#47 0x00410E6B in C:\Users\Иван\Documents\OneginModernModern\main.exe: (anonymous namespace)::TX::_txProcessError()
#48 0x0040B057 in C:\Users\Иван\Documents\OneginModernModern\main.exe: (anonymous namespace)::TX::_txError()
#49 0x0040B361 in C:\Users\Иван\Documents\OneginModernModern\main.exe: (anonymous namespace)::TX::_txOnSignal()
#50 0x76588F03 in C:\Windows\System32\msvcrt.dll: raise()
#51 0x7658D3CB in C:\Windows\System32\msvcrt.dll: abort()
#52 0x004A821E in C:\Users\Иван\Documents\OneginModernModern\main.exe: emutls_alloc()
#53 0x004109EC in C:\Users\Иван\Documents\OneginModernModern\main.exe: (anonymous namespace)::TX::_txCaptureStackBackTraceTX()
#54 0x00410E6B in C:\Users\Иван\Documents\OneginModernModern\main.exe: (anonymous namespace)::TX::_txProcessError()
#55 0x0040B057 in C:\Users\Иван\Documents\OneginModernModern\main.exe: (anonymous namespace)::TX::_txError()
#56 0x0040B361 in C:\Users\Иван\Documents\OneginModernModern\main.exe: (anonymous namespace)::TX::_txOnSignal()
#57 0x76588F03 in C:\Windows\System32\msvcrt.dll: raise()
#58 0x7658D3CB in C:\Windows\System32\msvcrt.dll: abort()
#59 0x004A821E in C:\Users\Иван\Documents\OneginModernModern\main.exe: emutls_alloc()
#60 0x004109EC in C:\Users\Иван\Documents\OneginModernModern\main.exe: (anonymous namespace)::TX::_txCaptureStackBackTraceTX()
#61 0x00410E6B in C:\Users\Иван\Documents\OneginModernModern\main.exe: (anonymous namespace)::TX::_txProcessError()

TXLib печалится: Нет информации об исходных файлах. Вы не забыли опцию -g при компиляции?

--------------------------------------------------
Developed with:

The Dumb Artist Library (TX Library)
TXLib [Ver: 00173a, Rev: 175, Date: 2025-12-31 23:02:50 +0400]
Copyright (C) Ded (Ilya Dedinsky, http://txlib.ru) <mail@txlib.ru>
See license on: http://txlib.ru

TXLib file:	c:\users\иван\downloads\codeblocks\mingw\include\txlib.h
Compiled:	Sep 20 2026 19:12:47, GNU g++ 4.8.1, std=201103L, MinGW Runtime 3.20, 32-bit, Debug
Started:	Sep 20 2026 19:40:14

Run file:	C:\Users\Иван\Documents\OneginModernModern\main.exe
Directory:	C:\Users\Иван\Documents\OneginModernModern

--------------------------------------------------

--------------------------------------------------
TXLib соболезнует...

Программа: C:\Users\Иван\Documents\OneginModernModern\main.exe,

ВНЕЗАПНО: signal (22, 0x00): SIGABRT: Аварийное завершение программы, вызвана функция abort(). 

С помощью функции signal() вы можете сами обработать эту ошибку.

#32: TXLib [Ver: 00173a, Rev: 175, Date: 2025-12-31 23:02:50 +0400], Instance: 0x004F61DC (32-bit), Flags: Cmdre0, Thread: 0x970 (Main), GetLastError(): 8 (Недостаточно ресурсов памяти для обработки этой команды), errno: 12 (Visual C++ CRT: Not enough memory to complete call to strerror.). 

--------------------------------------------------
Стек вызовов:

# 0 0x0040B361 in C:\Users\Иван\Documents\OneginModernModern\main.exe: (anonymous namespace)::TX::_txOnSignal()
# 1 0x76588F03 in C:\Windows\System32\msvcrt.dll: raise()
# 2 0x7658D3CB in C:\Windows\System32\msvcrt.dll: abort()
# 3 0x004A821E in C:\Users\Иван\Documents\OneginModernModern\main.exe: emutls_alloc()
# 4 0x004109EC in C:\Users\Иван\Documents\OneginModernModern\main.exe: (anonymous namespace)::TX::_txCaptureStackBackTraceTX()
# 5 0x00410E6B in C:\Users\Иван\Documents\OneginModernModern\main.exe: (anonymous namespace)::TX::_txProcessError()
# 6 0x0040B057 in C:\Users\Иван\Documents\OneginModernModern\main.exe: (anonymous namespace)::TX::_txError()
# 7 0x0040B361 in C:\Users\Иван\Documents\OneginModernModern\main.exe: (anonymous namespace)::TX::_txOnSignal()
# 8 0x76588F03 in C:\Windows\System32\msvcrt.dll: raise()
# 9 0x7658D3CB in C:\Windows\System32\msvcrt.dll: abort()
#10 0x004A821E in C:\Users\Иван\Documents\OneginModernModern\main.exe: emutls_alloc()
#11 0x004109EC in C:\Users\Иван\Documents\OneginModernModern\main.exe: (anonymous namespace)::TX::_txCaptureStackBackTraceTX()
#12 0x00410E6B in C:\Users\Иван\Documents\OneginModernModern\main.exe: (anonymous namespace)::TX::_txProcessError()
#13 0x0040B057 in C:\Users\Иван\Documents\OneginModernModern\main.exe: (anonymous namespace)::TX::_txError()
#14 0x0040B361 in C:\Users\Иван\Documents\OneginModernModern\main.exe: (anonymous namespace)::TX::_txOnSignal()
#15 0x76588F03 in C:\Windows\System32\msvcrt.dll: raise()
#16 0x7658D3CB in C:\Windows\System32\msvcrt.dll: abort()
#17 0x004A821E in C:\Users\Иван\Documents\OneginModernModern\main.exe: emutls_alloc()
#18 0x004109EC in C:\Users\Иван\Documents\OneginModernModern\main.exe: (anonymous namespace)::TX::_txCaptureStackBackTraceTX()
#19 0x00410E6B in C:\Users\Иван\Documents\OneginModernModern\main.exe: (anonymous namespace)::TX::_txProcessError()
#20 0x0040B057 in C:\Users\Иван\Documents\OneginModernModern\main.exe: (anonymous namespace)::TX::_txError()
#21 0x0040B361 in C:\Users\Иван\Documents\OneginModernModern\main.exe: (anonymous namespace)::TX::_txOnSignal()
#22 0x76588F03 in C:\Windows\System32\msvcrt.dll: raise()
#23 0x7658D3CB in C:\Windows\System32\msvcrt.dll: abort()
#24 0x004A821E in C:\Users\Иван\Documents\OneginModernModern\main.exe: emutls_alloc()
#25 0x004109EC in C:\Users\Иван\Documents\OneginModernModern\main.exe: (anonymous namespace)::TX::_txCaptureStackBackTraceTX()
#26 0x00410E6B in C:\Users\Иван\Documents\OneginModernModern\main.exe: (anonymous namespace)::TX::_txProcessError()
#27 0x0040B057 in C:\Users\Иван\Documents\OneginModernModern\main.exe: (anonymous namespace)::TX::_txError()
#28 0x0040B361 in C:\Users\Иван\Documents\OneginModernModern\main.exe: (anonymous namespace)::TX::_txOnSignal()
#29 0x76588F03 in C:\Windows\System32\msvcrt.dll: raise()
#30 0x7658D3CB in C:\Windows\System32\msvcrt.dll: abort()
#31 0x004A821E in C:\Users\Иван\Documents\OneginModernModern\main.exe: emutls_alloc()
#32 0x004109EC in C:\Users\Иван\Documents\OneginModernModern\main.exe: (anonymous namespace)::TX::_txCaptureStackBackTraceTX()
#33 0x00410E6B in C:\Users\Иван\Documents\OneginModernModern\main.exe: (anonymous namespace)::TX::_txProcessError()
#34 0x0040B057 in C:\Users\Иван\Documents\OneginModernModern\main.exe: (anonymous namespace)::TX::_txError()
#35 0x0040B361 in C:\Users\Иван\Documents\OneginModernModern\main.exe: (anonymous namespace)::TX::_txOnSignal()
#36 0x76588F03 in C:\Windows\System32\msvcrt.dll: raise()
#37 0x7658D3CB in C:\Windows\System32\msvcrt.dll: abort()
#38 0x004A821E in C:\Users\Иван\Documents\OneginModernModern\main.exe: emutls_alloc()
#39 0x004109EC in C:\Users\Иван\Documents\OneginModernModern\main.exe: (anonymous namespace)::TX::_txCaptureStackBackTraceTX()
#40 0x00410E6B in C:\Users\Иван\Documents\OneginModernModern\main.exe: (anonymous namespace)::TX::_txProcessError()
#41 0x0040B057 in C:\Users\Иван\Documents\OneginModernModern\main.exe: (anonymous namespace)::TX::_txError()
#42 0x0040B361 in C:\Users\Иван\Documents\OneginModernModern\main.exe: (anonymous namespace)::TX::_txOnSignal()
#43 0x76588F03 in C:\Windows\System32\msvcrt.dll: raise()
#44 0x7658D3CB in C:\Windows\System32\msvcrt.dll: abort()
#45 0x004A821E in C:\Users\Иван\Documents\OneginModernModern\main.exe: emutls_alloc()
#46 0x004109EC in C:\Users\Иван\Documents\OneginModernModern\main.exe: (anonymous namespace)::TX::_txCaptureStackBackTraceTX()
#47 0x00410E6B in C:\Users\Иван\Documents\OneginModernModern\main.exe: (anonymous namespace)::TX::_txProcessError()
#48 0x0040B057 in C:\Users\Иван\Documents\OneginModernModern\main.exe: (anonymous namespace)::TX::_txError()
#49 0x0040B361 in C:\Users\Иван\Documents\OneginModernModern\main.exe: (anonymous namespace)::TX::_txOnSignal()
#50 0x76588F03 in C:\Windows\System32\msvcrt.dll: raise()
#51 0x7658D3CB in C:\Windows\System32\msvcrt.dll: abort()
#52 0x004A821E in C:\Users\Иван\Documents\OneginModernModern\main.exe: emutls_alloc()
#53 0x004109EC in C:\Users\Иван\Documents\OneginModernModern\main.exe: (anonymous namespace)::TX::_txCaptureStackBackTraceTX()
#54 0x00410E6B in C:\Users\Иван\Documents\OneginModernModern\main.exe: (anonymous namespace)::TX::_txProcessError()
#55 0x0040B057 in C:\Users\Иван\Documents\OneginModernModern\main.exe: (anonymous namespace)::TX::_txError()
#56 0x0040B361 in C:\Users\Иван\Documents\OneginModernModern\main.exe: (anonymous namespace)::TX::_txOnSignal()
#57 0x76588F03 in C:\Windows\System32\msvcrt.dll: raise()
#58 0x7658D3CB in C:\Windows\System32\msvcrt.dll: abort()
#59 0x004A821E in C:\Users\Иван\Documents\OneginModernModern\main.exe: emutls_alloc()
#60 0x004109EC in C:\Users\Иван\Documents\OneginModernModern\main.exe: (anonymous namespace)::TX::_txCaptureStackBackTraceTX()
#61 0x00410E6B in C:\Users\Иван\Documents\OneginModernModern\main.exe: (anonymous namespace)::TX::_txProcessError()

TXLib печалится: Нет информации об исходных файлах. Вы не забыли опцию -g при компиляции?

--------------------------------------------------
Developed with:

The Dumb Artist Library (TX Library)
TXLib [Ver: 00173a, Rev: 175, Date: 2025-12-31 23:02:50 +0400]
Copyright (C) Ded (Ilya Dedinsky, http://txlib.ru) <mail@txlib.ru>
See license on: http://txlib.ru

TXLib file:	c:\users\иван\downloads\codeblocks\mingw\include\txlib.h
Compiled:	Sep 20 2026 19:12:47, GNU g++ 4.8.1, std=201103L, MinGW Runtime 3.20, 32-bit, Debug
Started:	Sep 20 2026 19:41:46

Run file:	C:\Users\Иван\Documents\OneginModernModern\main.exe
Directory:	C:\Users\Иван\Documents\OneginModernModern

--------------------------------------------------

--------------------------------------------------
TXLib соболезнует...

Программа: C:\Users\Иван\Documents\OneginModernModern\main.exe,

ВНЕЗАПНО: signal (22, 0x00): SIGABRT: Аварийное завершение программы, вызвана функция abort(). 

С помощью функции signal() вы можете сами обработать эту ошибку.

#30: TXLib [Ver: 00173a, Rev: 175, Date: 2025-12-31 23:02:50 +0400], Instance: 0x004F61DC (32-bit), Flags: Cmdre0, Thread: 0x3A60 (Main), GetLastError(): 8 (Недостаточно ресурсов памяти для обработки этой команды), errno: 12 (Visual C++ CRT: Not enough memory to complete call to strerror.). 

--------------------------------------------------
Стек вызовов:

# 0 0x0040B361 in C:\Users\Иван\Documents\OneginModernModern\main.exe: (anonymous namespace)::TX::_txOnSignal()
# 1 0x76588F03 in C:\Windows\System32\msvcrt.dll: raise()
# 2 0x7658D3CB in C:\Windows\System32\msvcrt.dll: abort()
# 3 0x004A821E in C:\Users\Иван\Documents\OneginModernModern\main.exe: emutls_alloc()
# 4 0x004109EC in C:\Users\Иван\Documents\OneginModernModern\main.exe: (anonymous namespace)::TX::_txCaptureStackBackTraceTX()
# 5 0x00410E6B in C:\Users\Иван\Documents\OneginModernModern\main.exe: (anonymous namespace)::TX::_txProcessError()
# 6 0x0040B057 in C:\Users\Иван\Documents\OneginModernModern\main.exe: (anonymous namespace)::TX::_txError()
# 7 0x0040B361 in C:\Users\Иван\Documents\OneginModernModern\main.exe: (anonymous namespace)::TX::_txOnSignal()
# 8 0x76588F03 in C:\Windows\System32\msvcrt.dll: raise()
# 9 0x7658D3CB in C:\Windows\System32\msvcrt.dll: abort()
#10 0x004A821E in C:\Users\Иван\Documents\OneginModernModern\main.exe: emutls_alloc()
#11 0x004109EC in C:\Users\Иван\Documents\OneginModernModern\main.exe: (anonymous namespace)::TX::_txCaptureStackBackTraceTX()
#12 0x00410E6B in C:\Users\Иван\Documents\OneginModernModern\main.exe: (anonymous namespace)::TX::_txProcessError()
#13 0x0040B057 in C:\Users\Иван\Documents\OneginModernModern\main.exe: (anonymous namespace)::TX::_txError()
#14 0x0040B361 in C:\Users\Иван\Documents\OneginModernModern\main.exe: (anonymous namespace)::TX::_txOnSignal()
#15 0x76588F03 in C:\Windows\System32\msvcrt.dll: raise()
#16 0x7658D3CB in C:\Windows\System32\msvcrt.dll: abort()
#17 0x004A821E in C:\Users\Иван\Documents\OneginModernModern\main.exe: emutls_alloc()
#18 0x004109EC in C:\Users\Иван\Documents\OneginModernModern\main.exe: (anonymous namespace)::TX::_txCaptureStackBackTraceTX()
#19 0x00410E6B in C:\Users\Иван\Documents\OneginModernModern\main.exe: (anonymous namespace)::TX::_txProcessError()
#20 0x0040B057 in C:\Users\Иван\Documents\OneginModernModern\main.exe: (anonymous namespace)::TX::_txError()
#21 0x0040B361 in C:\Users\Иван\Documents\OneginModernModern\main.exe: (anonymous namespace)::TX::_txOnSignal()
#22 0x76588F03 in C:\Windows\System32\msvcrt.dll: raise()
#23 0x7658D3CB in C:\Windows\System32\msvcrt.dll: abort()
#24 0x004A821E in C:\Users\Иван\Documents\OneginModernModern\main.exe: emutls_alloc()
#25 0x004109EC in C:\Users\Иван\Documents\OneginModernModern\main.exe: (anonymous namespace)::TX::_txCaptureStackBackTraceTX()
#26 0x00410E6B in C:\Users\Иван\Documents\OneginModernModern\main.exe: (anonymous namespace)::TX::_txProcessError()
#27 0x0040B057 in C:\Users\Иван\Documents\OneginModernModern\main.exe: (anonymous namespace)::TX::_txError()
#28 0x0040B361 in C:\Users\Иван\Documents\OneginModernModern\main.exe: (anonymous namespace)::TX::_txOnSignal()
#29 0x76588F03 in C:\Windows\System32\msvcrt.dll: raise()
#30 0x7658D3CB in C:\Windows\System32\msvcrt.dll: abort()
#31 0x004A821E in C:\Users\Иван\Documents\OneginModernModern\main.exe: emutls_alloc()
#32 0x004109EC in C:\Users\Иван\Documents\OneginModernModern\main.exe: (anonymous namespace)::TX::_txCaptureStackBackTraceTX()
#33 0x00410E6B in C:\Users\Иван\Documents\OneginModernModern\main.exe: (anonymous namespace)::TX::_txProcessError()
#34 0x0040B057 in C:\Users\Иван\Documents\OneginModernModern\main.exe: (anonymous namespace)::TX::_txError()
#35 0x0040B361 in C:\Users\Иван\Documents\OneginModernModern\main.exe: (anonymous namespace)::TX::_txOnSignal()
#36 0x76588F03 in C:\Windows\System32\msvcrt.dll: raise()
#37 0x7658D3CB in C:\Windows\System32\msvcrt.dll: abort()
#38 0x004A821E in C:\Users\Иван\Documents\OneginModernModern\main.exe: emutls_alloc()
#39 0x004109EC in C:\Users\Иван\Documents\OneginModernModern\main.exe: (anonymous namespace)::TX::_txCaptureStackBackTraceTX()
#40 0x00410E6B in C:\Users\Иван\Documents\OneginModernModern\main.exe: (anonymous namespace)::TX::_txProcessError()
#41 0x0040B057 in C:\Users\Иван\Documents\OneginModernModern\main.exe: (anonymous namespace)::TX::_txError()
#42 0x0040B361 in C:\Users\Иван\Documents\OneginModernModern\main.exe: (anonymous namespace)::TX::_txOnSignal()
#43 0x76588F03 in C:\Windows\System32\msvcrt.dll: raise()
#44 0x7658D3CB in C:\Windows\System32\msvcrt.dll: abort()
#45 0x004A821E in C:\Users\Иван\Documents\OneginModernModern\main.exe: emutls_alloc()
#46 0x004109EC in C:\Users\Иван\Documents\OneginModernModern\main.exe: (anonymous namespace)::TX::_txCaptureStackBackTraceTX()
#47 0x00410E6B in C:\Users\Иван\Documents\OneginModernModern\main.exe: (anonymous namespace)::TX::_txProcessError()
#48 0x0040B057 in C:\Users\Иван\Documents\OneginModernModern\main.exe: (anonymous namespace)::TX::_txError()
#49 0x0040B361 in C:\Users\Иван\Documents\OneginModernModern\main.exe: (anonymous namespace)::TX::_txOnSignal()
#50 0x76588F03 in C:\Windows\System32\msvcrt.dll: raise()
#51 0x7658D3CB in C:\Windows\System32\msvcrt.dll: abort()
#52 0x004A821E in C:\Users\Иван\Documents\OneginModernModern\main.exe: emutls_alloc()
#53 0x004109EC in C:\Users\Иван\Documents\OneginModernModern\main.exe: (anonymous namespace)::TX::_txCaptureStackBackTraceTX()
#54 0x00410E6B in C:\Users\Иван\Documents\OneginModernModern\main.exe: (anonymous namespace)::TX::_txProcessError()
#55 0x0040B057 in C:\Users\Иван\Documents\OneginModernModern\main.exe: (anonymous namespace)::TX::_txError()
#56 0x0040B361 in C:\Users\Иван\Documents\OneginModernModern\main.exe: (anonymous namespace)::TX::_txOnSignal()
#57 0x76588F03 in C:\Windows\System32\msvcrt.dll: raise()
#58 0x7658D3CB in C:\Windows\System32\msvcrt.dll: abort()
#59 0x004A821E in C:\Users\Иван\Documents\OneginModernModern\main.exe: emutls_alloc()
#60 0x004109EC in C:\Users\Иван\Documents\OneginModernModern\main.exe: (anonymous namespace)::TX::_txCaptureStackBackTraceTX()
#61 0x00410E6B in C:\Users\Иван\Documents\OneginModernModern\main.exe: (anonymous namespace)::TX::_txProcessError()

TXLib печалится: Нет информации об исходных файлах. Вы не забыли опцию -g при компиляции?

--------------------------------------------------
Developed with:

The Dumb Artist Library (TX Library)
TXLib [Ver: 00173a, Rev: 175, Date: 2025-12-31 23:02:50 +0400]
Copyright (C) Ded (Ilya Dedinsky, http://txlib.ru) <mail@txlib.ru>
See license on: http://txlib.ru

TXLib file:	c:\users\иван\downloads\codeblocks\mingw\include\txlib.h
Compiled:	Sep 20 2026 19:12:47, GNU g++ 4.8.1, std=201103L, MinGW Runtime 3.20, 32-bit, Debug
Started:	Sep 20 2026 19:42:03

Run file:	C:\Users\Иван\Documents\OneginModernModern\main.exe
Directory:	C:\Users\Иван\Documents\OneginModernModern

--------------------------------------------------

--------------------------------------------------
TXLib соболезнует...

Программа: C:\Users\Иван\Documents\OneginModernModern\main.exe,

ВНЕЗАПНО: signal (22, 0x00): SIGABRT: Аварийное завершение программы, вызвана функция abort(). 

С помощью функции signal() вы можете сами обработать эту ошибку.

#30: TXLib [Ver: 00173a, Rev: 175, Date: 2025-12-31 23:02:50 +0400], Instance: 0x004F61DC (32-bit), Flags: Cmdre0, Thread: 0x1C48 (Main), GetLastError(): 8 (Недостаточно ресурсов памяти для обработки этой команды), errno: 12 (Visual C++ CRT: Not enough memory to complete call to strerror.). 

--------------------------------------------------
Стек вызовов:

# 0 0x0040B361 in C:\Users\Иван\Documents\OneginModernModern\main.exe: (anonymous namespace)::TX::_txOnSignal()
# 1 0x76588F03 in C:\Windows\System32\msvcrt.dll: raise()
# 2 0x7658D3CB in C:\Windows\System32\msvcrt.dll: abort()
# 3 0x004A823E in C:\Users\Иван\Documents\OneginModernModern\main.exe: emutls_alloc()
# 4 0x004109EC in C:\Users\Иван\Documents\OneginModernModern\main.exe: (anonymous namespace)::TX::_txCaptureStackBackTraceTX()
# 5 0x00410E6B in C:\Users\Иван\Documents\OneginModernModern\main.exe: (anonymous namespace)::TX::_txProcessError()
# 6 0x0040B057 in C:\Users\Иван\Documents\OneginModernModern\main.exe: (anonymous namespace)::TX::_txError()
# 7 0x0040B361 in C:\Users\Иван\Documents\OneginModernModern\main.exe: (anonymous namespace)::TX::_txOnSignal()
# 8 0x76588F03 in C:\Windows\System32\msvcrt.dll: raise()
# 9 0x7658D3CB in C:\Windows\System32\msvcrt.dll: abort()
#10 0x004A823E in C:\Users\Иван\Documents\OneginModernModern\main.exe: emutls_alloc()
#11 0x004109EC in C:\Users\Иван\Documents\OneginModernModern\main.exe: (anonymous namespace)::TX::_txCaptureStackBackTraceTX()
#12 0x00410E6B in C:\Users\Иван\Documents\OneginModernModern\main.exe: (anonymous namespace)::TX::_txProcessError()
#13 0x0040B057 in C:\Users\Иван\Documents\OneginModernModern\main.exe: (anonymous namespace)::TX::_txError()
#14 0x0040B361 in C:\Users\Иван\Documents\OneginModernModern\main.exe: (anonymous namespace)::TX::_txOnSignal()
#15 0x76588F03 in C:\Windows\System32\msvcrt.dll: raise()
#16 0x7658D3CB in C:\Windows\System32\msvcrt.dll: abort()
#17 0x004A823E in C:\Users\Иван\Documents\OneginModernModern\main.exe: emutls_alloc()
#18 0x004109EC in C:\Users\Иван\Documents\OneginModernModern\main.exe: (anonymous namespace)::TX::_txCaptureStackBackTraceTX()
#19 0x00410E6B in C:\Users\Иван\Documents\OneginModernModern\main.exe: (anonymous namespace)::TX::_txProcessError()
#20 0x0040B057 in C:\Users\Иван\Documents\OneginModernModern\main.exe: (anonymous namespace)::TX::_txError()
#21 0x0040B361 in C:\Users\Иван\Documents\OneginModernModern\main.exe: (anonymous namespace)::TX::_txOnSignal()
#22 0x76588F03 in C:\Windows\System32\msvcrt.dll: raise()
#23 0x7658D3CB in C:\Windows\System32\msvcrt.dll: abort()
#24 0x004A823E in C:\Users\Иван\Documents\OneginModernModern\main.exe: emutls_alloc()
#25 0x004109EC in C:\Users\Иван\Documents\OneginModernModern\main.exe: (anonymous namespace)::TX::_txCaptureStackBackTraceTX()
#26 0x00410E6B in C:\Users\Иван\Documents\OneginModernModern\main.exe: (anonymous namespace)::TX::_txProcessError()
#27 0x0040B057 in C:\Users\Иван\Documents\OneginModernModern\main.exe: (anonymous namespace)::TX::_txError()
#28 0x0040B361 in C:\Users\Иван\Documents\OneginModernModern\main.exe: (anonymous namespace)::TX::_txOnSignal()
#29 0x76588F03 in C:\Windows\System32\msvcrt.dll: raise()
#30 0x7658D3CB in C:\Windows\System32\msvcrt.dll: abort()
#31 0x004A823E in C:\Users\Иван\Documents\OneginModernModern\main.exe: emutls_alloc()
#32 0x004109EC in C:\Users\Иван\Documents\OneginModernModern\main.exe: (anonymous namespace)::TX::_txCaptureStackBackTraceTX()
#33 0x00410E6B in C:\Users\Иван\Documents\OneginModernModern\main.exe: (anonymous namespace)::TX::_txProcessError()
#34 0x0040B057 in C:\Users\Иван\Documents\OneginModernModern\main.exe: (anonymous namespace)::TX::_txError()
#35 0x0040B361 in C:\Users\Иван\Documents\OneginModernModern\main.exe: (anonymous namespace)::TX::_txOnSignal()
#36 0x76588F03 in C:\Windows\System32\msvcrt.dll: raise()
#37 0x7658D3CB in C:\Windows\System32\msvcrt.dll: abort()
#38 0x004A823E in C:\Users\Иван\Documents\OneginModernModern\main.exe: emutls_alloc()
#39 0x004109EC in C:\Users\Иван\Documents\OneginModernModern\main.exe: (anonymous namespace)::TX::_txCaptureStackBackTraceTX()
#40 0x00410E6B in C:\Users\Иван\Documents\OneginModernModern\main.exe: (anonymous namespace)::TX::_txProcessError()
#41 0x0040B057 in C:\Users\Иван\Documents\OneginModernModern\main.exe: (anonymous namespace)::TX::_txError()
#42 0x0040B361 in C:\Users\Иван\Documents\OneginModernModern\main.exe: (anonymous namespace)::TX::_txOnSignal()
#43 0x76588F03 in C:\Windows\System32\msvcrt.dll: raise()
#44 0x7658D3CB in C:\Windows\System32\msvcrt.dll: abort()
#45 0x004A823E in C:\Users\Иван\Documents\OneginModernModern\main.exe: emutls_alloc()
#46 0x004109EC in C:\Users\Иван\Documents\OneginModernModern\main.exe: (anonymous namespace)::TX::_txCaptureStackBackTraceTX()
#47 0x00410E6B in C:\Users\Иван\Documents\OneginModernModern\main.exe: (anonymous namespace)::TX::_txProcessError()
#48 0x0040B057 in C:\Users\Иван\Documents\OneginModernModern\main.exe: (anonymous namespace)::TX::_txError()
#49 0x0040B361 in C:\Users\Иван\Documents\OneginModernModern\main.exe: (anonymous namespace)::TX::_txOnSignal()
#50 0x76588F03 in C:\Windows\System32\msvcrt.dll: raise()
#51 0x7658D3CB in C:\Windows\System32\msvcrt.dll: abort()
#52 0x004A823E in C:\Users\Иван\Documents\OneginModernModern\main.exe: emutls_alloc()
#53 0x004109EC in C:\Users\Иван\Documents\OneginModernModern\main.exe: (anonymous namespace)::TX::_txCaptureStackBackTraceTX()
#54 0x00410E6B in C:\Users\Иван\Documents\OneginModernModern\main.exe: (anonymous namespace)::TX::_txProcessError()
#55 0x0040B057 in C:\Users\Иван\Documents\OneginModernModern\main.exe: (anonymous namespace)::TX::_txError()
#56 0x0040B361 in C:\Users\Иван\Documents\OneginModernModern\main.exe: (anonymous namespace)::TX::_txOnSignal()
#57 0x76588F03 in C:\Windows\System32\msvcrt.dll: raise()
#58 0x7658D3CB in C:\Windows\System32\msvcrt.dll: abort()
#59 0x004A823E in C:\Users\Иван\Documents\OneginModernModern\main.exe: emutls_alloc()
#60 0x004109EC in C:\Users\Иван\Documents\OneginModernModern\main.exe: (anonymous namespace)::TX::_txCaptureStackBackTraceTX()
#61 0x00410E6B in C:\Users\Иван\Documents\OneginModernModern\main.exe: (anonymous namespace)::TX::_txProcessError()

TXLib печалится: Нет информации об исходных файлах. Вы не забыли опцию -g при компиляции?

--------------------------------------------------
Developed with:

The Dumb Artist Library (TX Library)
TXLib [Ver: 00173a, Rev: 175, Date: 2025-12-31 23:02:50 +0400]
Copyright (C) Ded (Ilya Dedinsky, http://txlib.ru) <mail@txlib.ru>
See license on: http://txlib.ru

TXLib file:	c:\users\иван\downloads\codeblocks\mingw\include\txlib.h
Compiled:	Sep 20 2026 19:43:27, GNU g++ 4.8.1, std=201103L, MinGW Runtime 3.20, 32-bit, Debug
Started:	Sep 20 2026 19:43:31

Run file:	C:\Users\Иван\Documents\OneginModernModern\main.exe
Directory:	C:\Users\Иван\Documents\OneginModernModern

--------------------------------------------------

--------------------------------------------------
TXLib соболезнует...

Программа: C:\Users\Иван\Documents\OneginModernModern\main.exe,

ВНЕЗАПНО: signal (22, 0x00): SIGABRT: Аварийное завершение программы, вызвана функция abort(). 

С помощью функции signal() вы можете сами обработать эту ошибку.

#30: TXLib [Ver: 00173a, Rev: 175, Date: 2025-12-31 23:02:50 +0400], Instance: 0x004F61DC (32-bit), Flags: Cmdre0, Thread: 0x3358 (Main), GetLastError(): 8 (Недостаточно ресурсов памяти для обработки этой команды), errno: 12 (Visual C++ CRT: Not enough memory to complete call to strerror.). 

--------------------------------------------------
Стек вызовов:

# 0 0x0040B361 in C:\Users\Иван\Documents\OneginModernModern\main.exe: (anonymous namespace)::TX::_txOnSignal()
# 1 0x76588F03 in C:\Windows\System32\msvcrt.dll: raise()
# 2 0x7658D3CB in C:\Windows\System32\msvcrt.dll: abort()
# 3 0x004A822E in C:\Users\Иван\Documents\OneginModernModern\main.exe: emutls_alloc()
# 4 0x004109EC in C:\Users\Иван\Documents\OneginModernModern\main.exe: (anonymous namespace)::TX::_txCaptureStackBackTraceTX()
# 5 0x00410E6B in C:\Users\Иван\Documents\OneginModernModern\main.exe: (anonymous namespace)::TX::_txProcessError()
# 6 0x0040B057 in C:\Users\Иван\Documents\OneginModernModern\main.exe: (anonymous namespace)::TX::_txError()
# 7 0x0040B361 in C:\Users\Иван\Documents\OneginModernModern\main.exe: (anonymous namespace)::TX::_txOnSignal()
# 8 0x76588F03 in C:\Windows\System32\msvcrt.dll: raise()
# 9 0x7658D3CB in C:\Windows\System32\msvcrt.dll: abort()
#10 0x004A822E in C:\Users\Иван\Documents\OneginModernModern\main.exe: emutls_alloc()
#11 0x004109EC in C:\Users\Иван\Documents\OneginModernModern\main.exe: (anonymous namespace)::TX::_txCaptureStackBackTraceTX()
#12 0x00410E6B in C:\Users\Иван\Documents\OneginModernModern\main.exe: (anonymous namespace)::TX::_txProcessError()
#13 0x0040B057 in C:\Users\Иван\Documents\OneginModernModern\main.exe: (anonymous namespace)::TX::_txError()
#14 0x0040B361 in C:\Users\Иван\Documents\OneginModernModern\main.exe: (anonymous namespace)::TX::_txOnSignal()
#15 0x76588F03 in C:\Windows\System32\msvcrt.dll: raise()
#16 0x7658D3CB in C:\Windows\System32\msvcrt.dll: abort()
#17 0x004A822E in C:\Users\Иван\Documents\OneginModernModern\main.exe: emutls_alloc()
#18 0x004109EC in C:\Users\Иван\Documents\OneginModernModern\main.exe: (anonymous namespace)::TX::_txCaptureStackBackTraceTX()
#19 0x00410E6B in C:\Users\Иван\Documents\OneginModernModern\main.exe: (anonymous namespace)::TX::_txProcessError()
#20 0x0040B057 in C:\Users\Иван\Documents\OneginModernModern\main.exe: (anonymous namespace)::TX::_txError()
#21 0x0040B361 in C:\Users\Иван\Documents\OneginModernModern\main.exe: (anonymous namespace)::TX::_txOnSignal()
#22 0x76588F03 in C:\Windows\System32\msvcrt.dll: raise()
#23 0x7658D3CB in C:\Windows\System32\msvcrt.dll: abort()
#24 0x004A822E in C:\Users\Иван\Documents\OneginModernModern\main.exe: emutls_alloc()
#25 0x004109EC in C:\Users\Иван\Documents\OneginModernModern\main.exe: (anonymous namespace)::TX::_txCaptureStackBackTraceTX()
#26 0x00410E6B in C:\Users\Иван\Documents\OneginModernModern\main.exe: (anonymous namespace)::TX::_txProcessError()
#27 0x0040B057 in C:\Users\Иван\Documents\OneginModernModern\main.exe: (anonymous namespace)::TX::_txError()
#28 0x0040B361 in C:\Users\Иван\Documents\OneginModernModern\main.exe: (anonymous namespace)::TX::_txOnSignal()
#29 0x76588F03 in C:\Windows\System32\msvcrt.dll: raise()
#30 0x7658D3CB in C:\Windows\System32\msvcrt.dll: abort()
#31 0x004A822E in C:\Users\Иван\Documents\OneginModernModern\main.exe: emutls_alloc()
#32 0x004109EC in C:\Users\Иван\Documents\OneginModernModern\main.exe: (anonymous namespace)::TX::_txCaptureStackBackTraceTX()
#33 0x00410E6B in C:\Users\Иван\Documents\OneginModernModern\main.exe: (anonymous namespace)::TX::_txProcessError()
#34 0x0040B057 in C:\Users\Иван\Documents\OneginModernModern\main.exe: (anonymous namespace)::TX::_txError()
#35 0x0040B361 in C:\Users\Иван\Documents\OneginModernModern\main.exe: (anonymous namespace)::TX::_txOnSignal()
#36 0x76588F03 in C:\Windows\System32\msvcrt.dll: raise()
#37 0x7658D3CB in C:\Windows\System32\msvcrt.dll: abort()
#38 0x004A822E in C:\Users\Иван\Documents\OneginModernModern\main.exe: emutls_alloc()
#39 0x004109EC in C:\Users\Иван\Documents\OneginModernModern\main.exe: (anonymous namespace)::TX::_txCaptureStackBackTraceTX()
#40 0x00410E6B in C:\Users\Иван\Documents\OneginModernModern\main.exe: (anonymous namespace)::TX::_txProcessError()
#41 0x0040B057 in C:\Users\Иван\Documents\OneginModernModern\main.exe: (anonymous namespace)::TX::_txError()
#42 0x0040B361 in C:\Users\Иван\Documents\OneginModernModern\main.exe: (anonymous namespace)::TX::_txOnSignal()
#43 0x76588F03 in C:\Windows\System32\msvcrt.dll: raise()
#44 0x7658D3CB in C:\Windows\System32\msvcrt.dll: abort()
#45 0x004A822E in C:\Users\Иван\Documents\OneginModernModern\main.exe: emutls_alloc()
#46 0x004109EC in C:\Users\Иван\Documents\OneginModernModern\main.exe: (anonymous namespace)::TX::_txCaptureStackBackTraceTX()
#47 0x00410E6B in C:\Users\Иван\Documents\OneginModernModern\main.exe: (anonymous namespace)::TX::_txProcessError()
#48 0x0040B057 in C:\Users\Иван\Documents\OneginModernModern\main.exe: (anonymous namespace)::TX::_txError()
#49 0x0040B361 in C:\Users\Иван\Documents\OneginModernModern\main.exe: (anonymous namespace)::TX::_txOnSignal()
#50 0x76588F03 in C:\Windows\System32\msvcrt.dll: raise()
#51 0x7658D3CB in C:\Windows\System32\msvcrt.dll: abort()
#52 0x004A822E in C:\Users\Иван\Documents\OneginModernModern\main.exe: emutls_alloc()
#53 0x004109EC in C:\Users\Иван\Documents\OneginModernModern\main.exe: (anonymous namespace)::TX::_txCaptureStackBackTraceTX()
#54 0x00410E6B in C:\Users\Иван\Documents\OneginModernModern\main.exe: (anonymous namespace)::TX::_txProcessError()
#55 0x0040B057 in C:\Users\Иван\Documents\OneginModernModern\main.exe: (anonymous namespace)::TX::_txError()
#56 0x0040B361 in C:\Users\Иван\Documents\OneginModernModern\main.exe: (anonymous namespace)::TX::_txOnSignal()
#57 0x76588F03 in C:\Windows\System32\msvcrt.dll: raise()
#58 0x7658D3CB in C:\Windows\System32\msvcrt.dll: abort()
#59 0x004A822E in C:\Users\Иван\Documents\OneginModernModern\main.exe: emutls_alloc()
#60 0x004109EC in C:\Users\Иван\Documents\OneginModernModern\main.exe: (anonymous namespace)::TX::_txCaptureStackBackTraceTX()
#61 0x00410E6B in C:\Users\Иван\Documents\OneginModernModern\main.exe: (anonymous namespace)::TX::_txProcessError()

TXLib печалится: Нет информации об исходных файлах. Вы не забыли опцию -g при компиляции?

--------------------------------------------------
Developed with:

The Dumb Artist Library (TX Library)
TXLib [Ver: 00173a, Rev: 175, Date: 2025-12-31 23:02:50 +0400]
Copyright (C) Ded (Ilya Dedinsky, http://txlib.ru) <mail@txlib.ru>
See license on: http://txlib.ru

TXLib file:	c:\users\иван\downloads\codeblocks\mingw\include\txlib.h
Compiled:	Sep 20 2026 19:44:02, GNU g++ 4.8.1, std=201103L, MinGW Runtime 3.20, 32-bit, Debug
Started:	Sep 20 2026 19:44:05

Run file:	C:\Users\Иван\Documents\OneginModernModern\main.exe
Directory:	C:\Users\Иван\Documents\OneginModernModern

--------------------------------------------------

--------------------------------------------------
TXLib соболезнует...

Программа: C:\Users\Иван\Documents\OneginModernModern\main.exe,

ВНЕЗАПНО: signal (22, 0x00): SIGABRT: Аварийное завершение программы, вызвана функция abort(). 

С помощью функции signal() вы можете сами обработать эту ошибку.

#13: TXLib [Ver: 00173a, Rev: 175, Date: 2025-12-31 23:02:50 +0400], Instance: 0x004F61DC (32-bit), Flags: Cmdre0, Thread: 0xB70 (Main), GetLastError(): 8 (Недостаточно ресурсов памяти для обработки этой команды), errno: 12 (Visual C++ CRT: Not enough memory to complete call to strerror.). 

--------------------------------------------------
Стек вызовов:

# 0 0x0040B361 in C:\Users\Иван\Documents\OneginModernModern\main.exe: (anonymous namespace)::TX::_txOnSignal()
# 1 0x76588F03 in C:\Windows\System32\msvcrt.dll: raise()
# 2 0x7658D3CB in C:\Windows\System32\msvcrt.dll: abort()
# 3 0x004A823E in C:\Users\Иван\Documents\OneginModernModern\main.exe: emutls_alloc()
# 4 0x004109EC in C:\Users\Иван\Documents\OneginModernModern\main.exe: (anonymous namespace)::TX::_txCaptureStackBackTraceTX()
# 5 0x00410E6B in C:\Users\Иван\Documents\OneginModernModern\main.exe: (anonymous namespace)::TX::_txProcessError()
# 6 0x0040B057 in C:\Users\Иван\Documents\OneginModernModern\main.exe: (anonymous namespace)::TX::_txError()
# 7 0x0040B361 in C:\Users\Иван\Documents\OneginModernModern\main.exe: (anonymous namespace)::TX::_txOnSignal()
# 8 0x76588F03 in C:\Windows\System32\msvcrt.dll: raise()
# 9 0x7658D3CB in C:\Windows\System32\msvcrt.dll: abort()
#10 0x004A823E in C:\Users\Иван\Documents\OneginModernModern\main.exe: emutls_alloc()
#11 0x004109EC in C:\Users\Иван\Documents\OneginModernModern\main.exe: (anonymous namespace)::TX::_txCaptureStackBackTraceTX()
#12 0x00410E6B in C:\Users\Иван\Documents\OneginModernModern\main.exe: (anonymous namespace)::TX::_txProcessError()
#13 0x0040B057 in C:\Users\Иван\Documents\OneginModernModern\main.exe: (anonymous namespace)::TX::_txError()
#14 0x0040B361 in C:\Users\Иван\Documents\OneginModernModern\main.exe: (anonymous namespace)::TX::_txOnSignal()
#15 0x76588F03 in C:\Windows\System32\msvcrt.dll: raise()
#16 0x7658D3CB in C:\Windows\System32\msvcrt.dll: abort()
#17 0x004A823E in C:\Users\Иван\Documents\OneginModernModern\main.exe: emutls_alloc()
#18 0x004109EC in C:\Users\Иван\Documents\OneginModernModern\main.exe: (anonymous namespace)::TX::_txCaptureStackBackTraceTX()
#19 0x00410E6B in C:\Users\Иван\Documents\OneginModernModern\main.exe: (anonymous namespace)::TX::_txProcessError()
#20 0x0040B057 in C:\Users\Иван\Documents\OneginModernModern\main.exe: (anonymous namespace)::TX::_txError()
#21 0x0040B361 in C:\Users\Иван\Documents\OneginModernModern\main.exe: (anonymous namespace)::TX::_txOnSignal()
#22 0x76588F03 in C:\Windows\System32\msvcrt.dll: raise()
#23 0x7658D3CB in C:\Windows\System32\msvcrt.dll: abort()
#24 0x004A823E in C:\Users\Иван\Documents\OneginModernModern\main.exe: emutls_alloc()
#25 0x004109EC in C:\Users\Иван\Documents\OneginModernModern\main.exe: (anonymous namespace)::TX::_txCaptureStackBackTraceTX()
#26 0x00410E6B in C:\Users\Иван\Documents\OneginModernModern\main.exe: (anonymous namespace)::TX::_txProcessError()
#27 0x0040B057 in C:\Users\Иван\Documents\OneginModernModern\main.exe: (anonymous namespace)::TX::_txError()
#28 0x0040B361 in C:\Users\Иван\Documents\OneginModernModern\main.exe: (anonymous namespace)::TX::_txOnSignal()
#29 0x76588F03 in C:\Windows\System32\msvcrt.dll: raise()
#30 0x7658D3CB in C:\Windows\System32\msvcrt.dll: abort()
#31 0x004A823E in C:\Users\Иван\Documents\OneginModernModern\main.exe: emutls_alloc()
#32 0x004109EC in C:\Users\Иван\Documents\OneginModernModern\main.exe: (anonymous namespace)::TX::_txCaptureStackBackTraceTX()
#33 0x00410E6B in C:\Users\Иван\Documents\OneginModernModern\main.exe: (anonymous namespace)::TX::_txProcessError()
#34 0x0040B057 in C:\Users\Иван\Documents\OneginModernModern\main.exe: (anonymous namespace)::TX::_txError()
#35 0x0040B361 in C:\Users\Иван\Documents\OneginModernModern\main.exe: (anonymous namespace)::TX::_txOnSignal()
#36 0x76588F03 in C:\Windows\System32\msvcrt.dll: raise()
#37 0x7658D3CB in C:\Windows\System32\msvcrt.dll: abort()
#38 0x004A823E in C:\Users\Иван\Documents\OneginModernModern\main.exe: emutls_alloc()
#39 0x004109EC in C:\Users\Иван\Documents\OneginModernModern\main.exe: (anonymous namespace)::TX::_txCaptureStackBackTraceTX()
#40 0x00410E6B in C:\Users\Иван\Documents\OneginModernModern\main.exe: (anonymous namespace)::TX::_txProcessError()
#41 0x0040B057 in C:\Users\Иван\Documents\OneginModernModern\main.exe: (anonymous namespace)::TX::_txError()
#42 0x0040B361 in C:\Users\Иван\Documents\OneginModernModern\main.exe: (anonymous namespace)::TX::_txOnSignal()
#43 0x76588F03 in C:\Windows\System32\msvcrt.dll: raise()
#44 0x7658D3CB in C:\Windows\System32\msvcrt.dll: abort()
#45 0x004A823E in C:\Users\Иван\Documents\OneginModernModern\main.exe: emutls_alloc()
#46 0x004109EC in C:\Users\Иван\Documents\OneginModernModern\main.exe: (anonymous namespace)::TX::_txCaptureStackBackTraceTX()
#47 0x00410E6B in C:\Users\Иван\Documents\OneginModernModern\main.exe: (anonymous namespace)::TX::_txProcessError()
#48 0x0040B057 in C:\Users\Иван\Documents\OneginModernModern\main.exe: (anonymous namespace)::TX::_txError()
#49 0x0040B361 in C:\Users\Иван\Documents\OneginModernModern\main.exe: (anonymous namespace)::TX::_txOnSignal()
#50 0x76588F03 in C:\Windows\System32\msvcrt.dll: raise()
#51 0x7658D3CB in C:\Windows\System32\msvcrt.dll: abort()
#52 0x004A823E in C:\Users\Иван\Documents\OneginModernModern\main.exe: emutls_alloc()
#53 0x004109EC in C:\Users\Иван\Documents\OneginModernModern\main.exe: (anonymous namespace)::TX::_txCaptureStackBackTraceTX()
#54 0x00410E6B in C:\Users\Иван\Documents\OneginModernModern\main.exe: (anonymous namespace)::TX::_txProcessError()
#55 0x0040B057 in C:\Users\Иван\Documents\OneginModernModern\main.exe: (anonymous namespace)::TX::_txError()
#56 0x0040B361 in C:\Users\Иван\Documents\OneginModernModern\main.exe: (anonymous namespace)::TX::_txOnSignal()
#57 0x76588F03 in C:\Windows\System32\msvcrt.dll: raise()
#58 0x7658D3CB in C:\Windows\System32\msvcrt.dll: abort()
#59 0x004A823E in C:\Users\Иван\Documents\OneginModernModern\main.exe: emutls_alloc()
#60 0x004109EC in C:\Users\Иван\Documents\OneginModernModern\main.exe: (anonymous namespace)::TX::_txCaptureStackBackTraceTX()
#61 0x00410E6B in C:\Users\Иван\Documents\OneginModernModern\main.exe: (anonymous namespace)::TX::_txProcessError()

TXLib печалится: Нет информации об исходных файлах. Вы не забыли опцию -g при компиляции?

--------------------------------------------------
Developed with:

The Dumb Artist Library (TX Library)
TXLib [Ver: 00173a, Rev: 175, Date: 2025-12-31 23:02:50 +0400]
Copyright (C) Ded (Ilya Dedinsky, http://txlib.ru) <mail@txlib.ru>
See license on: http://txlib.ru

TXLib file:	c:\users\иван\downloads\codeblocks\mingw\include\txlib.h
Compiled:	Sep 20 2026 19:44:19, GNU g++ 4.8.1, std=201103L, MinGW Runtime 3.20, 32-bit, Debug
Started:	Sep 20 2026 19:44:21

Run file:	C:\Users\Иван\Documents\OneginModernModern\main.exe
Directory:	C:\Users\Иван\Documents\OneginModernModern

--------------------------------------------------

--------------------------------------------------
TXLib соболезнует...

Программа: C:\Users\Иван\Documents\OneginModernModern\main.exe,

ВНЕЗАПНО: signal (22, 0x00): SIGABRT: Аварийное завершение программы, вызвана функция abort(). 

С помощью функции signal() вы можете сами обработать эту ошибку.

#13: TXLib [Ver: 00173a, Rev: 175, Date: 2025-12-31 23:02:50 +0400], Instance: 0x004F61DC (32-bit), Flags: Cmdre0, Thread: 0x22A8 (Main), GetLastError(): 8 (Недостаточно ресурсов памяти для обработки этой команды), errno: 12 (Visual C++ CRT: Not enough memory to complete call to strerror.). 

--------------------------------------------------
Стек вызовов:

# 0 0x0040B361 in C:\Users\Иван\Documents\OneginModernModern\main.exe: (anonymous namespace)::TX::_txOnSignal()
# 1 0x76588F03 in C:\Windows\System32\msvcrt.dll: raise()
# 2 0x7658D3CB in C:\Windows\System32\msvcrt.dll: abort()
# 3 0x004A81CE in C:\Users\Иван\Documents\OneginModernModern\main.exe: emutls_alloc()
# 4 0x004109EC in C:\Users\Иван\Documents\OneginModernModern\main.exe: (anonymous namespace)::TX::_txCaptureStackBackTraceTX()
# 5 0x00410E6B in C:\Users\Иван\Documents\OneginModernModern\main.exe: (anonymous namespace)::TX::_txProcessError()
# 6 0x0040B057 in C:\Users\Иван\Documents\OneginModernModern\main.exe: (anonymous namespace)::TX::_txError()
# 7 0x0040B361 in C:\Users\Иван\Documents\OneginModernModern\main.exe: (anonymous namespace)::TX::_txOnSignal()
# 8 0x76588F03 in C:\Windows\System32\msvcrt.dll: raise()
# 9 0x7658D3CB in C:\Windows\System32\msvcrt.dll: abort()
#10 0x004A81CE in C:\Users\Иван\Documents\OneginModernModern\main.exe: emutls_alloc()
#11 0x004109EC in C:\Users\Иван\Documents\OneginModernModern\main.exe: (anonymous namespace)::TX::_txCaptureStackBackTraceTX()
#12 0x00410E6B in C:\Users\Иван\Documents\OneginModernModern\main.exe: (anonymous namespace)::TX::_txProcessError()
#13 0x0040B057 in C:\Users\Иван\Documents\OneginModernModern\main.exe: (anonymous namespace)::TX::_txError()
#14 0x0040B361 in C:\Users\Иван\Documents\OneginModernModern\main.exe: (anonymous namespace)::TX::_txOnSignal()
#15 0x76588F03 in C:\Windows\System32\msvcrt.dll: raise()
#16 0x7658D3CB in C:\Windows\System32\msvcrt.dll: abort()
#17 0x004A81CE in C:\Users\Иван\Documents\OneginModernModern\main.exe: emutls_alloc()
#18 0x004109EC in C:\Users\Иван\Documents\OneginModernModern\main.exe: (anonymous namespace)::TX::_txCaptureStackBackTraceTX()
#19 0x00410E6B in C:\Users\Иван\Documents\OneginModernModern\main.exe: (anonymous namespace)::TX::_txProcessError()
#20 0x0040B057 in C:\Users\Иван\Documents\OneginModernModern\main.exe: (anonymous namespace)::TX::_txError()
#21 0x0040B361 in C:\Users\Иван\Documents\OneginModernModern\main.exe: (anonymous namespace)::TX::_txOnSignal()
#22 0x76588F03 in C:\Windows\System32\msvcrt.dll: raise()
#23 0x7658D3CB in C:\Windows\System32\msvcrt.dll: abort()
#24 0x004A81CE in C:\Users\Иван\Documents\OneginModernModern\main.exe: emutls_alloc()
#25 0x004109EC in C:\Users\Иван\Documents\OneginModernModern\main.exe: (anonymous namespace)::TX::_txCaptureStackBackTraceTX()
#26 0x00410E6B in C:\Users\Иван\Documents\OneginModernModern\main.exe: (anonymous namespace)::TX::_txProcessError()
#27 0x0040B057 in C:\Users\Иван\Documents\OneginModernModern\main.exe: (anonymous namespace)::TX::_txError()
#28 0x0040B361 in C:\Users\Иван\Documents\OneginModernModern\main.exe: (anonymous namespace)::TX::_txOnSignal()
#29 0x76588F03 in C:\Windows\System32\msvcrt.dll: raise()
#30 0x7658D3CB in C:\Windows\System32\msvcrt.dll: abort()
#31 0x004A81CE in C:\Users\Иван\Documents\OneginModernModern\main.exe: emutls_alloc()
#32 0x004109EC in C:\Users\Иван\Documents\OneginModernModern\main.exe: (anonymous namespace)::TX::_txCaptureStackBackTraceTX()
#33 0x00410E6B in C:\Users\Иван\Documents\OneginModernModern\main.exe: (anonymous namespace)::TX::_txProcessError()
#34 0x0040B057 in C:\Users\Иван\Documents\OneginModernModern\main.exe: (anonymous namespace)::TX::_txError()
#35 0x0040B361 in C:\Users\Иван\Documents\OneginModernModern\main.exe: (anonymous namespace)::TX::_txOnSignal()
#36 0x76588F03 in C:\Windows\System32\msvcrt.dll: raise()
#37 0x7658D3CB in C:\Windows\System32\msvcrt.dll: abort()
#38 0x004A81CE in C:\Users\Иван\Documents\OneginModernModern\main.exe: emutls_alloc()
#39 0x004109EC in C:\Users\Иван\Documents\OneginModernModern\main.exe: (anonymous namespace)::TX::_txCaptureStackBackTraceTX()
#40 0x00410E6B in C:\Users\Иван\Documents\OneginModernModern\main.exe: (anonymous namespace)::TX::_txProcessError()
#41 0x0040B057 in C:\Users\Иван\Documents\OneginModernModern\main.exe: (anonymous namespace)::TX::_txError()
#42 0x0040B361 in C:\Users\Иван\Documents\OneginModernModern\main.exe: (anonymous namespace)::TX::_txOnSignal()
#43 0x76588F03 in C:\Windows\System32\msvcrt.dll: raise()
#44 0x7658D3CB in C:\Windows\System32\msvcrt.dll: abort()
#45 0x004A81CE in C:\Users\Иван\Documents\OneginModernModern\main.exe: emutls_alloc()
#46 0x004109EC in C:\Users\Иван\Documents\OneginModernModern\main.exe: (anonymous namespace)::TX::_txCaptureStackBackTraceTX()
#47 0x00410E6B in C:\Users\Иван\Documents\OneginModernModern\main.exe: (anonymous namespace)::TX::_txProcessError()
#48 0x0040B057 in C:\Users\Иван\Documents\OneginModernModern\main.exe: (anonymous namespace)::TX::_txError()
#49 0x0040B361 in C:\Users\Иван\Documents\OneginModernModern\main.exe: (anonymous namespace)::TX::_txOnSignal()
#50 0x76588F03 in C:\Windows\System32\msvcrt.dll: raise()
#51 0x7658D3CB in C:\Windows\System32\msvcrt.dll: abort()
#52 0x004A81CE in C:\Users\Иван\Documents\OneginModernModern\main.exe: emutls_alloc()
#53 0x004109EC in C:\Users\Иван\Documents\OneginModernModern\main.exe: (anonymous namespace)::TX::_txCaptureStackBackTraceTX()
#54 0x00410E6B in C:\Users\Иван\Documents\OneginModernModern\main.exe: (anonymous namespace)::TX::_txProcessError()
#55 0x0040B057 in C:\Users\Иван\Documents\OneginModernModern\main.exe: (anonymous namespace)::TX::_txError()
#56 0x0040B361 in C:\Users\Иван\Documents\OneginModernModern\main.exe: (anonymous namespace)::TX::_txOnSignal()
#57 0x76588F03 in C:\Windows\System32\msvcrt.dll: raise()
#58 0x7658D3CB in C:\Windows\System32\msvcrt.dll: abort()
#59 0x004A81CE in C:\Users\Иван\Documents\OneginModernModern\main.exe: emutls_alloc()
#60 0x004109EC in C:\Users\Иван\Documents\OneginModernModern\main.exe: (anonymous namespace)::TX::_txCaptureStackBackTraceTX()
#61 0x00410E6B in C:\Users\Иван\Documents\OneginModernModern\main.exe: (anonymous namespace)::TX::_txProcessError()

TXLib печалится: Нет информации об исходных файлах. Вы не забыли опцию -g при компиляции?

--------------------------------------------------
Developed with:

The Dumb Artist Library (TX Library)
TXLib [Ver: 00173a, Rev: 175, Date: 2025-12-31 23:02:50 +0400]
Copyright (C) Ded (Ilya Dedinsky, http://txlib.ru) <mail@txlib.ru>
See license on: http://txlib.ru

TXLib file:	c:\users\иван\downloads\codeblocks\mingw\include\txlib.h
Compiled:	Sep 20 2026 19:44:39, GNU g++ 4.8.1, std=201103L, MinGW Runtime 3.20, 32-bit, Debug
Started:	Sep 20 2026 19:44:42

Run file:	C:\Users\Иван\Documents\OneginModernModern\main.exe
Directory:	C:\Users\Иван\Documents\OneginModernModern

--------------------------------------------------

--------------------------------------------------
TXLib соболезнует...

Программа: C:\Users\Иван\Documents\OneginModernModern\main.exe,

ВНЕЗАПНО: signal (22, 0x00): SIGABRT: Аварийное завершение программы, вызвана функция abort(). 

С помощью функции signal() вы можете сами обработать эту ошибку.

#32: TXLib [Ver: 00173a, Rev: 175, Date: 2025-12-31 23:02:50 +0400], Instance: 0x004F61DC (32-bit), Flags: Cmdre0, Thread: 0xFE4 (Main), GetLastError(): 8 (Недостаточно ресурсов памяти для обработки этой команды), errno: 12 (Visual C++ CRT: Not enough memory to complete call to strerror.). 

--------------------------------------------------
Стек вызовов:

# 0 0x0040B361 in C:\Users\Иван\Documents\OneginModernModern\main.exe: (anonymous namespace)::TX::_txOnSignal()
# 1 0x76588F03 in C:\Windows\System32\msvcrt.dll: raise()
# 2 0x7658D3CB in C:\Windows\System32\msvcrt.dll: abort()
# 3 0x004A81CE in C:\Users\Иван\Documents\OneginModernModern\main.exe: emutls_alloc()
# 4 0x004109EC in C:\Users\Иван\Documents\OneginModernModern\main.exe: (anonymous namespace)::TX::_txCaptureStackBackTraceTX()
# 5 0x00410E6B in C:\Users\Иван\Documents\OneginModernModern\main.exe: (anonymous namespace)::TX::_txProcessError()
# 6 0x0040B057 in C:\Users\Иван\Documents\OneginModernModern\main.exe: (anonymous namespace)::TX::_txError()
# 7 0x0040B361 in C:\Users\Иван\Documents\OneginModernModern\main.exe: (anonymous namespace)::TX::_txOnSignal()
# 8 0x76588F03 in C:\Windows\System32\msvcrt.dll: raise()
# 9 0x7658D3CB in C:\Windows\System32\msvcrt.dll: abort()
#10 0x004A81CE in C:\Users\Иван\Documents\OneginModernModern\main.exe: emutls_alloc()
#11 0x004109EC in C:\Users\Иван\Documents\OneginModernModern\main.exe: (anonymous namespace)::TX::_txCaptureStackBackTraceTX()
#12 0x00410E6B in C:\Users\Иван\Documents\OneginModernModern\main.exe: (anonymous namespace)::TX::_txProcessError()
#13 0x0040B057 in C:\Users\Иван\Documents\OneginModernModern\main.exe: (anonymous namespace)::TX::_txError()
#14 0x0040B361 in C:\Users\Иван\Documents\OneginModernModern\main.exe: (anonymous namespace)::TX::_txOnSignal()
#15 0x76588F03 in C:\Windows\System32\msvcrt.dll: raise()
#16 0x7658D3CB in C:\Windows\System32\msvcrt.dll: abort()
#17 0x004A81CE in C:\Users\Иван\Documents\OneginModernModern\main.exe: emutls_alloc()
#18 0x004109EC in C:\Users\Иван\Documents\OneginModernModern\main.exe: (anonymous namespace)::TX::_txCaptureStackBackTraceTX()
#19 0x00410E6B in C:\Users\Иван\Documents\OneginModernModern\main.exe: (anonymous namespace)::TX::_txProcessError()
#20 0x0040B057 in C:\Users\Иван\Documents\OneginModernModern\main.exe: (anonymous namespace)::TX::_txError()
#21 0x0040B361 in C:\Users\Иван\Documents\OneginModernModern\main.exe: (anonymous namespace)::TX::_txOnSignal()
#22 0x76588F03 in C:\Windows\System32\msvcrt.dll: raise()
#23 0x7658D3CB in C:\Windows\System32\msvcrt.dll: abort()
#24 0x004A81CE in C:\Users\Иван\Documents\OneginModernModern\main.exe: emutls_alloc()
#25 0x004109EC in C:\Users\Иван\Documents\OneginModernModern\main.exe: (anonymous namespace)::TX::_txCaptureStackBackTraceTX()
#26 0x00410E6B in C:\Users\Иван\Documents\OneginModernModern\main.exe: (anonymous namespace)::TX::_txProcessError()
#27 0x0040B057 in C:\Users\Иван\Documents\OneginModernModern\main.exe: (anonymous namespace)::TX::_txError()
#28 0x0040B361 in C:\Users\Иван\Documents\OneginModernModern\main.exe: (anonymous namespace)::TX::_txOnSignal()
#29 0x76588F03 in C:\Windows\System32\msvcrt.dll: raise()
#30 0x7658D3CB in C:\Windows\System32\msvcrt.dll: abort()
#31 0x004A81CE in C:\Users\Иван\Documents\OneginModernModern\main.exe: emutls_alloc()
#32 0x004109EC in C:\Users\Иван\Documents\OneginModernModern\main.exe: (anonymous namespace)::TX::_txCaptureStackBackTraceTX()
#33 0x00410E6B in C:\Users\Иван\Documents\OneginModernModern\main.exe: (anonymous namespace)::TX::_txProcessError()
#34 0x0040B057 in C:\Users\Иван\Documents\OneginModernModern\main.exe: (anonymous namespace)::TX::_txError()
#35 0x0040B361 in C:\Users\Иван\Documents\OneginModernModern\main.exe: (anonymous namespace)::TX::_txOnSignal()
#36 0x76588F03 in C:\Windows\System32\msvcrt.dll: raise()
#37 0x7658D3CB in C:\Windows\System32\msvcrt.dll: abort()
#38 0x004A81CE in C:\Users\Иван\Documents\OneginModernModern\main.exe: emutls_alloc()
#39 0x004109EC in C:\Users\Иван\Documents\OneginModernModern\main.exe: (anonymous namespace)::TX::_txCaptureStackBackTraceTX()
#40 0x00410E6B in C:\Users\Иван\Documents\OneginModernModern\main.exe: (anonymous namespace)::TX::_txProcessError()
#41 0x0040B057 in C:\Users\Иван\Documents\OneginModernModern\main.exe: (anonymous namespace)::TX::_txError()
#42 0x0040B361 in C:\Users\Иван\Documents\OneginModernModern\main.exe: (anonymous namespace)::TX::_txOnSignal()
#43 0x76588F03 in C:\Windows\System32\msvcrt.dll: raise()
#44 0x7658D3CB in C:\Windows\System32\msvcrt.dll: abort()
#45 0x004A81CE in C:\Users\Иван\Documents\OneginModernModern\main.exe: emutls_alloc()
#46 0x004109EC in C:\Users\Иван\Documents\OneginModernModern\main.exe: (anonymous namespace)::TX::_txCaptureStackBackTraceTX()
#47 0x00410E6B in C:\Users\Иван\Documents\OneginModernModern\main.exe: (anonymous namespace)::TX::_txProcessError()
#48 0x0040B057 in C:\Users\Иван\Documents\OneginModernModern\main.exe: (anonymous namespace)::TX::_txError()
#49 0x0040B361 in C:\Users\Иван\Documents\OneginModernModern\main.exe: (anonymous namespace)::TX::_txOnSignal()
#50 0x76588F03 in C:\Windows\System32\msvcrt.dll: raise()
#51 0x7658D3CB in C:\Windows\System32\msvcrt.dll: abort()
#52 0x004A81CE in C:\Users\Иван\Documents\OneginModernModern\main.exe: emutls_alloc()
#53 0x004109EC in C:\Users\Иван\Documents\OneginModernModern\main.exe: (anonymous namespace)::TX::_txCaptureStackBackTraceTX()
#54 0x00410E6B in C:\Users\Иван\Documents\OneginModernModern\main.exe: (anonymous namespace)::TX::_txProcessError()
#55 0x0040B057 in C:\Users\Иван\Documents\OneginModernModern\main.exe: (anonymous namespace)::TX::_txError()
#56 0x0040B361 in C:\Users\Иван\Documents\OneginModernModern\main.exe: (anonymous namespace)::TX::_txOnSignal()
#57 0x76588F03 in C:\Windows\System32\msvcrt.dll: raise()
#58 0x7658D3CB in C:\Windows\System32\msvcrt.dll: abort()
#59 0x004A81CE in C:\Users\Иван\Documents\OneginModernModern\main.exe: emutls_alloc()
#60 0x004109EC in C:\Users\Иван\Documents\OneginModernModern\main.exe: (anonymous namespace)::TX::_txCaptureStackBackTraceTX()
#61 0x00410E6B in C:\Users\Иван\Documents\OneginModernModern\main.exe: (anonymous namespace)::TX::_txProcessError()

TXLib печалится: Нет информации об исходных файлах. Вы не забыли опцию -g при компиляции?

--------------------------------------------------
Developed with:

The Dumb Artist Library (TX Library)
TXLib [Ver: 00173a, Rev: 175, Date: 2025-12-31 23:02:50 +0400]
Copyright (C) Ded (Ilya Dedinsky, http://txlib.ru) <mail@txlib.ru>
See license on: http://txlib.ru

TXLib file:	c:\users\иван\downloads\codeblocks\mingw\include\txlib.h
Compiled:	Sep 20 2026 19:45:55, GNU g++ 4.8.1, std=201103L, MinGW Runtime 3.20, 32-bit, Debug
Started:	Sep 20 2026 19:45:58

Run file:	C:\Users\Иван\Documents\OneginModernModern\main.exe
Directory:	C:\Users\Иван\Documents\OneginModernModern

--------------------------------------------------

--------------------------------------------------
TXLib соболезнует...

Программа: C:\Users\Иван\Documents\OneginModernModern\main.exe,

ВНЕЗАПНО: signal (22, 0x00): SIGABRT: Аварийное завершение программы, вызвана функция abort(). 

С помощью функции signal() вы можете сами обработать эту ошибку.

#30: TXLib [Ver: 00173a, Rev: 175, Date: 2025-12-31 23:02:50 +0400], Instance: 0x004F61DC (32-bit), Flags: Cmdre0, Thread: 0x4648 (Main), GetLastError(): 8 (Недостаточно ресурсов памяти для обработки этой команды), errno: 12 (Visual C++ CRT: Not enough memory to complete call to strerror.). 

--------------------------------------------------
Стек вызовов:

# 0 0x0040B361 in C:\Users\Иван\Documents\OneginModernModern\main.exe: (anonymous namespace)::TX::_txOnSignal()
# 1 0x76588F03 in C:\Windows\System32\msvcrt.dll: raise()
# 2 0x7658D3CB in C:\Windows\System32\msvcrt.dll: abort()
# 3 0x004A81CE in C:\Users\Иван\Documents\OneginModernModern\main.exe: emutls_alloc()
# 4 0x004109EC in C:\Users\Иван\Documents\OneginModernModern\main.exe: (anonymous namespace)::TX::_txCaptureStackBackTraceTX()
# 5 0x00410E6B in C:\Users\Иван\Documents\OneginModernModern\main.exe: (anonymous namespace)::TX::_txProcessError()
# 6 0x0040B057 in C:\Users\Иван\Documents\OneginModernModern\main.exe: (anonymous namespace)::TX::_txError()
# 7 0x0040B361 in C:\Users\Иван\Documents\OneginModernModern\main.exe: (anonymous namespace)::TX::_txOnSignal()
# 8 0x76588F03 in C:\Windows\System32\msvcrt.dll: raise()
# 9 0x7658D3CB in C:\Windows\System32\msvcrt.dll: abort()
#10 0x004A81CE in C:\Users\Иван\Documents\OneginModernModern\main.exe: emutls_alloc()
#11 0x004109EC in C:\Users\Иван\Documents\OneginModernModern\main.exe: (anonymous namespace)::TX::_txCaptureStackBackTraceTX()
#12 0x00410E6B in C:\Users\Иван\Documents\OneginModernModern\main.exe: (anonymous namespace)::TX::_txProcessError()
#13 0x0040B057 in C:\Users\Иван\Documents\OneginModernModern\main.exe: (anonymous namespace)::TX::_txError()
#14 0x0040B361 in C:\Users\Иван\Documents\OneginModernModern\main.exe: (anonymous namespace)::TX::_txOnSignal()
#15 0x76588F03 in C:\Windows\System32\msvcrt.dll: raise()
#16 0x7658D3CB in C:\Windows\System32\msvcrt.dll: abort()
#17 0x004A81CE in C:\Users\Иван\Documents\OneginModernModern\main.exe: emutls_alloc()
#18 0x004109EC in C:\Users\Иван\Documents\OneginModernModern\main.exe: (anonymous namespace)::TX::_txCaptureStackBackTraceTX()
#19 0x00410E6B in C:\Users\Иван\Documents\OneginModernModern\main.exe: (anonymous namespace)::TX::_txProcessError()
#20 0x0040B057 in C:\Users\Иван\Documents\OneginModernModern\main.exe: (anonymous namespace)::TX::_txError()
#21 0x0040B361 in C:\Users\Иван\Documents\OneginModernModern\main.exe: (anonymous namespace)::TX::_txOnSignal()
#22 0x76588F03 in C:\Windows\System32\msvcrt.dll: raise()
#23 0x7658D3CB in C:\Windows\System32\msvcrt.dll: abort()
#24 0x004A81CE in C:\Users\Иван\Documents\OneginModernModern\main.exe: emutls_alloc()
#25 0x004109EC in C:\Users\Иван\Documents\OneginModernModern\main.exe: (anonymous namespace)::TX::_txCaptureStackBackTraceTX()
#26 0x00410E6B in C:\Users\Иван\Documents\OneginModernModern\main.exe: (anonymous namespace)::TX::_txProcessError()
#27 0x0040B057 in C:\Users\Иван\Documents\OneginModernModern\main.exe: (anonymous namespace)::TX::_txError()
#28 0x0040B361 in C:\Users\Иван\Documents\OneginModernModern\main.exe: (anonymous namespace)::TX::_txOnSignal()
#29 0x76588F03 in C:\Windows\System32\msvcrt.dll: raise()
#30 0x7658D3CB in C:\Windows\System32\msvcrt.dll: abort()
#31 0x004A81CE in C:\Users\Иван\Documents\OneginModernModern\main.exe: emutls_alloc()
#32 0x004109EC in C:\Users\Иван\Documents\OneginModernModern\main.exe: (anonymous namespace)::TX::_txCaptureStackBackTraceTX()
#33 0x00410E6B in C:\Users\Иван\Documents\OneginModernModern\main.exe: (anonymous namespace)::TX::_txProcessError()
#34 0x0040B057 in C:\Users\Иван\Documents\OneginModernModern\main.exe: (anonymous namespace)::TX::_txError()
#35 0x0040B361 in C:\Users\Иван\Documents\OneginModernModern\main.exe: (anonymous namespace)::TX::_txOnSignal()
#36 0x76588F03 in C:\Windows\System32\msvcrt.dll: raise()
#37 0x7658D3CB in C:\Windows\System32\msvcrt.dll: abort()
#38 0x004A81CE in C:\Users\Иван\Documents\OneginModernModern\main.exe: emutls_alloc()
#39 0x004109EC in C:\Users\Иван\Documents\OneginModernModern\main.exe: (anonymous namespace)::TX::_txCaptureStackBackTraceTX()
#40 0x00410E6B in C:\Users\Иван\Documents\OneginModernModern\main.exe: (anonymous namespace)::TX::_txProcessError()
#41 0x0040B057 in C:\Users\Иван\Documents\OneginModernModern\main.exe: (anonymous namespace)::TX::_txError()
#42 0x0040B361 in C:\Users\Иван\Documents\OneginModernModern\main.exe: (anonymous namespace)::TX::_txOnSignal()
#43 0x76588F03 in C:\Windows\System32\msvcrt.dll: raise()
#44 0x7658D3CB in C:\Windows\System32\msvcrt.dll: abort()
#45 0x004A81CE in C:\Users\Иван\Documents\OneginModernModern\main.exe: emutls_alloc()
#46 0x004109EC in C:\Users\Иван\Documents\OneginModernModern\main.exe: (anonymous namespace)::TX::_txCaptureStackBackTraceTX()
#47 0x00410E6B in C:\Users\Иван\Documents\OneginModernModern\main.exe: (anonymous namespace)::TX::_txProcessError()
#48 0x0040B057 in C:\Users\Иван\Documents\OneginModernModern\main.exe: (anonymous namespace)::TX::_txError()
#49 0x0040B361 in C:\Users\Иван\Documents\OneginModernModern\main.exe: (anonymous namespace)::TX::_txOnSignal()
#50 0x76588F03 in C:\Windows\System32\msvcrt.dll: raise()
#51 0x7658D3CB in C:\Windows\System32\msvcrt.dll: abort()
#52 0x004A81CE in C:\Users\Иван\Documents\OneginModernModern\main.exe: emutls_alloc()
#53 0x004109EC in C:\Users\Иван\Documents\OneginModernModern\main.exe: (anonymous namespace)::TX::_txCaptureStackBackTraceTX()
#54 0x00410E6B in C:\Users\Иван\Documents\OneginModernModern\main.exe: (anonymous namespace)::TX::_txProcessError()
#55 0x0040B057 in C:\Users\Иван\Documents\OneginModernModern\main.exe: (anonymous namespace)::TX::_txError()
#56 0x0040B361 in C:\Users\Иван\Documents\OneginModernModern\main.exe: (anonymous namespace)::TX::_txOnSignal()
#57 0x76588F03 in C:\Windows\System32\msvcrt.dll: raise()
#58 0x7658D3CB in C:\Windows\System32\msvcrt.dll: abort()
#59 0x004A81CE in C:\Users\Иван\Documents\OneginModernModern\main.exe: emutls_alloc()
#60 0x004109EC in C:\Users\Иван\Documents\OneginModernModern\main.exe: (anonymous namespace)::TX::_txCaptureStackBackTraceTX()
#61 0x00410E6B in C:\Users\Иван\Documents\OneginModernModern\main.exe: (anonymous namespace)::TX::_txProcessError()

TXLib печалится: Нет информации об исходных файлах. Вы не забыли опцию -g при компиляции?

--------------------------------------------------
Developed with:

The Dumb Artist Library (TX Library)
TXLib [Ver: 00173a, Rev: 175, Date: 2025-12-31 23:02:50 +0400]
Copyright (C) Ded (Ilya Dedinsky, http://txlib.ru) <mail@txlib.ru>
See license on: http://txlib.ru

TXLib file:	c:\users\иван\downloads\codeblocks\mingw\include\txlib.h
Compiled:	Sep 20 2026 19:46:51, GNU g++ 4.8.1, std=201103L, MinGW Runtime 3.20, 32-bit, Debug
Started:	Sep 20 2026 19:46:54

Run file:	C:\Users\Иван\Documents\OneginModernModern\main.exe
Directory:	C:\Users\Иван\Documents\OneginModernModern

--------------------------------------------------

--------------------------------------------------
TXLib соболезнует...

Программа: C:\Users\Иван\Documents\OneginModernModern\main.exe,

ВНЕЗАПНО: signal (22, 0x00): SIGABRT: Аварийное завершение программы, вызвана функция abort(). 

С помощью функции signal() вы можете сами обработать эту ошибку.

#30: TXLib [Ver: 00173a, Rev: 175, Date: 2025-12-31 23:02:50 +0400], Instance: 0x004F61DC (32-bit), Flags: Cmdre0, Thread: 0x2244 (Main), GetLastError(): 8 (Недостаточно ресурсов памяти для обработки этой команды), errno: 12 (Not enough space). 

--------------------------------------------------
Стек вызовов:

# 0 0x0040B361 in C:\Users\Иван\Documents\OneginModernModern\main.exe: (anonymous namespace)::TX::_txOnSignal()
# 1 0x76588F03 in C:\Windows\System32\msvcrt.dll: raise()
# 2 0x7658D3CB in C:\Windows\System32\msvcrt.dll: abort()
# 3 0x004A81CE in C:\Users\Иван\Documents\OneginModernModern\main.exe: emutls_alloc()
# 4 0x004109EC in C:\Users\Иван\Documents\OneginModernModern\main.exe: (anonymous namespace)::TX::_txCaptureStackBackTraceTX()
# 5 0x00410E6B in C:\Users\Иван\Documents\OneginModernModern\main.exe: (anonymous namespace)::TX::_txProcessError()
# 6 0x0040B057 in C:\Users\Иван\Documents\OneginModernModern\main.exe: (anonymous namespace)::TX::_txError()
# 7 0x0040B361 in C:\Users\Иван\Documents\OneginModernModern\main.exe: (anonymous namespace)::TX::_txOnSignal()
# 8 0x76588F03 in C:\Windows\System32\msvcrt.dll: raise()
# 9 0x7658D3CB in C:\Windows\System32\msvcrt.dll: abort()
#10 0x004A81CE in C:\Users\Иван\Documents\OneginModernModern\main.exe: emutls_alloc()
#11 0x004109EC in C:\Users\Иван\Documents\OneginModernModern\main.exe: (anonymous namespace)::TX::_txCaptureStackBackTraceTX()
#12 0x00410E6B in C:\Users\Иван\Documents\OneginModernModern\main.exe: (anonymous namespace)::TX::_txProcessError()
#13 0x0040B057 in C:\Users\Иван\Documents\OneginModernModern\main.exe: (anonymous namespace)::TX::_txError()
#14 0x0040B361 in C:\Users\Иван\Documents\OneginModernModern\main.exe: (anonymous namespace)::TX::_txOnSignal()
#15 0x76588F03 in C:\Windows\System32\msvcrt.dll: raise()
#16 0x7658D3CB in C:\Windows\System32\msvcrt.dll: abort()
#17 0x004A81CE in C:\Users\Иван\Documents\OneginModernModern\main.exe: emutls_alloc()
#18 0x004109EC in C:\Users\Иван\Documents\OneginModernModern\main.exe: (anonymous namespace)::TX::_txCaptureStackBackTraceTX()
#19 0x00410E6B in C:\Users\Иван\Documents\OneginModernModern\main.exe: (anonymous namespace)::TX::_txProcessError()
#20 0x0040B057 in C:\Users\Иван\Documents\OneginModernModern\main.exe: (anonymous namespace)::TX::_txError()
#21 0x0040B361 in C:\Users\Иван\Documents\OneginModernModern\main.exe: (anonymous namespace)::TX::_txOnSignal()
#22 0x76588F03 in C:\Windows\System32\msvcrt.dll: raise()
#23 0x7658D3CB in C:\Windows\System32\msvcrt.dll: abort()
#24 0x004A81CE in C:\Users\Иван\Documents\OneginModernModern\main.exe: emutls_alloc()
#25 0x004109EC in C:\Users\Иван\Documents\OneginModernModern\main.exe: (anonymous namespace)::TX::_txCaptureStackBackTraceTX()
#26 0x00410E6B in C:\Users\Иван\Documents\OneginModernModern\main.exe: (anonymous namespace)::TX::_txProcessError()
#27 0x0040B057 in C:\Users\Иван\Documents\OneginModernModern\main.exe: (anonymous namespace)::TX::_txError()
#28 0x0040B361 in C:\Users\Иван\Documents\OneginModernModern\main.exe: (anonymous namespace)::TX::_txOnSignal()
#29 0x76588F03 in C:\Windows\System32\msvcrt.dll: raise()
#30 0x7658D3CB in C:\Windows\System32\msvcrt.dll: abort()
#31 0x004A81CE in C:\Users\Иван\Documents\OneginModernModern\main.exe: emutls_alloc()
#32 0x004109EC in C:\Users\Иван\Documents\OneginModernModern\main.exe: (anonymous namespace)::TX::_txCaptureStackBackTraceTX()
#33 0x00410E6B in C:\Users\Иван\Documents\OneginModernModern\main.exe: (anonymous namespace)::TX::_txProcessError()
#34 0x0040B057 in C:\Users\Иван\Documents\OneginModernModern\main.exe: (anonymous namespace)::TX::_txError()
#35 0x0040B361 in C:\Users\Иван\Documents\OneginModernModern\main.exe: (anonymous namespace)::TX::_txOnSignal()
#36 0x76588F03 in C:\Windows\System32\msvcrt.dll: raise()
#37 0x7658D3CB in C:\Windows\System32\msvcrt.dll: abort()
#38 0x004A81CE in C:\Users\Иван\Documents\OneginModernModern\main.exe: emutls_alloc()
#39 0x004109EC in C:\Users\Иван\Documents\OneginModernModern\main.exe: (anonymous namespace)::TX::_txCaptureStackBackTraceTX()
#40 0x00410E6B in C:\Users\Иван\Documents\OneginModernModern\main.exe: (anonymous namespace)::TX::_txProcessError()
#41 0x0040B057 in C:\Users\Иван\Documents\OneginModernModern\main.exe: (anonymous namespace)::TX::_txError()
#42 0x0040B361 in C:\Users\Иван\Documents\OneginModernModern\main.exe: (anonymous namespace)::TX::_txOnSignal()
#43 0x76588F03 in C:\Windows\System32\msvcrt.dll: raise()
#44 0x7658D3CB in C:\Windows\System32\msvcrt.dll: abort()
#45 0x004A81CE in C:\Users\Иван\Documents\OneginModernModern\main.exe: emutls_alloc()
#46 0x004109EC in C:\Users\Иван\Documents\OneginModernModern\main.exe: (anonymous namespace)::TX::_txCaptureStackBackTraceTX()
#47 0x00410E6B in C:\Users\Иван\Documents\OneginModernModern\main.exe: (anonymous namespace)::TX::_txProcessError()
#48 0x0040B057 in C:\Users\Иван\Documents\OneginModernModern\main.exe: (anonymous namespace)::TX::_txError()
#49 0x0040B361 in C:\Users\Иван\Documents\OneginModernModern\main.exe: (anonymous namespace)::TX::_txOnSignal()
#50 0x76588F03 in C:\Windows\System32\msvcrt.dll: raise()
#51 0x7658D3CB in C:\Windows\System32\msvcrt.dll: abort()
#52 0x004A81CE in C:\Users\Иван\Documents\OneginModernModern\main.exe: emutls_alloc()
#53 0x004109EC in C:\Users\Иван\Documents\OneginModernModern\main.exe: (anonymous namespace)::TX::_txCaptureStackBackTraceTX()
#54 0x00410E6B in C:\Users\Иван\Documents\OneginModernModern\main.exe: (anonymous namespace)::TX::_txProcessError()
#55 0x0040B057 in C:\Users\Иван\Documents\OneginModernModern\main.exe: (anonymous namespace)::TX::_txError()
#56 0x0040B361 in C:\Users\Иван\Documents\OneginModernModern\main.exe: (anonymous namespace)::TX::_txOnSignal()
#57 0x76588F03 in C:\Windows\System32\msvcrt.dll: raise()
#58 0x7658D3CB in C:\Windows\System32\msvcrt.dll: abort()
#59 0x004A81CE in C:\Users\Иван\Documents\OneginModernModern\main.exe: emutls_alloc()
#60 0x004109EC in C:\Users\Иван\Documents\OneginModernModern\main.exe: (anonymous namespace)::TX::_txCaptureStackBackTraceTX()
#61 0x00410E6B in C:\Users\Иван\Documents\OneginModernModern\main.exe: (anonymous namespace)::TX::_txProcessError()

TXLib печалится: Нет информации об исходных файлах. Вы не забыли опцию -g при компиляции?

--------------------------------------------------
Developed with:

The Dumb Artist Library (TX Library)
TXLib [Ver: 00173a, Rev: 175, Date: 2025-12-31 23:02:50 +0400]
Copyright (C) Ded (Ilya Dedinsky, http://txlib.ru) <mail@txlib.ru>
See license on: http://txlib.ru

TXLib file:	c:\users\иван\downloads\codeblocks\mingw\include\txlib.h
Compiled:	Sep 20 2026 19:48:42, GNU g++ 4.8.1, std=201103L, MinGW Runtime 3.20, 32-bit, Debug
Started:	Sep 20 2026 19:48:45

Run file:	C:\Users\Иван\Documents\OneginModernModern\main.exe
Directory:	C:\Users\Иван\Documents\OneginModernModern

--------------------------------------------------

--------------------------------------------------
TXLib соболезнует...

Программа: C:\Users\Иван\Documents\OneginModernModern\main.exe,

ВНЕЗАПНО: signal (22, 0x00): SIGABRT: Аварийное завершение программы, вызвана функция abort(). 

С помощью функции signal() вы можете сами обработать эту ошибку.

#30: TXLib [Ver: 00173a, Rev: 175, Date: 2025-12-31 23:02:50 +0400], Instance: 0x004F61DC (32-bit), Flags: Cmdre0, Thread: 0x2E60 (Main), GetLastError(): 8 (Недостаточно ресурсов памяти для обработки этой команды), errno: 12 (Not enough space). 

--------------------------------------------------
Стек вызовов:

# 0 0x0040B361 in C:\Users\Иван\Documents\OneginModernModern\main.exe: (anonymous namespace)::TX::_txOnSignal()
# 1 0x76588F03 in C:\Windows\System32\msvcrt.dll: raise()
# 2 0x7658D3CB in C:\Windows\System32\msvcrt.dll: abort()
# 3 0x004A81CE in C:\Users\Иван\Documents\OneginModernModern\main.exe: emutls_alloc()
# 4 0x004109EC in C:\Users\Иван\Documents\OneginModernModern\main.exe: (anonymous namespace)::TX::_txCaptureStackBackTraceTX()
# 5 0x00410E6B in C:\Users\Иван\Documents\OneginModernModern\main.exe: (anonymous namespace)::TX::_txProcessError()
# 6 0x0040B057 in C:\Users\Иван\Documents\OneginModernModern\main.exe: (anonymous namespace)::TX::_txError()
# 7 0x0040B361 in C:\Users\Иван\Documents\OneginModernModern\main.exe: (anonymous namespace)::TX::_txOnSignal()
# 8 0x76588F03 in C:\Windows\System32\msvcrt.dll: raise()
# 9 0x7658D3CB in C:\Windows\System32\msvcrt.dll: abort()
#10 0x004A81CE in C:\Users\Иван\Documents\OneginModernModern\main.exe: emutls_alloc()
#11 0x004109EC in C:\Users\Иван\Documents\OneginModernModern\main.exe: (anonymous namespace)::TX::_txCaptureStackBackTraceTX()
#12 0x00410E6B in C:\Users\Иван\Documents\OneginModernModern\main.exe: (anonymous namespace)::TX::_txProcessError()
#13 0x0040B057 in C:\Users\Иван\Documents\OneginModernModern\main.exe: (anonymous namespace)::TX::_txError()
#14 0x0040B361 in C:\Users\Иван\Documents\OneginModernModern\main.exe: (anonymous namespace)::TX::_txOnSignal()
#15 0x76588F03 in C:\Windows\System32\msvcrt.dll: raise()
#16 0x7658D3CB in C:\Windows\System32\msvcrt.dll: abort()
#17 0x004A81CE in C:\Users\Иван\Documents\OneginModernModern\main.exe: emutls_alloc()
#18 0x004109EC in C:\Users\Иван\Documents\OneginModernModern\main.exe: (anonymous namespace)::TX::_txCaptureStackBackTraceTX()
#19 0x00410E6B in C:\Users\Иван\Documents\OneginModernModern\main.exe: (anonymous namespace)::TX::_txProcessError()
#20 0x0040B057 in C:\Users\Иван\Documents\OneginModernModern\main.exe: (anonymous namespace)::TX::_txError()
#21 0x0040B361 in C:\Users\Иван\Documents\OneginModernModern\main.exe: (anonymous namespace)::TX::_txOnSignal()
#22 0x76588F03 in C:\Windows\System32\msvcrt.dll: raise()
#23 0x7658D3CB in C:\Windows\System32\msvcrt.dll: abort()
#24 0x004A81CE in C:\Users\Иван\Documents\OneginModernModern\main.exe: emutls_alloc()
#25 0x004109EC in C:\Users\Иван\Documents\OneginModernModern\main.exe: (anonymous namespace)::TX::_txCaptureStackBackTraceTX()
#26 0x00410E6B in C:\Users\Иван\Documents\OneginModernModern\main.exe: (anonymous namespace)::TX::_txProcessError()
#27 0x0040B057 in C:\Users\Иван\Documents\OneginModernModern\main.exe: (anonymous namespace)::TX::_txError()
#28 0x0040B361 in C:\Users\Иван\Documents\OneginModernModern\main.exe: (anonymous namespace)::TX::_txOnSignal()
#29 0x76588F03 in C:\Windows\System32\msvcrt.dll: raise()
#30 0x7658D3CB in C:\Windows\System32\msvcrt.dll: abort()
#31 0x004A81CE in C:\Users\Иван\Documents\OneginModernModern\main.exe: emutls_alloc()
#32 0x004109EC in C:\Users\Иван\Documents\OneginModernModern\main.exe: (anonymous namespace)::TX::_txCaptureStackBackTraceTX()
#33 0x00410E6B in C:\Users\Иван\Documents\OneginModernModern\main.exe: (anonymous namespace)::TX::_txProcessError()
#34 0x0040B057 in C:\Users\Иван\Documents\OneginModernModern\main.exe: (anonymous namespace)::TX::_txError()
#35 0x0040B361 in C:\Users\Иван\Documents\OneginModernModern\main.exe: (anonymous namespace)::TX::_txOnSignal()
#36 0x76588F03 in C:\Windows\System32\msvcrt.dll: raise()
#37 0x7658D3CB in C:\Windows\System32\msvcrt.dll: abort()
#38 0x004A81CE in C:\Users\Иван\Documents\OneginModernModern\main.exe: emutls_alloc()
#39 0x004109EC in C:\Users\Иван\Documents\OneginModernModern\main.exe: (anonymous namespace)::TX::_txCaptureStackBackTraceTX()
#40 0x00410E6B in C:\Users\Иван\Documents\OneginModernModern\main.exe: (anonymous namespace)::TX::_txProcessError()
#41 0x0040B057 in C:\Users\Иван\Documents\OneginModernModern\main.exe: (anonymous namespace)::TX::_txError()
#42 0x0040B361 in C:\Users\Иван\Documents\OneginModernModern\main.exe: (anonymous namespace)::TX::_txOnSignal()
#43 0x76588F03 in C:\Windows\System32\msvcrt.dll: raise()
#44 0x7658D3CB in C:\Windows\System32\msvcrt.dll: abort()
#45 0x004A81CE in C:\Users\Иван\Documents\OneginModernModern\main.exe: emutls_alloc()
#46 0x004109EC in C:\Users\Иван\Documents\OneginModernModern\main.exe: (anonymous namespace)::TX::_txCaptureStackBackTraceTX()
#47 0x00410E6B in C:\Users\Иван\Documents\OneginModernModern\main.exe: (anonymous namespace)::TX::_txProcessError()
#48 0x0040B057 in C:\Users\Иван\Documents\OneginModernModern\main.exe: (anonymous namespace)::TX::_txError()
#49 0x0040B361 in C:\Users\Иван\Documents\OneginModernModern\main.exe: (anonymous namespace)::TX::_txOnSignal()
#50 0x76588F03 in C:\Windows\System32\msvcrt.dll: raise()
#51 0x7658D3CB in C:\Windows\System32\msvcrt.dll: abort()
#52 0x004A81CE in C:\Users\Иван\Documents\OneginModernModern\main.exe: emutls_alloc()
#53 0x004109EC in C:\Users\Иван\Documents\OneginModernModern\main.exe: (anonymous namespace)::TX::_txCaptureStackBackTraceTX()
#54 0x00410E6B in C:\Users\Иван\Documents\OneginModernModern\main.exe: (anonymous namespace)::TX::_txProcessError()
#55 0x0040B057 in C:\Users\Иван\Documents\OneginModernModern\main.exe: (anonymous namespace)::TX::_txError()
#56 0x0040B361 in C:\Users\Иван\Documents\OneginModernModern\main.exe: (anonymous namespace)::TX::_txOnSignal()
#57 0x76588F03 in C:\Windows\System32\msvcrt.dll: raise()
#58 0x7658D3CB in C:\Windows\System32\msvcrt.dll: abort()
#59 0x004A81CE in C:\Users\Иван\Documents\OneginModernModern\main.exe: emutls_alloc()
#60 0x004109EC in C:\Users\Иван\Documents\OneginModernModern\main.exe: (anonymous namespace)::TX::_txCaptureStackBackTraceTX()
#61 0x00410E6B in C:\Users\Иван\Documents\OneginModernModern\main.exe: (anonymous namespace)::TX::_txProcessError()

TXLib печалится: Нет информации об исходных файлах. Вы не забыли опцию -g при компиляции?

--------------------------------------------------
Developed with:

The Dumb Artist Library (TX Library)
TXLib [Ver: 00173a, Rev: 175, Date: 2025-12-31 23:02:50 +0400]
Copyright (C) Ded (Ilya Dedinsky, http://txlib.ru) <mail@txlib.ru>
See license on: http://txlib.ru

TXLib file:	c:\users\иван\downloads\codeblocks\mingw\include\txlib.h
Compiled:	Sep 20 2026 19:49:14, GNU g++ 4.8.1, std=201103L, MinGW Runtime 3.20, 32-bit, Debug
Started:	Sep 20 2026 19:49:17

Run file:	C:\Users\Иван\Documents\OneginModernModern\main.exe
Directory:	C:\Users\Иван\Documents\OneginModernModern

--------------------------------------------------

--------------------------------------------------
TXLib соболезнует...

Программа: C:\Users\Иван\Documents\OneginModernModern\main.exe,

ВНЕЗАПНО: signal (22, 0x00): SIGABRT: Аварийное завершение программы, вызвана функция abort(). 

С помощью функции signal() вы можете сами обработать эту ошибку.

#30: TXLib [Ver: 00173a, Rev: 175, Date: 2025-12-31 23:02:50 +0400], Instance: 0x004F61DC (32-bit), Flags: Cmdre0, Thread: 0x2744 (Main), GetLastError(): 8 (Недостаточно ресурсов памяти для обработки этой команды), errno: 12 (Visual C++ CRT: Not enough memory to complete call to strerror.). 

--------------------------------------------------
Стек вызовов:

# 0 0x0040B361 in C:\Users\Иван\Documents\OneginModernModern\main.exe: (anonymous namespace)::TX::_txOnSignal()
# 1 0x76588F03 in C:\Windows\System32\msvcrt.dll: raise()
# 2 0x7658D3CB in C:\Windows\System32\msvcrt.dll: abort()
# 3 0x004A81CE in C:\Users\Иван\Documents\OneginModernModern\main.exe: emutls_alloc()
# 4 0x004109EC in C:\Users\Иван\Documents\OneginModernModern\main.exe: (anonymous namespace)::TX::_txCaptureStackBackTraceTX()
# 5 0x00410E6B in C:\Users\Иван\Documents\OneginModernModern\main.exe: (anonymous namespace)::TX::_txProcessError()
# 6 0x0040B057 in C:\Users\Иван\Documents\OneginModernModern\main.exe: (anonymous namespace)::TX::_txError()
# 7 0x0040B361 in C:\Users\Иван\Documents\OneginModernModern\main.exe: (anonymous namespace)::TX::_txOnSignal()
# 8 0x76588F03 in C:\Windows\System32\msvcrt.dll: raise()
# 9 0x7658D3CB in C:\Windows\System32\msvcrt.dll: abort()
#10 0x004A81CE in C:\Users\Иван\Documents\OneginModernModern\main.exe: emutls_alloc()
#11 0x004109EC in C:\Users\Иван\Documents\OneginModernModern\main.exe: (anonymous namespace)::TX::_txCaptureStackBackTraceTX()
#12 0x00410E6B in C:\Users\Иван\Documents\OneginModernModern\main.exe: (anonymous namespace)::TX::_txProcessError()
#13 0x0040B057 in C:\Users\Иван\Documents\OneginModernModern\main.exe: (anonymous namespace)::TX::_txError()
#14 0x0040B361 in C:\Users\Иван\Documents\OneginModernModern\main.exe: (anonymous namespace)::TX::_txOnSignal()
#15 0x76588F03 in C:\Windows\System32\msvcrt.dll: raise()
#16 0x7658D3CB in C:\Windows\System32\msvcrt.dll: abort()
#17 0x004A81CE in C:\Users\Иван\Documents\OneginModernModern\main.exe: emutls_alloc()
#18 0x004109EC in C:\Users\Иван\Documents\OneginModernModern\main.exe: (anonymous namespace)::TX::_txCaptureStackBackTraceTX()
#19 0x00410E6B in C:\Users\Иван\Documents\OneginModernModern\main.exe: (anonymous namespace)::TX::_txProcessError()
#20 0x0040B057 in C:\Users\Иван\Documents\OneginModernModern\main.exe: (anonymous namespace)::TX::_txError()
#21 0x0040B361 in C:\Users\Иван\Documents\OneginModernModern\main.exe: (anonymous namespace)::TX::_txOnSignal()
#22 0x76588F03 in C:\Windows\System32\msvcrt.dll: raise()
#23 0x7658D3CB in C:\Windows\System32\msvcrt.dll: abort()
#24 0x004A81CE in C:\Users\Иван\Documents\OneginModernModern\main.exe: emutls_alloc()
#25 0x004109EC in C:\Users\Иван\Documents\OneginModernModern\main.exe: (anonymous namespace)::TX::_txCaptureStackBackTraceTX()
#26 0x00410E6B in C:\Users\Иван\Documents\OneginModernModern\main.exe: (anonymous namespace)::TX::_txProcessError()
#27 0x0040B057 in C:\Users\Иван\Documents\OneginModernModern\main.exe: (anonymous namespace)::TX::_txError()
#28 0x0040B361 in C:\Users\Иван\Documents\OneginModernModern\main.exe: (anonymous namespace)::TX::_txOnSignal()
#29 0x76588F03 in C:\Windows\System32\msvcrt.dll: raise()
#30 0x7658D3CB in C:\Windows\System32\msvcrt.dll: abort()
#31 0x004A81CE in C:\Users\Иван\Documents\OneginModernModern\main.exe: emutls_alloc()
#32 0x004109EC in C:\Users\Иван\Documents\OneginModernModern\main.exe: (anonymous namespace)::TX::_txCaptureStackBackTraceTX()
#33 0x00410E6B in C:\Users\Иван\Documents\OneginModernModern\main.exe: (anonymous namespace)::TX::_txProcessError()
#34 0x0040B057 in C:\Users\Иван\Documents\OneginModernModern\main.exe: (anonymous namespace)::TX::_txError()
#35 0x0040B361 in C:\Users\Иван\Documents\OneginModernModern\main.exe: (anonymous namespace)::TX::_txOnSignal()
#36 0x76588F03 in C:\Windows\System32\msvcrt.dll: raise()
#37 0x7658D3CB in C:\Windows\System32\msvcrt.dll: abort()
#38 0x004A81CE in C:\Users\Иван\Documents\OneginModernModern\main.exe: emutls_alloc()
#39 0x004109EC in C:\Users\Иван\Documents\OneginModernModern\main.exe: (anonymous namespace)::TX::_txCaptureStackBackTraceTX()
#40 0x00410E6B in C:\Users\Иван\Documents\OneginModernModern\main.exe: (anonymous namespace)::TX::_txProcessError()
#41 0x0040B057 in C:\Users\Иван\Documents\OneginModernModern\main.exe: (anonymous namespace)::TX::_txError()
#42 0x0040B361 in C:\Users\Иван\Documents\OneginModernModern\main.exe: (anonymous namespace)::TX::_txOnSignal()
#43 0x76588F03 in C:\Windows\System32\msvcrt.dll: raise()
#44 0x7658D3CB in C:\Windows\System32\msvcrt.dll: abort()
#45 0x004A81CE in C:\Users\Иван\Documents\OneginModernModern\main.exe: emutls_alloc()
#46 0x004109EC in C:\Users\Иван\Documents\OneginModernModern\main.exe: (anonymous namespace)::TX::_txCaptureStackBackTraceTX()
#47 0x00410E6B in C:\Users\Иван\Documents\OneginModernModern\main.exe: (anonymous namespace)::TX::_txProcessError()
#48 0x0040B057 in C:\Users\Иван\Documents\OneginModernModern\main.exe: (anonymous namespace)::TX::_txError()
#49 0x0040B361 in C:\Users\Иван\Documents\OneginModernModern\main.exe: (anonymous namespace)::TX::_txOnSignal()
#50 0x76588F03 in C:\Windows\System32\msvcrt.dll: raise()
#51 0x7658D3CB in C:\Windows\System32\msvcrt.dll: abort()
#52 0x004A81CE in C:\Users\Иван\Documents\OneginModernModern\main.exe: emutls_alloc()
#53 0x004109EC in C:\Users\Иван\Documents\OneginModernModern\main.exe: (anonymous namespace)::TX::_txCaptureStackBackTraceTX()
#54 0x00410E6B in C:\Users\Иван\Documents\OneginModernModern\main.exe: (anonymous namespace)::TX::_txProcessError()
#55 0x0040B057 in C:\Users\Иван\Documents\OneginModernModern\main.exe: (anonymous namespace)::TX::_txError()
#56 0x0040B361 in C:\Users\Иван\Documents\OneginModernModern\main.exe: (anonymous namespace)::TX::_txOnSignal()
#57 0x76588F03 in C:\Windows\System32\msvcrt.dll: raise()
#58 0x7658D3CB in C:\Windows\System32\msvcrt.dll: abort()
#59 0x004A81CE in C:\Users\Иван\Documents\OneginModernModern\main.exe: emutls_alloc()
#60 0x004109EC in C:\Users\Иван\Documents\OneginModernModern\main.exe: (anonymous namespace)::TX::_txCaptureStackBackTraceTX()
#61 0x00410E6B in C:\Users\Иван\Documents\OneginModernModern\main.exe: (anonymous namespace)::TX::_txProcessError()

TXLib печалится: Нет информации об исходных файлах. Вы не забыли опцию -g при компиляции?

--------------------------------------------------
Developed with:

The Dumb Artist Library (TX Library)
TXLib [Ver: 00173a, Rev: 175, Date: 2025-12-31 23:02:50 +0400]
Copyright (C) Ded (Ilya Dedinsky, http://txlib.ru) <mail@txlib.ru>
See license on: http://txlib.ru

TXLib file:	c:\users\иван\downloads\codeblocks\mingw\include\txlib.h
Compiled:	Sep 20 2026 19:49:52, GNU g++ 4.8.1, std=201103L, MinGW Runtime 3.20, 32-bit, Debug
Started:	Sep 20 2026 19:49:55

Run file:	C:\Users\Иван\Documents\OneginModernModern\main.exe
Directory:	C:\Users\Иван\Documents\OneginModernModern

--------------------------------------------------

--------------------------------------------------
TXLib соболезнует...

Программа: C:\Users\Иван\Documents\OneginModernModern\main.exe,

ВНЕЗАПНО: signal (22, 0x00): SIGABRT: Аварийное завершение программы, вызвана функция abort(). 

С помощью функции signal() вы можете сами обработать эту ошибку.

#30: TXLib [Ver: 00173a, Rev: 175, Date: 2025-12-31 23:02:50 +0400], Instance: 0x004F61DC (32-bit), Flags: Cmdre0, Thread: 0x26E0 (Main), GetLastError(): 8 (Недостаточно ресурсов памяти для обработки этой команды), errno: 12 (Not enough space). 

--------------------------------------------------
Стек вызовов:

# 0 0x0040B361 in C:\Users\Иван\Documents\OneginModernModern\main.exe: (anonymous namespace)::TX::_txOnSignal()
# 1 0x76588F03 in C:\Windows\System32\msvcrt.dll: raise()
# 2 0x7658D3CB in C:\Windows\System32\msvcrt.dll: abort()
# 3 0x004A81CE in C:\Users\Иван\Documents\OneginModernModern\main.exe: emutls_alloc()
# 4 0x004109EC in C:\Users\Иван\Documents\OneginModernModern\main.exe: (anonymous namespace)::TX::_txCaptureStackBackTraceTX()
# 5 0x00410E6B in C:\Users\Иван\Documents\OneginModernModern\main.exe: (anonymous namespace)::TX::_txProcessError()
# 6 0x0040B057 in C:\Users\Иван\Documents\OneginModernModern\main.exe: (anonymous namespace)::TX::_txError()
# 7 0x0040B361 in C:\Users\Иван\Documents\OneginModernModern\main.exe: (anonymous namespace)::TX::_txOnSignal()
# 8 0x76588F03 in C:\Windows\System32\msvcrt.dll: raise()
# 9 0x7658D3CB in C:\Windows\System32\msvcrt.dll: abort()
#10 0x004A81CE in C:\Users\Иван\Documents\OneginModernModern\main.exe: emutls_alloc()
#11 0x004109EC in C:\Users\Иван\Documents\OneginModernModern\main.exe: (anonymous namespace)::TX::_txCaptureStackBackTraceTX()
#12 0x00410E6B in C:\Users\Иван\Documents\OneginModernModern\main.exe: (anonymous namespace)::TX::_txProcessError()
#13 0x0040B057 in C:\Users\Иван\Documents\OneginModernModern\main.exe: (anonymous namespace)::TX::_txError()
#14 0x0040B361 in C:\Users\Иван\Documents\OneginModernModern\main.exe: (anonymous namespace)::TX::_txOnSignal()
#15 0x76588F03 in C:\Windows\System32\msvcrt.dll: raise()
#16 0x7658D3CB in C:\Windows\System32\msvcrt.dll: abort()
#17 0x004A81CE in C:\Users\Иван\Documents\OneginModernModern\main.exe: emutls_alloc()
#18 0x004109EC in C:\Users\Иван\Documents\OneginModernModern\main.exe: (anonymous namespace)::TX::_txCaptureStackBackTraceTX()
#19 0x00410E6B in C:\Users\Иван\Documents\OneginModernModern\main.exe: (anonymous namespace)::TX::_txProcessError()
#20 0x0040B057 in C:\Users\Иван\Documents\OneginModernModern\main.exe: (anonymous namespace)::TX::_txError()
#21 0x0040B361 in C:\Users\Иван\Documents\OneginModernModern\main.exe: (anonymous namespace)::TX::_txOnSignal()
#22 0x76588F03 in C:\Windows\System32\msvcrt.dll: raise()
#23 0x7658D3CB in C:\Windows\System32\msvcrt.dll: abort()
#24 0x004A81CE in C:\Users\Иван\Documents\OneginModernModern\main.exe: emutls_alloc()
#25 0x004109EC in C:\Users\Иван\Documents\OneginModernModern\main.exe: (anonymous namespace)::TX::_txCaptureStackBackTraceTX()
#26 0x00410E6B in C:\Users\Иван\Documents\OneginModernModern\main.exe: (anonymous namespace)::TX::_txProcessError()
#27 0x0040B057 in C:\Users\Иван\Documents\OneginModernModern\main.exe: (anonymous namespace)::TX::_txError()
#28 0x0040B361 in C:\Users\Иван\Documents\OneginModernModern\main.exe: (anonymous namespace)::TX::_txOnSignal()
#29 0x76588F03 in C:\Windows\System32\msvcrt.dll: raise()
#30 0x7658D3CB in C:\Windows\System32\msvcrt.dll: abort()
#31 0x004A81CE in C:\Users\Иван\Documents\OneginModernModern\main.exe: emutls_alloc()
#32 0x004109EC in C:\Users\Иван\Documents\OneginModernModern\main.exe: (anonymous namespace)::TX::_txCaptureStackBackTraceTX()
#33 0x00410E6B in C:\Users\Иван\Documents\OneginModernModern\main.exe: (anonymous namespace)::TX::_txProcessError()
#34 0x0040B057 in C:\Users\Иван\Documents\OneginModernModern\main.exe: (anonymous namespace)::TX::_txError()
#35 0x0040B361 in C:\Users\Иван\Documents\OneginModernModern\main.exe: (anonymous namespace)::TX::_txOnSignal()
#36 0x76588F03 in C:\Windows\System32\msvcrt.dll: raise()
#37 0x7658D3CB in C:\Windows\System32\msvcrt.dll: abort()
#38 0x004A81CE in C:\Users\Иван\Documents\OneginModernModern\main.exe: emutls_alloc()
#39 0x004109EC in C:\Users\Иван\Documents\OneginModernModern\main.exe: (anonymous namespace)::TX::_txCaptureStackBackTraceTX()
#40 0x00410E6B in C:\Users\Иван\Documents\OneginModernModern\main.exe: (anonymous namespace)::TX::_txProcessError()
#41 0x0040B057 in C:\Users\Иван\Documents\OneginModernModern\main.exe: (anonymous namespace)::TX::_txError()
#42 0x0040B361 in C:\Users\Иван\Documents\OneginModernModern\main.exe: (anonymous namespace)::TX::_txOnSignal()
#43 0x76588F03 in C:\Windows\System32\msvcrt.dll: raise()
#44 0x7658D3CB in C:\Windows\System32\msvcrt.dll: abort()
#45 0x004A81CE in C:\Users\Иван\Documents\OneginModernModern\main.exe: emutls_alloc()
#46 0x004109EC in C:\Users\Иван\Documents\OneginModernModern\main.exe: (anonymous namespace)::TX::_txCaptureStackBackTraceTX()
#47 0x00410E6B in C:\Users\Иван\Documents\OneginModernModern\main.exe: (anonymous namespace)::TX::_txProcessError()
#48 0x0040B057 in C:\Users\Иван\Documents\OneginModernModern\main.exe: (anonymous namespace)::TX::_txError()
#49 0x0040B361 in C:\Users\Иван\Documents\OneginModernModern\main.exe: (anonymous namespace)::TX::_txOnSignal()
#50 0x76588F03 in C:\Windows\System32\msvcrt.dll: raise()
#51 0x7658D3CB in C:\Windows\System32\msvcrt.dll: abort()
#52 0x004A81CE in C:\Users\Иван\Documents\OneginModernModern\main.exe: emutls_alloc()
#53 0x004109EC in C:\Users\Иван\Documents\OneginModernModern\main.exe: (anonymous namespace)::TX::_txCaptureStackBackTraceTX()
#54 0x00410E6B in C:\Users\Иван\Documents\OneginModernModern\main.exe: (anonymous namespace)::TX::_txProcessError()
#55 0x0040B057 in C:\Users\Иван\Documents\OneginModernModern\main.exe: (anonymous namespace)::TX::_txError()
#56 0x0040B361 in C:\Users\Иван\Documents\OneginModernModern\main.exe: (anonymous namespace)::TX::_txOnSignal()
#57 0x76588F03 in C:\Windows\System32\msvcrt.dll: raise()
#58 0x7658D3CB in C:\Windows\System32\msvcrt.dll: abort()
#59 0x004A81CE in C:\Users\Иван\Documents\OneginModernModern\main.exe: emutls_alloc()
#60 0x004109EC in C:\Users\Иван\Documents\OneginModernModern\main.exe: (anonymous namespace)::TX::_txCaptureStackBackTraceTX()
#61 0x00410E6B in C:\Users\Иван\Documents\OneginModernModern\main.exe: (anonymous namespace)::TX::_txProcessError()

TXLib печалится: Нет информации об исходных файлах. Вы не забыли опцию -g при компиляции?

--------------------------------------------------
Developed with:

The Dumb Artist Library (TX Library)
TXLib [Ver: 00173a, Rev: 175, Date: 2025-12-31 23:02:50 +0400]
Copyright (C) Ded (Ilya Dedinsky, http://txlib.ru) <mail@txlib.ru>
See license on: http://txlib.ru

TXLib file:	c:\users\иван\downloads\codeblocks\mingw\include\txlib.h
Compiled:	Sep 20 2026 19:52:01, GNU g++ 4.8.1, std=201103L, MinGW Runtime 3.20, 32-bit, Debug
Started:	Sep 20 2026 19:52:04

Run file:	C:\Users\Иван\Documents\OneginModernModern\main.exe
Directory:	C:\Users\Иван\Documents\OneginModernModern

--------------------------------------------------

--------------------------------------------------
TXLib предупреждает:

Программа: C:\Users\Иван\Documents\OneginModernModern\main.exe,

ВНЕЗАПНО: Нарушение доступа к памяти.

#1: Исключение EXCEPTION_ACCESS_VIOLATION (0xC0000005) при выполнении кода по адресу 0x77712442 в функции RtlReleaseSRWLockShared(). Попытка прочесть данные по адресу 0x0136CABA в модуле C:\Windows\SYSTEM32\ntdll.dll. Спасибо _txUnhandledExceptionFilter(), что сообщил. Люблю его <3

#1: TXLib [Ver: 00173a, Rev: 175, Date: 2025-12-31 23:02:50 +0400], Instance: 0x004F61DC (32-bit), Flags: Cmdre0, Thread: 0x3E68 (Main), errno: 12 (Visual C++ CRT: Not enough memory to complete call to strerror.). 

--------------------------------------------------
Стек вызовов:

# 0 0x77712442 in C:\Windows\SYSTEM32\ntdll.dll: RtlReleaseSRWLockShared()
# 1 0x77752045 in C:\Windows\SYSTEM32\ntdll.dll: RtlGetSystemTimeAndBias()
# 2 0x776FF929 in C:\Windows\SYSTEM32\ntdll.dll: RtlAllocateHeap()
# 3 0x76579151 in C:\Windows\System32\msvcrt.dll: realloc()
# 4 0x7657880A in C:\Windows\System32\msvcrt.dll: calloc()
# 5 0x0042D6E4 in C:\Users\Иван\Documents\OneginModernModern\main.exe: __emutls_get_address()
# 6 0x00404CA8 in C:\Users\Иван\Documents\OneginModernModern\main.exe: _ZN12_GLOBAL__N_12TX16_txSetWindowTextEP6HWND__PKcS4_iPKw()
# 7 0x00403FB0 in C:\Users\Иван\Documents\OneginModernModern\main.exe: _ZN12_GLOBAL__N_12TX10_txCleanupEv()
# 8 0x004039EF in C:\Users\Иван\Documents\OneginModernModern\main.exe: _ZN12_GLOBAL__N_12TX10_txOnCExitEv()
# 9 0x00401284 in C:\Users\Иван\Documents\OneginModernModern\main.exe: __mingw_CRTStartup()
#10 0x004012A5 in C:\Users\Иван\Documents\OneginModernModern\main.exe: mainCRTStartup()
#11 0x7772E1FB in C:\Windows\SYSTEM32\ntdll.dll: RtlInitializeExceptionChain()
#12 0x7772E181 in C:\Windows\SYSTEM32\ntdll.dll: RtlGetAppContainerNamedObjectPath()

TXLib печалится: Нет информации об исходных файлах. Вы не забыли опцию -g при компиляции?

--------------------------------------------------
Developed with:

The Dumb Artist Library (TX Library)
TXLib [Ver: 00173a, Rev: 175, Date: 2025-12-31 23:02:50 +0400]
Copyright (C) Ded (Ilya Dedinsky, http://txlib.ru) <mail@txlib.ru>
See license on: http://txlib.ru

TXLib file:	c:\users\иван\downloads\codeblocks\mingw\include\txlib.h
Compiled:	Sep 20 2026 19:54:38, GNU g++ 4.8.1, std=201103L, MinGW Runtime 3.20, 32-bit, Debug
Started:	Sep 20 2026 19:54:40

Run file:	C:\Users\Иван\Documents\OneginModernModern\main.exe
Directory:	C:\Users\Иван\Documents\OneginModernModern

--------------------------------------------------

--------------------------------------------------
TXLib соболезнует...

Программа: C:\Users\Иван\Documents\OneginModernModern\main.exe,

ВНЕЗАПНО: signal (11, 0x00): SIGSEGV: Доступ по неверному указателю. Ставьте ассерты! 

Нарушение доступа к памяти.

#1: Исключение EXCEPTION_ACCESS_VIOLATION (0xC0000005) при выполнении кода по адресу 0x77712442 в функции RtlReleaseSRWLockShared(). Попытка прочесть данные по адресу 0x0136CABA в модуле C:\Windows\SYSTEM32\ntdll.dll. Спасибо _txUnhandledExceptionFilter(), что сообщил. Люблю его <3

С помощью функции signal() вы можете сами обработать эту ошибку.

#2: TXLib [Ver: 00173a, Rev: 175, Date: 2025-12-31 23:02:50 +0400], Instance: 0x004F61DC (32-bit), Flags: Cmdre0, Thread: 0x3E68 (Main), errno: 12 (Visual C++ CRT: Not enough memory to complete call to strerror.). 

--------------------------------------------------
Стек вызовов:

# 0 0x77712442 in C:\Windows\SYSTEM32\ntdll.dll: RtlReleaseSRWLockShared()
# 1 0x77752045 in C:\Windows\SYSTEM32\ntdll.dll: RtlGetSystemTimeAndBias()
# 2 0x776FF929 in C:\Windows\SYSTEM32\ntdll.dll: RtlAllocateHeap()
# 3 0x76579151 in C:\Windows\System32\msvcrt.dll: realloc()
# 4 0x7657880A in C:\Windows\System32\msvcrt.dll: calloc()
# 5 0x0042D6E4 in C:\Users\Иван\Documents\OneginModernModern\main.exe: __emutls_get_address()
# 6 0x00404CA8 in C:\Users\Иван\Documents\OneginModernModern\main.exe: _ZN12_GLOBAL__N_12TX16_txSetWindowTextEP6HWND__PKcS4_iPKw()
# 7 0x00403FB0 in C:\Users\Иван\Documents\OneginModernModern\main.exe: _ZN12_GLOBAL__N_12TX10_txCleanupEv()
# 8 0x004039EF in C:\Users\Иван\Documents\OneginModernModern\main.exe: _ZN12_GLOBAL__N_12TX10_txOnCExitEv()
# 9 0x00401284 in C:\Users\Иван\Documents\OneginModernModern\main.exe: __mingw_CRTStartup()
#10 0x004012A5 in C:\Users\Иван\Documents\OneginModernModern\main.exe: mainCRTStartup()
#11 0x7772E1FB in C:\Windows\SYSTEM32\ntdll.dll: RtlInitializeExceptionChain()
#12 0x7772E181 in C:\Windows\SYSTEM32\ntdll.dll: RtlGetAppContainerNamedObjectPath()

TXLib печалится: Нет информации об исходных файлах. Вы не забыли опцию -g при компиляции?

--------------------------------------------------
Developed with:

The Dumb Artist Library (TX Library)
TXLib [Ver: 00173a, Rev: 175, Date: 2025-12-31 23:02:50 +0400]
Copyright (C) Ded (Ilya Dedinsky, http://txlib.ru) <mail@txlib.ru>
See license on: http://txlib.ru

TXLib file:	c:\users\иван\downloads\codeblocks\mingw\include\txlib.h
Compiled:	Sep 20 2026 19:54:38, GNU g++ 4.8.1, std=201103L, MinGW Runtime 3.20, 32-bit, Debug
Started:	Sep 20 2026 19:54:40

Run file:	C:\Users\Иван\Documents\OneginModernModern\main.exe
Directory:	C:\Users\Иван\Documents\OneginModernModern

--------------------------------------------------

--------------------------------------------------
TXLib соболезнует...

Программа: C:\Users\Иван\Documents\OneginModernModern\main.exe,

ВНЕЗАПНО: signal (22, 0x00): SIGABRT: Аварийное завершение программы, вызвана функция abort(). 

С помощью функции signal() вы можете сами обработать эту ошибку.

#30: TXLib [Ver: 00173a, Rev: 175, Date: 2025-12-31 23:02:50 +0400], Instance: 0x004F61DC (32-bit), Flags: Cmdre0, Thread: 0x3704 (Main), GetLastError(): 8 (Недостаточно ресурсов памяти для обработки этой команды), errno: 12 (Not enough space). 

--------------------------------------------------
Стек вызовов:

# 0 0x0040B361 in C:\Users\Иван\Documents\OneginModernModern\main.exe: (anonymous namespace)::TX::_txOnSignal()
# 1 0x76588F03 in C:\Windows\System32\msvcrt.dll: raise()
# 2 0x7658D3CB in C:\Windows\System32\msvcrt.dll: abort()
# 3 0x004A81EE in C:\Users\Иван\Documents\OneginModernModern\main.exe: emutls_alloc()
# 4 0x004109EC in C:\Users\Иван\Documents\OneginModernModern\main.exe: (anonymous namespace)::TX::_txCaptureStackBackTraceTX()
# 5 0x00410E6B in C:\Users\Иван\Documents\OneginModernModern\main.exe: (anonymous namespace)::TX::_txProcessError()
# 6 0x0040B057 in C:\Users\Иван\Documents\OneginModernModern\main.exe: (anonymous namespace)::TX::_txError()
# 7 0x0040B361 in C:\Users\Иван\Documents\OneginModernModern\main.exe: (anonymous namespace)::TX::_txOnSignal()
# 8 0x76588F03 in C:\Windows\System32\msvcrt.dll: raise()
# 9 0x7658D3CB in C:\Windows\System32\msvcrt.dll: abort()
#10 0x004A81EE in C:\Users\Иван\Documents\OneginModernModern\main.exe: emutls_alloc()
#11 0x004109EC in C:\Users\Иван\Documents\OneginModernModern\main.exe: (anonymous namespace)::TX::_txCaptureStackBackTraceTX()
#12 0x00410E6B in C:\Users\Иван\Documents\OneginModernModern\main.exe: (anonymous namespace)::TX::_txProcessError()
#13 0x0040B057 in C:\Users\Иван\Documents\OneginModernModern\main.exe: (anonymous namespace)::TX::_txError()
#14 0x0040B361 in C:\Users\Иван\Documents\OneginModernModern\main.exe: (anonymous namespace)::TX::_txOnSignal()
#15 0x76588F03 in C:\Windows\System32\msvcrt.dll: raise()
#16 0x7658D3CB in C:\Windows\System32\msvcrt.dll: abort()
#17 0x004A81EE in C:\Users\Иван\Documents\OneginModernModern\main.exe: emutls_alloc()
#18 0x004109EC in C:\Users\Иван\Documents\OneginModernModern\main.exe: (anonymous namespace)::TX::_txCaptureStackBackTraceTX()
#19 0x00410E6B in C:\Users\Иван\Documents\OneginModernModern\main.exe: (anonymous namespace)::TX::_txProcessError()
#20 0x0040B057 in C:\Users\Иван\Documents\OneginModernModern\main.exe: (anonymous namespace)::TX::_txError()
#21 0x0040B361 in C:\Users\Иван\Documents\OneginModernModern\main.exe: (anonymous namespace)::TX::_txOnSignal()
#22 0x76588F03 in C:\Windows\System32\msvcrt.dll: raise()
#23 0x7658D3CB in C:\Windows\System32\msvcrt.dll: abort()
#24 0x004A81EE in C:\Users\Иван\Documents\OneginModernModern\main.exe: emutls_alloc()
#25 0x004109EC in C:\Users\Иван\Documents\OneginModernModern\main.exe: (anonymous namespace)::TX::_txCaptureStackBackTraceTX()
#26 0x00410E6B in C:\Users\Иван\Documents\OneginModernModern\main.exe: (anonymous namespace)::TX::_txProcessError()
#27 0x0040B057 in C:\Users\Иван\Documents\OneginModernModern\main.exe: (anonymous namespace)::TX::_txError()
#28 0x0040B361 in C:\Users\Иван\Documents\OneginModernModern\main.exe: (anonymous namespace)::TX::_txOnSignal()
#29 0x76588F03 in C:\Windows\System32\msvcrt.dll: raise()
#30 0x7658D3CB in C:\Windows\System32\msvcrt.dll: abort()
#31 0x004A81EE in C:\Users\Иван\Documents\OneginModernModern\main.exe: emutls_alloc()
#32 0x004109EC in C:\Users\Иван\Documents\OneginModernModern\main.exe: (anonymous namespace)::TX::_txCaptureStackBackTraceTX()
#33 0x00410E6B in C:\Users\Иван\Documents\OneginModernModern\main.exe: (anonymous namespace)::TX::_txProcessError()
#34 0x0040B057 in C:\Users\Иван\Documents\OneginModernModern\main.exe: (anonymous namespace)::TX::_txError()
#35 0x0040B361 in C:\Users\Иван\Documents\OneginModernModern\main.exe: (anonymous namespace)::TX::_txOnSignal()
#36 0x76588F03 in C:\Windows\System32\msvcrt.dll: raise()
#37 0x7658D3CB in C:\Windows\System32\msvcrt.dll: abort()
#38 0x004A81EE in C:\Users\Иван\Documents\OneginModernModern\main.exe: emutls_alloc()
#39 0x004109EC in C:\Users\Иван\Documents\OneginModernModern\main.exe: (anonymous namespace)::TX::_txCaptureStackBackTraceTX()
#40 0x00410E6B in C:\Users\Иван\Documents\OneginModernModern\main.exe: (anonymous namespace)::TX::_txProcessError()
#41 0x0040B057 in C:\Users\Иван\Documents\OneginModernModern\main.exe: (anonymous namespace)::TX::_txError()
#42 0x0040B361 in C:\Users\Иван\Documents\OneginModernModern\main.exe: (anonymous namespace)::TX::_txOnSignal()
#43 0x76588F03 in C:\Windows\System32\msvcrt.dll: raise()
#44 0x7658D3CB in C:\Windows\System32\msvcrt.dll: abort()
#45 0x004A81EE in C:\Users\Иван\Documents\OneginModernModern\main.exe: emutls_alloc()
#46 0x004109EC in C:\Users\Иван\Documents\OneginModernModern\main.exe: (anonymous namespace)::TX::_txCaptureStackBackTraceTX()
#47 0x00410E6B in C:\Users\Иван\Documents\OneginModernModern\main.exe: (anonymous namespace)::TX::_txProcessError()
#48 0x0040B057 in C:\Users\Иван\Documents\OneginModernModern\main.exe: (anonymous namespace)::TX::_txError()
#49 0x0040B361 in C:\Users\Иван\Documents\OneginModernModern\main.exe: (anonymous namespace)::TX::_txOnSignal()
#50 0x76588F03 in C:\Windows\System32\msvcrt.dll: raise()
#51 0x7658D3CB in C:\Windows\System32\msvcrt.dll: abort()
#52 0x004A81EE in C:\Users\Иван\Documents\OneginModernModern\main.exe: emutls_alloc()
#53 0x004109EC in C:\Users\Иван\Documents\OneginModernModern\main.exe: (anonymous namespace)::TX::_txCaptureStackBackTraceTX()
#54 0x00410E6B in C:\Users\Иван\Documents\OneginModernModern\main.exe: (anonymous namespace)::TX::_txProcessError()
#55 0x0040B057 in C:\Users\Иван\Documents\OneginModernModern\main.exe: (anonymous namespace)::TX::_txError()
#56 0x0040B361 in C:\Users\Иван\Documents\OneginModernModern\main.exe: (anonymous namespace)::TX::_txOnSignal()
#57 0x76588F03 in C:\Windows\System32\msvcrt.dll: raise()
#58 0x7658D3CB in C:\Windows\System32\msvcrt.dll: abort()
#59 0x004A81EE in C:\Users\Иван\Documents\OneginModernModern\main.exe: emutls_alloc()
#60 0x004109EC in C:\Users\Иван\Documents\OneginModernModern\main.exe: (anonymous namespace)::TX::_txCaptureStackBackTraceTX()
#61 0x00410E6B in C:\Users\Иван\Documents\OneginModernModern\main.exe: (anonymous namespace)::TX::_txProcessError()

TXLib печалится: Нет информации об исходных файлах. Вы не забыли опцию -g при компиляции?

--------------------------------------------------
Developed with:

The Dumb Artist Library (TX Library)
TXLib [Ver: 00173a, Rev: 175, Date: 2025-12-31 23:02:50 +0400]
Copyright (C) Ded (Ilya Dedinsky, http://txlib.ru) <mail@txlib.ru>
See license on: http://txlib.ru

TXLib file:	c:\users\иван\downloads\codeblocks\mingw\include\txlib.h
Compiled:	Sep 20 2026 19:55:21, GNU g++ 4.8.1, std=201103L, MinGW Runtime 3.20, 32-bit, Debug
Started:	Sep 20 2026 19:55:23

Run file:	C:\Users\Иван\Documents\OneginModernModern\main.exe
Directory:	C:\Users\Иван\Documents\OneginModernModern

--------------------------------------------------

--------------------------------------------------
TXLib соболезнует...

Программа: C:\Users\Иван\Documents\OneginModernModern\main.exe,

ВНЕЗАПНО: signal (22, 0x00): SIGABRT: Аварийное завершение программы, вызвана функция abort(). 

С помощью функции signal() вы можете сами обработать эту ошибку.

#32: TXLib [Ver: 00173a, Rev: 175, Date: 2025-12-31 23:02:50 +0400], Instance: 0x004F61DC (32-bit), Flags: Cmdre0, Thread: 0x304C (Main), GetLastError(): 8 (Недостаточно ресурсов памяти для обработки этой команды), errno: 12 (Visual C++ CRT: Not enough memory to complete call to strerror.). 

--------------------------------------------------
Стек вызовов:

# 0 0x0040B361 in C:\Users\Иван\Documents\OneginModernModern\main.exe: (anonymous namespace)::TX::_txOnSignal()
# 1 0x76588F03 in C:\Windows\System32\msvcrt.dll: raise()
# 2 0x7658D3CB in C:\Windows\System32\msvcrt.dll: abort()
# 3 0x004A81DE in C:\Users\Иван\Documents\OneginModernModern\main.exe: emutls_alloc()
# 4 0x004109EC in C:\Users\Иван\Documents\OneginModernModern\main.exe: (anonymous namespace)::TX::_txCaptureStackBackTraceTX()
# 5 0x00410E6B in C:\Users\Иван\Documents\OneginModernModern\main.exe: (anonymous namespace)::TX::_txProcessError()
# 6 0x0040B057 in C:\Users\Иван\Documents\OneginModernModern\main.exe: (anonymous namespace)::TX::_txError()
# 7 0x0040B361 in C:\Users\Иван\Documents\OneginModernModern\main.exe: (anonymous namespace)::TX::_txOnSignal()
# 8 0x76588F03 in C:\Windows\System32\msvcrt.dll: raise()
# 9 0x7658D3CB in C:\Windows\System32\msvcrt.dll: abort()
#10 0x004A81DE in C:\Users\Иван\Documents\OneginModernModern\main.exe: emutls_alloc()
#11 0x004109EC in C:\Users\Иван\Documents\OneginModernModern\main.exe: (anonymous namespace)::TX::_txCaptureStackBackTraceTX()
#12 0x00410E6B in C:\Users\Иван\Documents\OneginModernModern\main.exe: (anonymous namespace)::TX::_txProcessError()
#13 0x0040B057 in C:\Users\Иван\Documents\OneginModernModern\main.exe: (anonymous namespace)::TX::_txError()
#14 0x0040B361 in C:\Users\Иван\Documents\OneginModernModern\main.exe: (anonymous namespace)::TX::_txOnSignal()
#15 0x76588F03 in C:\Windows\System32\msvcrt.dll: raise()
#16 0x7658D3CB in C:\Windows\System32\msvcrt.dll: abort()
#17 0x004A81DE in C:\Users\Иван\Documents\OneginModernModern\main.exe: emutls_alloc()
#18 0x004109EC in C:\Users\Иван\Documents\OneginModernModern\main.exe: (anonymous namespace)::TX::_txCaptureStackBackTraceTX()
#19 0x00410E6B in C:\Users\Иван\Documents\OneginModernModern\main.exe: (anonymous namespace)::TX::_txProcessError()
#20 0x0040B057 in C:\Users\Иван\Documents\OneginModernModern\main.exe: (anonymous namespace)::TX::_txError()
#21 0x0040B361 in C:\Users\Иван\Documents\OneginModernModern\main.exe: (anonymous namespace)::TX::_txOnSignal()
#22 0x76588F03 in C:\Windows\System32\msvcrt.dll: raise()
#23 0x7658D3CB in C:\Windows\System32\msvcrt.dll: abort()
#24 0x004A81DE in C:\Users\Иван\Documents\OneginModernModern\main.exe: emutls_alloc()
#25 0x004109EC in C:\Users\Иван\Documents\OneginModernModern\main.exe: (anonymous namespace)::TX::_txCaptureStackBackTraceTX()
#26 0x00410E6B in C:\Users\Иван\Documents\OneginModernModern\main.exe: (anonymous namespace)::TX::_txProcessError()
#27 0x0040B057 in C:\Users\Иван\Documents\OneginModernModern\main.exe: (anonymous namespace)::TX::_txError()
#28 0x0040B361 in C:\Users\Иван\Documents\OneginModernModern\main.exe: (anonymous namespace)::TX::_txOnSignal()
#29 0x76588F03 in C:\Windows\System32\msvcrt.dll: raise()
#30 0x7658D3CB in C:\Windows\System32\msvcrt.dll: abort()
#31 0x004A81DE in C:\Users\Иван\Documents\OneginModernModern\main.exe: emutls_alloc()
#32 0x004109EC in C:\Users\Иван\Documents\OneginModernModern\main.exe: (anonymous namespace)::TX::_txCaptureStackBackTraceTX()
#33 0x00410E6B in C:\Users\Иван\Documents\OneginModernModern\main.exe: (anonymous namespace)::TX::_txProcessError()
#34 0x0040B057 in C:\Users\Иван\Documents\OneginModernModern\main.exe: (anonymous namespace)::TX::_txError()
#35 0x0040B361 in C:\Users\Иван\Documents\OneginModernModern\main.exe: (anonymous namespace)::TX::_txOnSignal()
#36 0x76588F03 in C:\Windows\System32\msvcrt.dll: raise()
#37 0x7658D3CB in C:\Windows\System32\msvcrt.dll: abort()
#38 0x004A81DE in C:\Users\Иван\Documents\OneginModernModern\main.exe: emutls_alloc()
#39 0x004109EC in C:\Users\Иван\Documents\OneginModernModern\main.exe: (anonymous namespace)::TX::_txCaptureStackBackTraceTX()
#40 0x00410E6B in C:\Users\Иван\Documents\OneginModernModern\main.exe: (anonymous namespace)::TX::_txProcessError()
#41 0x0040B057 in C:\Users\Иван\Documents\OneginModernModern\main.exe: (anonymous namespace)::TX::_txError()
#42 0x0040B361 in C:\Users\Иван\Documents\OneginModernModern\main.exe: (anonymous namespace)::TX::_txOnSignal()
#43 0x76588F03 in C:\Windows\System32\msvcrt.dll: raise()
#44 0x7658D3CB in C:\Windows\System32\msvcrt.dll: abort()
#45 0x004A81DE in C:\Users\Иван\Documents\OneginModernModern\main.exe: emutls_alloc()
#46 0x004109EC in C:\Users\Иван\Documents\OneginModernModern\main.exe: (anonymous namespace)::TX::_txCaptureStackBackTraceTX()
#47 0x00410E6B in C:\Users\Иван\Documents\OneginModernModern\main.exe: (anonymous namespace)::TX::_txProcessError()
#48 0x0040B057 in C:\Users\Иван\Documents\OneginModernModern\main.exe: (anonymous namespace)::TX::_txError()
#49 0x0040B361 in C:\Users\Иван\Documents\OneginModernModern\main.exe: (anonymous namespace)::TX::_txOnSignal()
#50 0x76588F03 in C:\Windows\System32\msvcrt.dll: raise()
#51 0x7658D3CB in C:\Windows\System32\msvcrt.dll: abort()
#52 0x004A81DE in C:\Users\Иван\Documents\OneginModernModern\main.exe: emutls_alloc()
#53 0x004109EC in C:\Users\Иван\Documents\OneginModernModern\main.exe: (anonymous namespace)::TX::_txCaptureStackBackTraceTX()
#54 0x00410E6B in C:\Users\Иван\Documents\OneginModernModern\main.exe: (anonymous namespace)::TX::_txProcessError()
#55 0x0040B057 in C:\Users\Иван\Documents\OneginModernModern\main.exe: (anonymous namespace)::TX::_txError()
#56 0x0040B361 in C:\Users\Иван\Documents\OneginModernModern\main.exe: (anonymous namespace)::TX::_txOnSignal()
#57 0x76588F03 in C:\Windows\System32\msvcrt.dll: raise()
#58 0x7658D3CB in C:\Windows\System32\msvcrt.dll: abort()
#59 0x004A81DE in C:\Users\Иван\Documents\OneginModernModern\main.exe: emutls_alloc()
#60 0x004109EC in C:\Users\Иван\Documents\OneginModernModern\main.exe: (anonymous namespace)::TX::_txCaptureStackBackTraceTX()
#61 0x00410E6B in C:\Users\Иван\Documents\OneginModernModern\main.exe: (anonymous namespace)::TX::_txProcessError()

TXLib печалится: Нет информации об исходных файлах. Вы не забыли опцию -g при компиляции?

--------------------------------------------------
Developed with:

The Dumb Artist Library (TX Library)
TXLib [Ver: 00173a, Rev: 175, Date: 2025-12-31 23:02:50 +0400]
Copyright (C) Ded (Ilya Dedinsky, http://txlib.ru) <mail@txlib.ru>
See license on: http://txlib.ru

TXLib file:	c:\users\иван\downloads\codeblocks\mingw\include\txlib.h
Compiled:	Sep 20 2026 19:55:36, GNU g++ 4.8.1, std=201103L, MinGW Runtime 3.20, 32-bit, Debug
Started:	Sep 20 2026 19:55:39

Run file:	C:\Users\Иван\Documents\OneginModernModern\main.exe
Directory:	C:\Users\Иван\Documents\OneginModernModern

--------------------------------------------------

--------------------------------------------------
TXLib соболезнует...

Программа: C:\Users\Иван\Documents\OneginModernModern\main.exe,

ВНЕЗАПНО: signal (22, 0x00): SIGABRT: Аварийное завершение программы, вызвана функция abort(). 

С помощью функции signal() вы можете сами обработать эту ошибку.

#13: TXLib [Ver: 00173a, Rev: 175, Date: 2025-12-31 23:02:50 +0400], Instance: 0x004F61DC (32-bit), Flags: Cmdre0, Thread: 0x2B04 (Main), GetLastError(): 8 (Недостаточно ресурсов памяти для обработки этой команды), errno: 12 (Visual C++ CRT: Not enough memory to complete call to strerror.). 

--------------------------------------------------
Стек вызовов:

# 0 0x0040B361 in C:\Users\Иван\Documents\OneginModernModern\main.exe: (anonymous namespace)::TX::_txOnSignal()
# 1 0x76588F03 in C:\Windows\System32\msvcrt.dll: raise()
# 2 0x7658D3CB in C:\Windows\System32\msvcrt.dll: abort()
# 3 0x004A81DE in C:\Users\Иван\Documents\OneginModernModern\main.exe: emutls_alloc()
# 4 0x004109EC in C:\Users\Иван\Documents\OneginModernModern\main.exe: (anonymous namespace)::TX::_txCaptureStackBackTraceTX()
# 5 0x00410E6B in C:\Users\Иван\Documents\OneginModernModern\main.exe: (anonymous namespace)::TX::_txProcessError()
# 6 0x0040B057 in C:\Users\Иван\Documents\OneginModernModern\main.exe: (anonymous namespace)::TX::_txError()
# 7 0x0040B361 in C:\Users\Иван\Documents\OneginModernModern\main.exe: (anonymous namespace)::TX::_txOnSignal()
# 8 0x76588F03 in C:\Windows\System32\msvcrt.dll: raise()
# 9 0x7658D3CB in C:\Windows\System32\msvcrt.dll: abort()
#10 0x004A81DE in C:\Users\Иван\Documents\OneginModernModern\main.exe: emutls_alloc()
#11 0x004109EC in C:\Users\Иван\Documents\OneginModernModern\main.exe: (anonymous namespace)::TX::_txCaptureStackBackTraceTX()
#12 0x00410E6B in C:\Users\Иван\Documents\OneginModernModern\main.exe: (anonymous namespace)::TX::_txProcessError()
#13 0x0040B057 in C:\Users\Иван\Documents\OneginModernModern\main.exe: (anonymous namespace)::TX::_txError()
#14 0x0040B361 in C:\Users\Иван\Documents\OneginModernModern\main.exe: (anonymous namespace)::TX::_txOnSignal()
#15 0x76588F03 in C:\Windows\System32\msvcrt.dll: raise()
#16 0x7658D3CB in C:\Windows\System32\msvcrt.dll: abort()
#17 0x004A81DE in C:\Users\Иван\Documents\OneginModernModern\main.exe: emutls_alloc()
#18 0x004109EC in C:\Users\Иван\Documents\OneginModernModern\main.exe: (anonymous namespace)::TX::_txCaptureStackBackTraceTX()
#19 0x00410E6B in C:\Users\Иван\Documents\OneginModernModern\main.exe: (anonymous namespace)::TX::_txProcessError()
#20 0x0040B057 in C:\Users\Иван\Documents\OneginModernModern\main.exe: (anonymous namespace)::TX::_txError()
#21 0x0040B361 in C:\Users\Иван\Documents\OneginModernModern\main.exe: (anonymous namespace)::TX::_txOnSignal()
#22 0x76588F03 in C:\Windows\System32\msvcrt.dll: raise()
#23 0x7658D3CB in C:\Windows\System32\msvcrt.dll: abort()
#24 0x004A81DE in C:\Users\Иван\Documents\OneginModernModern\main.exe: emutls_alloc()
#25 0x004109EC in C:\Users\Иван\Documents\OneginModernModern\main.exe: (anonymous namespace)::TX::_txCaptureStackBackTraceTX()
#26 0x00410E6B in C:\Users\Иван\Documents\OneginModernModern\main.exe: (anonymous namespace)::TX::_txProcessError()
#27 0x0040B057 in C:\Users\Иван\Documents\OneginModernModern\main.exe: (anonymous namespace)::TX::_txError()
#28 0x0040B361 in C:\Users\Иван\Documents\OneginModernModern\main.exe: (anonymous namespace)::TX::_txOnSignal()
#29 0x76588F03 in C:\Windows\System32\msvcrt.dll: raise()
#30 0x7658D3CB in C:\Windows\System32\msvcrt.dll: abort()
#31 0x004A81DE in C:\Users\Иван\Documents\OneginModernModern\main.exe: emutls_alloc()
#32 0x004109EC in C:\Users\Иван\Documents\OneginModernModern\main.exe: (anonymous namespace)::TX::_txCaptureStackBackTraceTX()
#33 0x00410E6B in C:\Users\Иван\Documents\OneginModernModern\main.exe: (anonymous namespace)::TX::_txProcessError()
#34 0x0040B057 in C:\Users\Иван\Documents\OneginModernModern\main.exe: (anonymous namespace)::TX::_txError()
#35 0x0040B361 in C:\Users\Иван\Documents\OneginModernModern\main.exe: (anonymous namespace)::TX::_txOnSignal()
#36 0x76588F03 in C:\Windows\System32\msvcrt.dll: raise()
#37 0x7658D3CB in C:\Windows\System32\msvcrt.dll: abort()
#38 0x004A81DE in C:\Users\Иван\Documents\OneginModernModern\main.exe: emutls_alloc()
#39 0x004109EC in C:\Users\Иван\Documents\OneginModernModern\main.exe: (anonymous namespace)::TX::_txCaptureStackBackTraceTX()
#40 0x00410E6B in C:\Users\Иван\Documents\OneginModernModern\main.exe: (anonymous namespace)::TX::_txProcessError()
#41 0x0040B057 in C:\Users\Иван\Documents\OneginModernModern\main.exe: (anonymous namespace)::TX::_txError()
#42 0x0040B361 in C:\Users\Иван\Documents\OneginModernModern\main.exe: (anonymous namespace)::TX::_txOnSignal()
#43 0x76588F03 in C:\Windows\System32\msvcrt.dll: raise()
#44 0x7658D3CB in C:\Windows\System32\msvcrt.dll: abort()
#45 0x004A81DE in C:\Users\Иван\Documents\OneginModernModern\main.exe: emutls_alloc()
#46 0x004109EC in C:\Users\Иван\Documents\OneginModernModern\main.exe: (anonymous namespace)::TX::_txCaptureStackBackTraceTX()
#47 0x00410E6B in C:\Users\Иван\Documents\OneginModernModern\main.exe: (anonymous namespace)::TX::_txProcessError()
#48 0x0040B057 in C:\Users\Иван\Documents\OneginModernModern\main.exe: (anonymous namespace)::TX::_txError()
#49 0x0040B361 in C:\Users\Иван\Documents\OneginModernModern\main.exe: (anonymous namespace)::TX::_txOnSignal()
#50 0x76588F03 in C:\Windows\System32\msvcrt.dll: raise()
#51 0x7658D3CB in C:\Windows\System32\msvcrt.dll: abort()
#52 0x004A81DE in C:\Users\Иван\Documents\OneginModernModern\main.exe: emutls_alloc()
#53 0x004109EC in C:\Users\Иван\Documents\OneginModernModern\main.exe: (anonymous namespace)::TX::_txCaptureStackBackTraceTX()
#54 0x00410E6B in C:\Users\Иван\Documents\OneginModernModern\main.exe: (anonymous namespace)::TX::_txProcessError()
#55 0x0040B057 in C:\Users\Иван\Documents\OneginModernModern\main.exe: (anonymous namespace)::TX::_txError()
#56 0x0040B361 in C:\Users\Иван\Documents\OneginModernModern\main.exe: (anonymous namespace)::TX::_txOnSignal()
#57 0x76588F03 in C:\Windows\System32\msvcrt.dll: raise()
#58 0x7658D3CB in C:\Windows\System32\msvcrt.dll: abort()
#59 0x004A81DE in C:\Users\Иван\Documents\OneginModernModern\main.exe: emutls_alloc()
#60 0x004109EC in C:\Users\Иван\Documents\OneginModernModern\main.exe: (anonymous namespace)::TX::_txCaptureStackBackTraceTX()
#61 0x00410E6B in C:\Users\Иван\Documents\OneginModernModern\main.exe: (anonymous namespace)::TX::_txProcessError()

TXLib печалится: Нет информации об исходных файлах. Вы не забыли опцию -g при компиляции?

--------------------------------------------------
Developed with:

The Dumb Artist Library (TX Library)
TXLib [Ver: 00173a, Rev: 175, Date: 2025-12-31 23:02:50 +0400]
Copyright (C) Ded (Ilya Dedinsky, http://txlib.ru) <mail@txlib.ru>
See license on: http://txlib.ru

TXLib file:	c:\users\иван\downloads\codeblocks\mingw\include\txlib.h
Compiled:	Sep 20 2026 19:57:00, GNU g++ 4.8.1, std=201103L, MinGW Runtime 3.20, 32-bit, Debug
Started:	Sep 20 2026 19:57:03

Run file:	C:\Users\Иван\Documents\OneginModernModern\main.exe
Directory:	C:\Users\Иван\Documents\OneginModernModern

--------------------------------------------------

--------------------------------------------------
TXLib соболезнует...

Программа: C:\Users\Иван\Documents\OneginModernModern\main.exe,

ВНЕЗАПНО: signal (22, 0x00): SIGABRT: Аварийное завершение программы, вызвана функция abort(). 

С помощью функции signal() вы можете сами обработать эту ошибку.

#30: TXLib [Ver: 00173a, Rev: 175, Date: 2025-12-31 23:02:50 +0400], Instance: 0x004F61DC (32-bit), Flags: Cmdre0, Thread: 0x41E8 (Main), GetLastError(): 8 (Недостаточно ресурсов памяти для обработки этой команды), errno: 12 (Visual C++ CRT: Not enough memory to complete call to strerror.). 

--------------------------------------------------
Стек вызовов:

# 0 0x0040B361 in C:\Users\Иван\Documents\OneginModernModern\main.exe: (anonymous namespace)::TX::_txOnSignal()
# 1 0x76588F03 in C:\Windows\System32\msvcrt.dll: raise()
# 2 0x7658D3CB in C:\Windows\System32\msvcrt.dll: abort()
# 3 0x004A81DE in C:\Users\Иван\Documents\OneginModernModern\main.exe: emutls_alloc()
# 4 0x004109EC in C:\Users\Иван\Documents\OneginModernModern\main.exe: (anonymous namespace)::TX::_txCaptureStackBackTraceTX()
# 5 0x00410E6B in C:\Users\Иван\Documents\OneginModernModern\main.exe: (anonymous namespace)::TX::_txProcessError()
# 6 0x0040B057 in C:\Users\Иван\Documents\OneginModernModern\main.exe: (anonymous namespace)::TX::_txError()
# 7 0x0040B361 in C:\Users\Иван\Documents\OneginModernModern\main.exe: (anonymous namespace)::TX::_txOnSignal()
# 8 0x76588F03 in C:\Windows\System32\msvcrt.dll: raise()
# 9 0x7658D3CB in C:\Windows\System32\msvcrt.dll: abort()
#10 0x004A81DE in C:\Users\Иван\Documents\OneginModernModern\main.exe: emutls_alloc()
#11 0x004109EC in C:\Users\Иван\Documents\OneginModernModern\main.exe: (anonymous namespace)::TX::_txCaptureStackBackTraceTX()
#12 0x00410E6B in C:\Users\Иван\Documents\OneginModernModern\main.exe: (anonymous namespace)::TX::_txProcessError()
#13 0x0040B057 in C:\Users\Иван\Documents\OneginModernModern\main.exe: (anonymous namespace)::TX::_txError()
#14 0x0040B361 in C:\Users\Иван\Documents\OneginModernModern\main.exe: (anonymous namespace)::TX::_txOnSignal()
#15 0x76588F03 in C:\Windows\System32\msvcrt.dll: raise()
#16 0x7658D3CB in C:\Windows\System32\msvcrt.dll: abort()
#17 0x004A81DE in C:\Users\Иван\Documents\OneginModernModern\main.exe: emutls_alloc()
#18 0x004109EC in C:\Users\Иван\Documents\OneginModernModern\main.exe: (anonymous namespace)::TX::_txCaptureStackBackTraceTX()
#19 0x00410E6B in C:\Users\Иван\Documents\OneginModernModern\main.exe: (anonymous namespace)::TX::_txProcessError()
#20 0x0040B057 in C:\Users\Иван\Documents\OneginModernModern\main.exe: (anonymous namespace)::TX::_txError()
#21 0x0040B361 in C:\Users\Иван\Documents\OneginModernModern\main.exe: (anonymous namespace)::TX::_txOnSignal()
#22 0x76588F03 in C:\Windows\System32\msvcrt.dll: raise()
#23 0x7658D3CB in C:\Windows\System32\msvcrt.dll: abort()
#24 0x004A81DE in C:\Users\Иван\Documents\OneginModernModern\main.exe: emutls_alloc()
#25 0x004109EC in C:\Users\Иван\Documents\OneginModernModern\main.exe: (anonymous namespace)::TX::_txCaptureStackBackTraceTX()
#26 0x00410E6B in C:\Users\Иван\Documents\OneginModernModern\main.exe: (anonymous namespace)::TX::_txProcessError()
#27 0x0040B057 in C:\Users\Иван\Documents\OneginModernModern\main.exe: (anonymous namespace)::TX::_txError()
#28 0x0040B361 in C:\Users\Иван\Documents\OneginModernModern\main.exe: (anonymous namespace)::TX::_txOnSignal()
#29 0x76588F03 in C:\Windows\System32\msvcrt.dll: raise()
#30 0x7658D3CB in C:\Windows\System32\msvcrt.dll: abort()
#31 0x004A81DE in C:\Users\Иван\Documents\OneginModernModern\main.exe: emutls_alloc()
#32 0x004109EC in C:\Users\Иван\Documents\OneginModernModern\main.exe: (anonymous namespace)::TX::_txCaptureStackBackTraceTX()
#33 0x00410E6B in C:\Users\Иван\Documents\OneginModernModern\main.exe: (anonymous namespace)::TX::_txProcessError()
#34 0x0040B057 in C:\Users\Иван\Documents\OneginModernModern\main.exe: (anonymous namespace)::TX::_txError()
#35 0x0040B361 in C:\Users\Иван\Documents\OneginModernModern\main.exe: (anonymous namespace)::TX::_txOnSignal()
#36 0x76588F03 in C:\Windows\System32\msvcrt.dll: raise()
#37 0x7658D3CB in C:\Windows\System32\msvcrt.dll: abort()
#38 0x004A81DE in C:\Users\Иван\Documents\OneginModernModern\main.exe: emutls_alloc()
#39 0x004109EC in C:\Users\Иван\Documents\OneginModernModern\main.exe: (anonymous namespace)::TX::_txCaptureStackBackTraceTX()
#40 0x00410E6B in C:\Users\Иван\Documents\OneginModernModern\main.exe: (anonymous namespace)::TX::_txProcessError()
#41 0x0040B057 in C:\Users\Иван\Documents\OneginModernModern\main.exe: (anonymous namespace)::TX::_txError()
#42 0x0040B361 in C:\Users\Иван\Documents\OneginModernModern\main.exe: (anonymous namespace)::TX::_txOnSignal()
#43 0x76588F03 in C:\Windows\System32\msvcrt.dll: raise()
#44 0x7658D3CB in C:\Windows\System32\msvcrt.dll: abort()
#45 0x004A81DE in C:\Users\Иван\Documents\OneginModernModern\main.exe: emutls_alloc()
#46 0x004109EC in C:\Users\Иван\Documents\OneginModernModern\main.exe: (anonymous namespace)::TX::_txCaptureStackBackTraceTX()
#47 0x00410E6B in C:\Users\Иван\Documents\OneginModernModern\main.exe: (anonymous namespace)::TX::_txProcessError()
#48 0x0040B057 in C:\Users\Иван\Documents\OneginModernModern\main.exe: (anonymous namespace)::TX::_txError()
#49 0x0040B361 in C:\Users\Иван\Documents\OneginModernModern\main.exe: (anonymous namespace)::TX::_txOnSignal()
#50 0x76588F03 in C:\Windows\System32\msvcrt.dll: raise()
#51 0x7658D3CB in C:\Windows\System32\msvcrt.dll: abort()
#52 0x004A81DE in C:\Users\Иван\Documents\OneginModernModern\main.exe: emutls_alloc()
#53 0x004109EC in C:\Users\Иван\Documents\OneginModernModern\main.exe: (anonymous namespace)::TX::_txCaptureStackBackTraceTX()
#54 0x00410E6B in C:\Users\Иван\Documents\OneginModernModern\main.exe: (anonymous namespace)::TX::_txProcessError()
#55 0x0040B057 in C:\Users\Иван\Documents\OneginModernModern\main.exe: (anonymous namespace)::TX::_txError()
#56 0x0040B361 in C:\Users\Иван\Documents\OneginModernModern\main.exe: (anonymous namespace)::TX::_txOnSignal()
#57 0x76588F03 in C:\Windows\System32\msvcrt.dll: raise()
#58 0x7658D3CB in C:\Windows\System32\msvcrt.dll: abort()
#59 0x004A81DE in C:\Users\Иван\Documents\OneginModernModern\main.exe: emutls_alloc()
#60 0x004109EC in C:\Users\Иван\Documents\OneginModernModern\main.exe: (anonymous namespace)::TX::_txCaptureStackBackTraceTX()
#61 0x00410E6B in C:\Users\Иван\Documents\OneginModernModern\main.exe: (anonymous namespace)::TX::_txProcessError()

TXLib печалится: Нет информации об исходных файлах. Вы не забыли опцию -g при компиляции?

--------------------------------------------------
Developed with:

The Dumb Artist Library (TX Library)
TXLib [Ver: 00173a, Rev: 175, Date: 2025-12-31 23:02:50 +0400]
Copyright (C) Ded (Ilya Dedinsky, http://txlib.ru) <mail@txlib.ru>
See license on: http://txlib.ru

TXLib file:	c:\users\иван\downloads\codeblocks\mingw\include\txlib.h
Compiled:	Sep 20 2026 19:59:30, GNU g++ 4.8.1, std=201103L, MinGW Runtime 3.20, 32-bit, Debug
Started:	Sep 20 2026 19:59:33

Run file:	C:\Users\Иван\Documents\OneginModernModern\main.exe
Directory:	C:\Users\Иван\Documents\OneginModernModern

--------------------------------------------------

--------------------------------------------------
TXLib соболезнует...

Программа: C:\Users\Иван\Documents\OneginModernModern\main.exe,

ВНЕЗАПНО: signal (22, 0x00): SIGABRT: Аварийное завершение программы, вызвана функция abort(). 

С помощью функции signal() вы можете сами обработать эту ошибку.

#30: TXLib [Ver: 00173a, Rev: 175, Date: 2025-12-31 23:02:50 +0400], Instance: 0x004F61DC (32-bit), Flags: Cmdre0, Thread: 0x814 (Main), GetLastError(): 8 (Недостаточно ресурсов памяти для обработки этой команды), errno: 12 (Visual C++ CRT: Not enough memory to complete call to strerror.). 

--------------------------------------------------
Стек вызовов:

# 0 0x0040B361 in C:\Users\Иван\Documents\OneginModernModern\main.exe: (anonymous namespace)::TX::_txOnSignal()
# 1 0x76588F03 in C:\Windows\System32\msvcrt.dll: raise()
# 2 0x7658D3CB in C:\Windows\System32\msvcrt.dll: abort()
# 3 0x004A81DE in C:\Users\Иван\Documents\OneginModernModern\main.exe: emutls_alloc()
# 4 0x004109EC in C:\Users\Иван\Documents\OneginModernModern\main.exe: (anonymous namespace)::TX::_txCaptureStackBackTraceTX()
# 5 0x00410E6B in C:\Users\Иван\Documents\OneginModernModern\main.exe: (anonymous namespace)::TX::_txProcessError()
# 6 0x0040B057 in C:\Users\Иван\Documents\OneginModernModern\main.exe: (anonymous namespace)::TX::_txError()
# 7 0x0040B361 in C:\Users\Иван\Documents\OneginModernModern\main.exe: (anonymous namespace)::TX::_txOnSignal()
# 8 0x76588F03 in C:\Windows\System32\msvcrt.dll: raise()
# 9 0x7658D3CB in C:\Windows\System32\msvcrt.dll: abort()
#10 0x004A81DE in C:\Users\Иван\Documents\OneginModernModern\main.exe: emutls_alloc()
#11 0x004109EC in C:\Users\Иван\Documents\OneginModernModern\main.exe: (anonymous namespace)::TX::_txCaptureStackBackTraceTX()
#12 0x00410E6B in C:\Users\Иван\Documents\OneginModernModern\main.exe: (anonymous namespace)::TX::_txProcessError()
#13 0x0040B057 in C:\Users\Иван\Documents\OneginModernModern\main.exe: (anonymous namespace)::TX::_txError()
#14 0x0040B361 in C:\Users\Иван\Documents\OneginModernModern\main.exe: (anonymous namespace)::TX::_txOnSignal()
#15 0x76588F03 in C:\Windows\System32\msvcrt.dll: raise()
#16 0x7658D3CB in C:\Windows\System32\msvcrt.dll: abort()
#17 0x004A81DE in C:\Users\Иван\Documents\OneginModernModern\main.exe: emutls_alloc()
#18 0x004109EC in C:\Users\Иван\Documents\OneginModernModern\main.exe: (anonymous namespace)::TX::_txCaptureStackBackTraceTX()
#19 0x00410E6B in C:\Users\Иван\Documents\OneginModernModern\main.exe: (anonymous namespace)::TX::_txProcessError()
#20 0x0040B057 in C:\Users\Иван\Documents\OneginModernModern\main.exe: (anonymous namespace)::TX::_txError()
#21 0x0040B361 in C:\Users\Иван\Documents\OneginModernModern\main.exe: (anonymous namespace)::TX::_txOnSignal()
#22 0x76588F03 in C:\Windows\System32\msvcrt.dll: raise()
#23 0x7658D3CB in C:\Windows\System32\msvcrt.dll: abort()
#24 0x004A81DE in C:\Users\Иван\Documents\OneginModernModern\main.exe: emutls_alloc()
#25 0x004109EC in C:\Users\Иван\Documents\OneginModernModern\main.exe: (anonymous namespace)::TX::_txCaptureStackBackTraceTX()
#26 0x00410E6B in C:\Users\Иван\Documents\OneginModernModern\main.exe: (anonymous namespace)::TX::_txProcessError()
#27 0x0040B057 in C:\Users\Иван\Documents\OneginModernModern\main.exe: (anonymous namespace)::TX::_txError()
#28 0x0040B361 in C:\Users\Иван\Documents\OneginModernModern\main.exe: (anonymous namespace)::TX::_txOnSignal()
#29 0x76588F03 in C:\Windows\System32\msvcrt.dll: raise()
#30 0x7658D3CB in C:\Windows\System32\msvcrt.dll: abort()
#31 0x004A81DE in C:\Users\Иван\Documents\OneginModernModern\main.exe: emutls_alloc()
#32 0x004109EC in C:\Users\Иван\Documents\OneginModernModern\main.exe: (anonymous namespace)::TX::_txCaptureStackBackTraceTX()
#33 0x00410E6B in C:\Users\Иван\Documents\OneginModernModern\main.exe: (anonymous namespace)::TX::_txProcessError()
#34 0x0040B057 in C:\Users\Иван\Documents\OneginModernModern\main.exe: (anonymous namespace)::TX::_txError()
#35 0x0040B361 in C:\Users\Иван\Documents\OneginModernModern\main.exe: (anonymous namespace)::TX::_txOnSignal()
#36 0x76588F03 in C:\Windows\System32\msvcrt.dll: raise()
#37 0x7658D3CB in C:\Windows\System32\msvcrt.dll: abort()
#38 0x004A81DE in C:\Users\Иван\Documents\OneginModernModern\main.exe: emutls_alloc()
#39 0x004109EC in C:\Users\Иван\Documents\OneginModernModern\main.exe: (anonymous namespace)::TX::_txCaptureStackBackTraceTX()
#40 0x00410E6B in C:\Users\Иван\Documents\OneginModernModern\main.exe: (anonymous namespace)::TX::_txProcessError()
#41 0x0040B057 in C:\Users\Иван\Documents\OneginModernModern\main.exe: (anonymous namespace)::TX::_txError()
#42 0x0040B361 in C:\Users\Иван\Documents\OneginModernModern\main.exe: (anonymous namespace)::TX::_txOnSignal()
#43 0x76588F03 in C:\Windows\System32\msvcrt.dll: raise()
#44 0x7658D3CB in C:\Windows\System32\msvcrt.dll: abort()
#45 0x004A81DE in C:\Users\Иван\Documents\OneginModernModern\main.exe: emutls_alloc()
#46 0x004109EC in C:\Users\Иван\Documents\OneginModernModern\main.exe: (anonymous namespace)::TX::_txCaptureStackBackTraceTX()
#47 0x00410E6B in C:\Users\Иван\Documents\OneginModernModern\main.exe: (anonymous namespace)::TX::_txProcessError()
#48 0x0040B057 in C:\Users\Иван\Documents\OneginModernModern\main.exe: (anonymous namespace)::TX::_txError()
#49 0x0040B361 in C:\Users\Иван\Documents\OneginModernModern\main.exe: (anonymous namespace)::TX::_txOnSignal()
#50 0x76588F03 in C:\Windows\System32\msvcrt.dll: raise()
#51 0x7658D3CB in C:\Windows\System32\msvcrt.dll: abort()
#52 0x004A81DE in C:\Users\Иван\Documents\OneginModernModern\main.exe: emutls_alloc()
#53 0x004109EC in C:\Users\Иван\Documents\OneginModernModern\main.exe: (anonymous namespace)::TX::_txCaptureStackBackTraceTX()
#54 0x00410E6B in C:\Users\Иван\Documents\OneginModernModern\main.exe: (anonymous namespace)::TX::_txProcessError()
#55 0x0040B057 in C:\Users\Иван\Documents\OneginModernModern\main.exe: (anonymous namespace)::TX::_txError()
#56 0x0040B361 in C:\Users\Иван\Documents\OneginModernModern\main.exe: (anonymous namespace)::TX::_txOnSignal()
#57 0x76588F03 in C:\Windows\System32\msvcrt.dll: raise()
#58 0x7658D3CB in C:\Windows\System32\msvcrt.dll: abort()
#59 0x004A81DE in C:\Users\Иван\Documents\OneginModernModern\main.exe: emutls_alloc()
#60 0x004109EC in C:\Users\Иван\Documents\OneginModernModern\main.exe: (anonymous namespace)::TX::_txCaptureStackBackTraceTX()
#61 0x00410E6B in C:\Users\Иван\Documents\OneginModernModern\main.exe: (anonymous namespace)::TX::_txProcessError()

TXLib печалится: Нет информации об исходных файлах. Вы не забыли опцию -g при компиляции?

--------------------------------------------------
Developed with:

The Dumb Artist Library (TX Library)
TXLib [Ver: 00173a, Rev: 175, Date: 2025-12-31 23:02:50 +0400]
Copyright (C) Ded (Ilya Dedinsky, http://txlib.ru) <mail@txlib.ru>
See license on: http://txlib.ru

TXLib file:	c:\users\иван\downloads\codeblocks\mingw\include\txlib.h
Compiled:	Sep 20 2026 20:00:52, GNU g++ 4.8.1, std=201103L, MinGW Runtime 3.20, 32-bit, Debug
Started:	Sep 20 2026 20:00:55

Run file:	C:\Users\Иван\Documents\OneginModernModern\main.exe
Directory:	C:\Users\Иван\Documents\OneginModernModern

--------------------------------------------------

--------------------------------------------------
TXLib соболезнует...

Программа: C:\Users\Иван\Documents\OneginModernModern\main.exe,

ВНЕЗАПНО: signal (22, 0x00): SIGABRT: Аварийное завершение программы, вызвана функция abort(). 

С помощью функции signal() вы можете сами обработать эту ошибку.

#30: TXLib [Ver: 00173a, Rev: 175, Date: 2025-12-31 23:02:50 +0400], Instance: 0x004F61DC (32-bit), Flags: Cmdre0, Thread: 0x2C74 (Main), GetLastError(): 8 (Недостаточно ресурсов памяти для обработки этой команды), errno: 12 (Visual C++ CRT: Not enough memory to complete call to strerror.). 

--------------------------------------------------
Стек вызовов:

# 0 0x0040B361 in C:\Users\Иван\Documents\OneginModernModern\main.exe: (anonymous namespace)::TX::_txOnSignal()
# 1 0x76588F03 in C:\Windows\System32\msvcrt.dll: raise()
# 2 0x7658D3CB in C:\Windows\System32\msvcrt.dll: abort()
# 3 0x004A81DE in C:\Users\Иван\Documents\OneginModernModern\main.exe: emutls_alloc()
# 4 0x004109EC in C:\Users\Иван\Documents\OneginModernModern\main.exe: (anonymous namespace)::TX::_txCaptureStackBackTraceTX()
# 5 0x00410E6B in C:\Users\Иван\Documents\OneginModernModern\main.exe: (anonymous namespace)::TX::_txProcessError()
# 6 0x0040B057 in C:\Users\Иван\Documents\OneginModernModern\main.exe: (anonymous namespace)::TX::_txError()
# 7 0x0040B361 in C:\Users\Иван\Documents\OneginModernModern\main.exe: (anonymous namespace)::TX::_txOnSignal()
# 8 0x76588F03 in C:\Windows\System32\msvcrt.dll: raise()
# 9 0x7658D3CB in C:\Windows\System32\msvcrt.dll: abort()
#10 0x004A81DE in C:\Users\Иван\Documents\OneginModernModern\main.exe: emutls_alloc()
#11 0x004109EC in C:\Users\Иван\Documents\OneginModernModern\main.exe: (anonymous namespace)::TX::_txCaptureStackBackTraceTX()
#12 0x00410E6B in C:\Users\Иван\Documents\OneginModernModern\main.exe: (anonymous namespace)::TX::_txProcessError()
#13 0x0040B057 in C:\Users\Иван\Documents\OneginModernModern\main.exe: (anonymous namespace)::TX::_txError()
#14 0x0040B361 in C:\Users\Иван\Documents\OneginModernModern\main.exe: (anonymous namespace)::TX::_txOnSignal()
#15 0x76588F03 in C:\Windows\System32\msvcrt.dll: raise()
#16 0x7658D3CB in C:\Windows\System32\msvcrt.dll: abort()
#17 0x004A81DE in C:\Users\Иван\Documents\OneginModernModern\main.exe: emutls_alloc()
#18 0x004109EC in C:\Users\Иван\Documents\OneginModernModern\main.exe: (anonymous namespace)::TX::_txCaptureStackBackTraceTX()
#19 0x00410E6B in C:\Users\Иван\Documents\OneginModernModern\main.exe: (anonymous namespace)::TX::_txProcessError()
#20 0x0040B057 in C:\Users\Иван\Documents\OneginModernModern\main.exe: (anonymous namespace)::TX::_txError()
#21 0x0040B361 in C:\Users\Иван\Documents\OneginModernModern\main.exe: (anonymous namespace)::TX::_txOnSignal()
#22 0x76588F03 in C:\Windows\System32\msvcrt.dll: raise()
#23 0x7658D3CB in C:\Windows\System32\msvcrt.dll: abort()
#24 0x004A81DE in C:\Users\Иван\Documents\OneginModernModern\main.exe: emutls_alloc()
#25 0x004109EC in C:\Users\Иван\Documents\OneginModernModern\main.exe: (anonymous namespace)::TX::_txCaptureStackBackTraceTX()
#26 0x00410E6B in C:\Users\Иван\Documents\OneginModernModern\main.exe: (anonymous namespace)::TX::_txProcessError()
#27 0x0040B057 in C:\Users\Иван\Documents\OneginModernModern\main.exe: (anonymous namespace)::TX::_txError()
#28 0x0040B361 in C:\Users\Иван\Documents\OneginModernModern\main.exe: (anonymous namespace)::TX::_txOnSignal()
#29 0x76588F03 in C:\Windows\System32\msvcrt.dll: raise()
#30 0x7658D3CB in C:\Windows\System32\msvcrt.dll: abort()
#31 0x004A81DE in C:\Users\Иван\Documents\OneginModernModern\main.exe: emutls_alloc()
#32 0x004109EC in C:\Users\Иван\Documents\OneginModernModern\main.exe: (anonymous namespace)::TX::_txCaptureStackBackTraceTX()
#33 0x00410E6B in C:\Users\Иван\Documents\OneginModernModern\main.exe: (anonymous namespace)::TX::_txProcessError()
#34 0x0040B057 in C:\Users\Иван\Documents\OneginModernModern\main.exe: (anonymous namespace)::TX::_txError()
#35 0x0040B361 in C:\Users\Иван\Documents\OneginModernModern\main.exe: (anonymous namespace)::TX::_txOnSignal()
#36 0x76588F03 in C:\Windows\System32\msvcrt.dll: raise()
#37 0x7658D3CB in C:\Windows\System32\msvcrt.dll: abort()
#38 0x004A81DE in C:\Users\Иван\Documents\OneginModernModern\main.exe: emutls_alloc()
#39 0x004109EC in C:\Users\Иван\Documents\OneginModernModern\main.exe: (anonymous namespace)::TX::_txCaptureStackBackTraceTX()
#40 0x00410E6B in C:\Users\Иван\Documents\OneginModernModern\main.exe: (anonymous namespace)::TX::_txProcessError()
#41 0x0040B057 in C:\Users\Иван\Documents\OneginModernModern\main.exe: (anonymous namespace)::TX::_txError()
#42 0x0040B361 in C:\Users\Иван\Documents\OneginModernModern\main.exe: (anonymous namespace)::TX::_txOnSignal()
#43 0x76588F03 in C:\Windows\System32\msvcrt.dll: raise()
#44 0x7658D3CB in C:\Windows\System32\msvcrt.dll: abort()
#45 0x004A81DE in C:\Users\Иван\Documents\OneginModernModern\main.exe: emutls_alloc()
#46 0x004109EC in C:\Users\Иван\Documents\OneginModernModern\main.exe: (anonymous namespace)::TX::_txCaptureStackBackTraceTX()
#47 0x00410E6B in C:\Users\Иван\Documents\OneginModernModern\main.exe: (anonymous namespace)::TX::_txProcessError()
#48 0x0040B057 in C:\Users\Иван\Documents\OneginModernModern\main.exe: (anonymous namespace)::TX::_txError()
#49 0x0040B361 in C:\Users\Иван\Documents\OneginModernModern\main.exe: (anonymous namespace)::TX::_txOnSignal()
#50 0x76588F03 in C:\Windows\System32\msvcrt.dll: raise()
#51 0x7658D3CB in C:\Windows\System32\msvcrt.dll: abort()
#52 0x004A81DE in C:\Users\Иван\Documents\OneginModernModern\main.exe: emutls_alloc()
#53 0x004109EC in C:\Users\Иван\Documents\OneginModernModern\main.exe: (anonymous namespace)::TX::_txCaptureStackBackTraceTX()
#54 0x00410E6B in C:\Users\Иван\Documents\OneginModernModern\main.exe: (anonymous namespace)::TX::_txProcessError()
#55 0x0040B057 in C:\Users\Иван\Documents\OneginModernModern\main.exe: (anonymous namespace)::TX::_txError()
#56 0x0040B361 in C:\Users\Иван\Documents\OneginModernModern\main.exe: (anonymous namespace)::TX::_txOnSignal()
#57 0x76588F03 in C:\Windows\System32\msvcrt.dll: raise()
#58 0x7658D3CB in C:\Windows\System32\msvcrt.dll: abort()
#59 0x004A81DE in C:\Users\Иван\Documents\OneginModernModern\main.exe: emutls_alloc()
#60 0x004109EC in C:\Users\Иван\Documents\OneginModernModern\main.exe: (anonymous namespace)::TX::_txCaptureStackBackTraceTX()
#61 0x00410E6B in C:\Users\Иван\Documents\OneginModernModern\main.exe: (anonymous namespace)::TX::_txProcessError()

TXLib печалится: Нет информации об исходных файлах. Вы не забыли опцию -g при компиляции?

--------------------------------------------------
Developed with:

The Dumb Artist Library (TX Library)
TXLib [Ver: 00173a, Rev: 175, Date: 2025-12-31 23:02:50 +0400]
Copyright (C) Ded (Ilya Dedinsky, http://txlib.ru) <mail@txlib.ru>
See license on: http://txlib.ru

TXLib file:	c:\users\иван\downloads\codeblocks\mingw\include\txlib.h
Compiled:	Sep 20 2026 20:01:55, GNU g++ 4.8.1, std=201103L, MinGW Runtime 3.20, 32-bit, Debug
Started:	Sep 20 2026 20:01:59

Run file:	C:\Users\Иван\Documents\OneginModernModern\main.exe
Directory:	C:\Users\Иван\Documents\OneginModernModern

--------------------------------------------------

--------------------------------------------------
TXLib соболезнует...

Программа: C:\Users\Иван\Documents\OneginModernModern\main.exe,

ВНЕЗАПНО: signal (22, 0x00): SIGABRT: Аварийное завершение программы, вызвана функция abort(). 

С помощью функции signal() вы можете сами обработать эту ошибку.

#13: TXLib [Ver: 00173a, Rev: 175, Date: 2025-12-31 23:02:50 +0400], Instance: 0x004F61DC (32-bit), Flags: Cmdre0, Thread: 0x41E8 (Main), GetLastError(): 8 (Недостаточно ресурсов памяти для обработки этой команды), errno: 12 (Visual C++ CRT: Not enough memory to complete call to strerror.). 

--------------------------------------------------
Стек вызовов:

# 0 0x0040B361 in C:\Users\Иван\Documents\OneginModernModern\main.exe: (anonymous namespace)::TX::_txOnSignal()
# 1 0x76588F03 in C:\Windows\System32\msvcrt.dll: raise()
# 2 0x7658D3CB in C:\Windows\System32\msvcrt.dll: abort()
# 3 0x004A81DE in C:\Users\Иван\Documents\OneginModernModern\main.exe: emutls_alloc()
# 4 0x004109EC in C:\Users\Иван\Documents\OneginModernModern\main.exe: (anonymous namespace)::TX::_txCaptureStackBackTraceTX()
# 5 0x00410E6B in C:\Users\Иван\Documents\OneginModernModern\main.exe: (anonymous namespace)::TX::_txProcessError()
# 6 0x0040B057 in C:\Users\Иван\Documents\OneginModernModern\main.exe: (anonymous namespace)::TX::_txError()
# 7 0x0040B361 in C:\Users\Иван\Documents\OneginModernModern\main.exe: (anonymous namespace)::TX::_txOnSignal()
# 8 0x76588F03 in C:\Windows\System32\msvcrt.dll: raise()
# 9 0x7658D3CB in C:\Windows\System32\msvcrt.dll: abort()
#10 0x004A81DE in C:\Users\Иван\Documents\OneginModernModern\main.exe: emutls_alloc()
#11 0x004109EC in C:\Users\Иван\Documents\OneginModernModern\main.exe: (anonymous namespace)::TX::_txCaptureStackBackTraceTX()
#12 0x00410E6B in C:\Users\Иван\Documents\OneginModernModern\main.exe: (anonymous namespace)::TX::_txProcessError()
#13 0x0040B057 in C:\Users\Иван\Documents\OneginModernModern\main.exe: (anonymous namespace)::TX::_txError()
#14 0x0040B361 in C:\Users\Иван\Documents\OneginModernModern\main.exe: (anonymous namespace)::TX::_txOnSignal()
#15 0x76588F03 in C:\Windows\System32\msvcrt.dll: raise()
#16 0x7658D3CB in C:\Windows\System32\msvcrt.dll: abort()
#17 0x004A81DE in C:\Users\Иван\Documents\OneginModernModern\main.exe: emutls_alloc()
#18 0x004109EC in C:\Users\Иван\Documents\OneginModernModern\main.exe: (anonymous namespace)::TX::_txCaptureStackBackTraceTX()
#19 0x00410E6B in C:\Users\Иван\Documents\OneginModernModern\main.exe: (anonymous namespace)::TX::_txProcessError()
#20 0x0040B057 in C:\Users\Иван\Documents\OneginModernModern\main.exe: (anonymous namespace)::TX::_txError()
#21 0x0040B361 in C:\Users\Иван\Documents\OneginModernModern\main.exe: (anonymous namespace)::TX::_txOnSignal()
#22 0x76588F03 in C:\Windows\System32\msvcrt.dll: raise()
#23 0x7658D3CB in C:\Windows\System32\msvcrt.dll: abort()
#24 0x004A81DE in C:\Users\Иван\Documents\OneginModernModern\main.exe: emutls_alloc()
#25 0x004109EC in C:\Users\Иван\Documents\OneginModernModern\main.exe: (anonymous namespace)::TX::_txCaptureStackBackTraceTX()
#26 0x00410E6B in C:\Users\Иван\Documents\OneginModernModern\main.exe: (anonymous namespace)::TX::_txProcessError()
#27 0x0040B057 in C:\Users\Иван\Documents\OneginModernModern\main.exe: (anonymous namespace)::TX::_txError()
#28 0x0040B361 in C:\Users\Иван\Documents\OneginModernModern\main.exe: (anonymous namespace)::TX::_txOnSignal()
#29 0x76588F03 in C:\Windows\System32\msvcrt.dll: raise()
#30 0x7658D3CB in C:\Windows\System32\msvcrt.dll: abort()
#31 0x004A81DE in C:\Users\Иван\Documents\OneginModernModern\main.exe: emutls_alloc()
#32 0x004109EC in C:\Users\Иван\Documents\OneginModernModern\main.exe: (anonymous namespace)::TX::_txCaptureStackBackTraceTX()
#33 0x00410E6B in C:\Users\Иван\Documents\OneginModernModern\main.exe: (anonymous namespace)::TX::_txProcessError()
#34 0x0040B057 in C:\Users\Иван\Documents\OneginModernModern\main.exe: (anonymous namespace)::TX::_txError()
#35 0x0040B361 in C:\Users\Иван\Documents\OneginModernModern\main.exe: (anonymous namespace)::TX::_txOnSignal()
#36 0x76588F03 in C:\Windows\System32\msvcrt.dll: raise()
#37 0x7658D3CB in C:\Windows\System32\msvcrt.dll: abort()
#38 0x004A81DE in C:\Users\Иван\Documents\OneginModernModern\main.exe: emutls_alloc()
#39 0x004109EC in C:\Users\Иван\Documents\OneginModernModern\main.exe: (anonymous namespace)::TX::_txCaptureStackBackTraceTX()
#40 0x00410E6B in C:\Users\Иван\Documents\OneginModernModern\main.exe: (anonymous namespace)::TX::_txProcessError()
#41 0x0040B057 in C:\Users\Иван\Documents\OneginModernModern\main.exe: (anonymous namespace)::TX::_txError()
#42 0x0040B361 in C:\Users\Иван\Documents\OneginModernModern\main.exe: (anonymous namespace)::TX::_txOnSignal()
#43 0x76588F03 in C:\Windows\System32\msvcrt.dll: raise()
#44 0x7658D3CB in C:\Windows\System32\msvcrt.dll: abort()
#45 0x004A81DE in C:\Users\Иван\Documents\OneginModernModern\main.exe: emutls_alloc()
#46 0x004109EC in C:\Users\Иван\Documents\OneginModernModern\main.exe: (anonymous namespace)::TX::_txCaptureStackBackTraceTX()
#47 0x00410E6B in C:\Users\Иван\Documents\OneginModernModern\main.exe: (anonymous namespace)::TX::_txProcessError()
#48 0x0040B057 in C:\Users\Иван\Documents\OneginModernModern\main.exe: (anonymous namespace)::TX::_txError()
#49 0x0040B361 in C:\Users\Иван\Documents\OneginModernModern\main.exe: (anonymous namespace)::TX::_txOnSignal()
#50 0x76588F03 in C:\Windows\System32\msvcrt.dll: raise()
#51 0x7658D3CB in C:\Windows\System32\msvcrt.dll: abort()
#52 0x004A81DE in C:\Users\Иван\Documents\OneginModernModern\main.exe: emutls_alloc()
#53 0x004109EC in C:\Users\Иван\Documents\OneginModernModern\main.exe: (anonymous namespace)::TX::_txCaptureStackBackTraceTX()
#54 0x00410E6B in C:\Users\Иван\Documents\OneginModernModern\main.exe: (anonymous namespace)::TX::_txProcessError()
#55 0x0040B057 in C:\Users\Иван\Documents\OneginModernModern\main.exe: (anonymous namespace)::TX::_txError()
#56 0x0040B361 in C:\Users\Иван\Documents\OneginModernModern\main.exe: (anonymous namespace)::TX::_txOnSignal()
#57 0x76588F03 in C:\Windows\System32\msvcrt.dll: raise()
#58 0x7658D3CB in C:\Windows\System32\msvcrt.dll: abort()
#59 0x004A81DE in C:\Users\Иван\Documents\OneginModernModern\main.exe: emutls_alloc()
#60 0x004109EC in C:\Users\Иван\Documents\OneginModernModern\main.exe: (anonymous namespace)::TX::_txCaptureStackBackTraceTX()
#61 0x00410E6B in C:\Users\Иван\Documents\OneginModernModern\main.exe: (anonymous namespace)::TX::_txProcessError()

TXLib печалится: Нет информации об исходных файлах. Вы не забыли опцию -g при компиляции?

--------------------------------------------------
Developed with:

The Dumb Artist Library (TX Library)
TXLib [Ver: 00173a, Rev: 175, Date: 2025-12-31 23:02:50 +0400]
Copyright (C) Ded (Ilya Dedinsky, http://txlib.ru) <mail@txlib.ru>
See license on: http://txlib.ru

TXLib file:	c:\users\иван\downloads\codeblocks\mingw\include\txlib.h
Compiled:	Sep 20 2026 20:04:04, GNU g++ 4.8.1, std=201103L, MinGW Runtime 3.20, 32-bit, Debug
Started:	Sep 20 2026 20:04:06

Run file:	C:\Users\Иван\Documents\OneginModernModern\main.exe
Directory:	C:\Users\Иван\Documents\OneginModernModern

--------------------------------------------------

--------------------------------------------------
TXLib соболезнует...

Программа: C:\Users\Иван\Documents\OneginModernModern\main.exe,

ВНЕЗАПНО: signal (22, 0x00): SIGABRT: Аварийное завершение программы, вызвана функция abort(). 

С помощью функции signal() вы можете сами обработать эту ошибку.

#30: TXLib [Ver: 00173a, Rev: 175, Date: 2025-12-31 23:02:50 +0400], Instance: 0x004F61DC (32-bit), Flags: Cmdre0, Thread: 0x2E08 (Main), GetLastError(): 8 (Недостаточно ресурсов памяти для обработки этой команды), errno: 12 (Visual C++ CRT: Not enough memory to complete call to strerror.). 

--------------------------------------------------
Стек вызовов:

# 0 0x0040B361 in C:\Users\Иван\Documents\OneginModernModern\main.exe: (anonymous namespace)::TX::_txOnSignal()
# 1 0x76588F03 in C:\Windows\System32\msvcrt.dll: raise()
# 2 0x7658D3CB in C:\Windows\System32\msvcrt.dll: abort()
# 3 0x004A81EE in C:\Users\Иван\Documents\OneginModernModern\main.exe: emutls_alloc()
# 4 0x004109EC in C:\Users\Иван\Documents\OneginModernModern\main.exe: (anonymous namespace)::TX::_txCaptureStackBackTraceTX()
# 5 0x00410E6B in C:\Users\Иван\Documents\OneginModernModern\main.exe: (anonymous namespace)::TX::_txProcessError()
# 6 0x0040B057 in C:\Users\Иван\Documents\OneginModernModern\main.exe: (anonymous namespace)::TX::_txError()
# 7 0x0040B361 in C:\Users\Иван\Documents\OneginModernModern\main.exe: (anonymous namespace)::TX::_txOnSignal()
# 8 0x76588F03 in C:\Windows\System32\msvcrt.dll: raise()
# 9 0x7658D3CB in C:\Windows\System32\msvcrt.dll: abort()
#10 0x004A81EE in C:\Users\Иван\Documents\OneginModernModern\main.exe: emutls_alloc()
#11 0x004109EC in C:\Users\Иван\Documents\OneginModernModern\main.exe: (anonymous namespace)::TX::_txCaptureStackBackTraceTX()
#12 0x00410E6B in C:\Users\Иван\Documents\OneginModernModern\main.exe: (anonymous namespace)::TX::_txProcessError()
#13 0x0040B057 in C:\Users\Иван\Documents\OneginModernModern\main.exe: (anonymous namespace)::TX::_txError()
#14 0x0040B361 in C:\Users\Иван\Documents\OneginModernModern\main.exe: (anonymous namespace)::TX::_txOnSignal()
#15 0x76588F03 in C:\Windows\System32\msvcrt.dll: raise()
#16 0x7658D3CB in C:\Windows\System32\msvcrt.dll: abort()
#17 0x004A81EE in C:\Users\Иван\Documents\OneginModernModern\main.exe: emutls_alloc()
#18 0x004109EC in C:\Users\Иван\Documents\OneginModernModern\main.exe: (anonymous namespace)::TX::_txCaptureStackBackTraceTX()
#19 0x00410E6B in C:\Users\Иван\Documents\OneginModernModern\main.exe: (anonymous namespace)::TX::_txProcessError()
#20 0x0040B057 in C:\Users\Иван\Documents\OneginModernModern\main.exe: (anonymous namespace)::TX::_txError()
#21 0x0040B361 in C:\Users\Иван\Documents\OneginModernModern\main.exe: (anonymous namespace)::TX::_txOnSignal()
#22 0x76588F03 in C:\Windows\System32\msvcrt.dll: raise()
#23 0x7658D3CB in C:\Windows\System32\msvcrt.dll: abort()
#24 0x004A81EE in C:\Users\Иван\Documents\OneginModernModern\main.exe: emutls_alloc()
#25 0x004109EC in C:\Users\Иван\Documents\OneginModernModern\main.exe: (anonymous namespace)::TX::_txCaptureStackBackTraceTX()
#26 0x00410E6B in C:\Users\Иван\Documents\OneginModernModern\main.exe: (anonymous namespace)::TX::_txProcessError()
#27 0x0040B057 in C:\Users\Иван\Documents\OneginModernModern\main.exe: (anonymous namespace)::TX::_txError()
#28 0x0040B361 in C:\Users\Иван\Documents\OneginModernModern\main.exe: (anonymous namespace)::TX::_txOnSignal()
#29 0x76588F03 in C:\Windows\System32\msvcrt.dll: raise()
#30 0x7658D3CB in C:\Windows\System32\msvcrt.dll: abort()
#31 0x004A81EE in C:\Users\Иван\Documents\OneginModernModern\main.exe: emutls_alloc()
#32 0x004109EC in C:\Users\Иван\Documents\OneginModernModern\main.exe: (anonymous namespace)::TX::_txCaptureStackBackTraceTX()
#33 0x00410E6B in C:\Users\Иван\Documents\OneginModernModern\main.exe: (anonymous namespace)::TX::_txProcessError()
#34 0x0040B057 in C:\Users\Иван\Documents\OneginModernModern\main.exe: (anonymous namespace)::TX::_txError()
#35 0x0040B361 in C:\Users\Иван\Documents\OneginModernModern\main.exe: (anonymous namespace)::TX::_txOnSignal()
#36 0x76588F03 in C:\Windows\System32\msvcrt.dll: raise()
#37 0x7658D3CB in C:\Windows\System32\msvcrt.dll: abort()
#38 0x004A81EE in C:\Users\Иван\Documents\OneginModernModern\main.exe: emutls_alloc()
#39 0x004109EC in C:\Users\Иван\Documents\OneginModernModern\main.exe: (anonymous namespace)::TX::_txCaptureStackBackTraceTX()
#40 0x00410E6B in C:\Users\Иван\Documents\OneginModernModern\main.exe: (anonymous namespace)::TX::_txProcessError()
#41 0x0040B057 in C:\Users\Иван\Documents\OneginModernModern\main.exe: (anonymous namespace)::TX::_txError()
#42 0x0040B361 in C:\Users\Иван\Documents\OneginModernModern\main.exe: (anonymous namespace)::TX::_txOnSignal()
#43 0x76588F03 in C:\Windows\System32\msvcrt.dll: raise()
#44 0x7658D3CB in C:\Windows\System32\msvcrt.dll: abort()
#45 0x004A81EE in C:\Users\Иван\Documents\OneginModernModern\main.exe: emutls_alloc()
#46 0x004109EC in C:\Users\Иван\Documents\OneginModernModern\main.exe: (anonymous namespace)::TX::_txCaptureStackBackTraceTX()
#47 0x00410E6B in C:\Users\Иван\Documents\OneginModernModern\main.exe: (anonymous namespace)::TX::_txProcessError()
#48 0x0040B057 in C:\Users\Иван\Documents\OneginModernModern\main.exe: (anonymous namespace)::TX::_txError()
#49 0x0040B361 in C:\Users\Иван\Documents\OneginModernModern\main.exe: (anonymous namespace)::TX::_txOnSignal()
#50 0x76588F03 in C:\Windows\System32\msvcrt.dll: raise()
#51 0x7658D3CB in C:\Windows\System32\msvcrt.dll: abort()
#52 0x004A81EE in C:\Users\Иван\Documents\OneginModernModern\main.exe: emutls_alloc()
#53 0x004109EC in C:\Users\Иван\Documents\OneginModernModern\main.exe: (anonymous namespace)::TX::_txCaptureStackBackTraceTX()
#54 0x00410E6B in C:\Users\Иван\Documents\OneginModernModern\main.exe: (anonymous namespace)::TX::_txProcessError()
#55 0x0040B057 in C:\Users\Иван\Documents\OneginModernModern\main.exe: (anonymous namespace)::TX::_txError()
#56 0x0040B361 in C:\Users\Иван\Documents\OneginModernModern\main.exe: (anonymous namespace)::TX::_txOnSignal()
#57 0x76588F03 in C:\Windows\System32\msvcrt.dll: raise()
#58 0x7658D3CB in C:\Windows\System32\msvcrt.dll: abort()
#59 0x004A81EE in C:\Users\Иван\Documents\OneginModernModern\main.exe: emutls_alloc()
#60 0x004109EC in C:\Users\Иван\Documents\OneginModernModern\main.exe: (anonymous namespace)::TX::_txCaptureStackBackTraceTX()
#61 0x00410E6B in C:\Users\Иван\Documents\OneginModernModern\main.exe: (anonymous namespace)::TX::_txProcessError()

TXLib печалится: Нет информации об исходных файлах. Вы не забыли опцию -g при компиляции?

--------------------------------------------------
Developed with:

The Dumb Artist Library (TX Library)
TXLib [Ver: 00173a, Rev: 175, Date: 2025-12-31 23:02:50 +0400]
Copyright (C) Ded (Ilya Dedinsky, http://txlib.ru) <mail@txlib.ru>
See license on: http://txlib.ru

TXLib file:	c:\users\иван\downloads\codeblocks\mingw\include\txlib.h
Compiled:	Sep 20 2026 20:06:05, GNU g++ 4.8.1, std=201103L, MinGW Runtime 3.20, 32-bit, Debug
Started:	Sep 20 2026 20:06:08

Run file:	C:\Users\Иван\Documents\OneginModernModern\main.exe
Directory:	C:\Users\Иван\Documents\OneginModernModern

--------------------------------------------------

--------------------------------------------------
TXLib соболезнует...

Программа: C:\Users\Иван\Documents\OneginModernModern\main.exe,

ВНЕЗАПНО: signal (22, 0x00): SIGABRT: Аварийное завершение программы, вызвана функция abort(). 

С помощью функции signal() вы можете сами обработать эту ошибку.

#13: TXLib [Ver: 00173a, Rev: 175, Date: 2025-12-31 23:02:50 +0400], Instance: 0x004F61DC (32-bit), Flags: Cmdre0, Thread: 0x3E00 (Main), GetLastError(): 8 (Недостаточно ресурсов памяти для обработки этой команды), errno: 12 (Visual C++ CRT: Not enough memory to complete call to strerror.). 

--------------------------------------------------
Стек вызовов:

# 0 0x0040B361 in C:\Users\Иван\Documents\OneginModernModern\main.exe: (anonymous namespace)::TX::_txOnSignal()
# 1 0x76588F03 in C:\Windows\System32\msvcrt.dll: raise()
# 2 0x7658D3CB in C:\Windows\System32\msvcrt.dll: abort()
# 3 0x004A81DE in C:\Users\Иван\Documents\OneginModernModern\main.exe: emutls_alloc()
# 4 0x004109EC in C:\Users\Иван\Documents\OneginModernModern\main.exe: (anonymous namespace)::TX::_txCaptureStackBackTraceTX()
# 5 0x00410E6B in C:\Users\Иван\Documents\OneginModernModern\main.exe: (anonymous namespace)::TX::_txProcessError()
# 6 0x0040B057 in C:\Users\Иван\Documents\OneginModernModern\main.exe: (anonymous namespace)::TX::_txError()
# 7 0x0040B361 in C:\Users\Иван\Documents\OneginModernModern\main.exe: (anonymous namespace)::TX::_txOnSignal()
# 8 0x76588F03 in C:\Windows\System32\msvcrt.dll: raise()
# 9 0x7658D3CB in C:\Windows\System32\msvcrt.dll: abort()
#10 0x004A81DE in C:\Users\Иван\Documents\OneginModernModern\main.exe: emutls_alloc()
#11 0x004109EC in C:\Users\Иван\Documents\OneginModernModern\main.exe: (anonymous namespace)::TX::_txCaptureStackBackTraceTX()
#12 0x00410E6B in C:\Users\Иван\Documents\OneginModernModern\main.exe: (anonymous namespace)::TX::_txProcessError()
#13 0x0040B057 in C:\Users\Иван\Documents\OneginModernModern\main.exe: (anonymous namespace)::TX::_txError()
#14 0x0040B361 in C:\Users\Иван\Documents\OneginModernModern\main.exe: (anonymous namespace)::TX::_txOnSignal()
#15 0x76588F03 in C:\Windows\System32\msvcrt.dll: raise()
#16 0x7658D3CB in C:\Windows\System32\msvcrt.dll: abort()
#17 0x004A81DE in C:\Users\Иван\Documents\OneginModernModern\main.exe: emutls_alloc()
#18 0x004109EC in C:\Users\Иван\Documents\OneginModernModern\main.exe: (anonymous namespace)::TX::_txCaptureStackBackTraceTX()
#19 0x00410E6B in C:\Users\Иван\Documents\OneginModernModern\main.exe: (anonymous namespace)::TX::_txProcessError()
#20 0x0040B057 in C:\Users\Иван\Documents\OneginModernModern\main.exe: (anonymous namespace)::TX::_txError()
#21 0x0040B361 in C:\Users\Иван\Documents\OneginModernModern\main.exe: (anonymous namespace)::TX::_txOnSignal()
#22 0x76588F03 in C:\Windows\System32\msvcrt.dll: raise()
#23 0x7658D3CB in C:\Windows\System32\msvcrt.dll: abort()
#24 0x004A81DE in C:\Users\Иван\Documents\OneginModernModern\main.exe: emutls_alloc()
#25 0x004109EC in C:\Users\Иван\Documents\OneginModernModern\main.exe: (anonymous namespace)::TX::_txCaptureStackBackTraceTX()
#26 0x00410E6B in C:\Users\Иван\Documents\OneginModernModern\main.exe: (anonymous namespace)::TX::_txProcessError()
#27 0x0040B057 in C:\Users\Иван\Documents\OneginModernModern\main.exe: (anonymous namespace)::TX::_txError()
#28 0x0040B361 in C:\Users\Иван\Documents\OneginModernModern\main.exe: (anonymous namespace)::TX::_txOnSignal()
#29 0x76588F03 in C:\Windows\System32\msvcrt.dll: raise()
#30 0x7658D3CB in C:\Windows\System32\msvcrt.dll: abort()
#31 0x004A81DE in C:\Users\Иван\Documents\OneginModernModern\main.exe: emutls_alloc()
#32 0x004109EC in C:\Users\Иван\Documents\OneginModernModern\main.exe: (anonymous namespace)::TX::_txCaptureStackBackTraceTX()
#33 0x00410E6B in C:\Users\Иван\Documents\OneginModernModern\main.exe: (anonymous namespace)::TX::_txProcessError()
#34 0x0040B057 in C:\Users\Иван\Documents\OneginModernModern\main.exe: (anonymous namespace)::TX::_txError()
#35 0x0040B361 in C:\Users\Иван\Documents\OneginModernModern\main.exe: (anonymous namespace)::TX::_txOnSignal()
#36 0x76588F03 in C:\Windows\System32\msvcrt.dll: raise()
#37 0x7658D3CB in C:\Windows\System32\msvcrt.dll: abort()
#38 0x004A81DE in C:\Users\Иван\Documents\OneginModernModern\main.exe: emutls_alloc()
#39 0x004109EC in C:\Users\Иван\Documents\OneginModernModern\main.exe: (anonymous namespace)::TX::_txCaptureStackBackTraceTX()
#40 0x00410E6B in C:\Users\Иван\Documents\OneginModernModern\main.exe: (anonymous namespace)::TX::_txProcessError()
#41 0x0040B057 in C:\Users\Иван\Documents\OneginModernModern\main.exe: (anonymous namespace)::TX::_txError()
#42 0x0040B361 in C:\Users\Иван\Documents\OneginModernModern\main.exe: (anonymous namespace)::TX::_txOnSignal()
#43 0x76588F03 in C:\Windows\System32\msvcrt.dll: raise()
#44 0x7658D3CB in C:\Windows\System32\msvcrt.dll: abort()
#45 0x004A81DE in C:\Users\Иван\Documents\OneginModernModern\main.exe: emutls_alloc()
#46 0x004109EC in C:\Users\Иван\Documents\OneginModernModern\main.exe: (anonymous namespace)::TX::_txCaptureStackBackTraceTX()
#47 0x00410E6B in C:\Users\Иван\Documents\OneginModernModern\main.exe: (anonymous namespace)::TX::_txProcessError()
#48 0x0040B057 in C:\Users\Иван\Documents\OneginModernModern\main.exe: (anonymous namespace)::TX::_txError()
#49 0x0040B361 in C:\Users\Иван\Documents\OneginModernModern\main.exe: (anonymous namespace)::TX::_txOnSignal()
#50 0x76588F03 in C:\Windows\System32\msvcrt.dll: raise()
#51 0x7658D3CB in C:\Windows\System32\msvcrt.dll: abort()
#52 0x004A81DE in C:\Users\Иван\Documents\OneginModernModern\main.exe: emutls_alloc()
#53 0x004109EC in C:\Users\Иван\Documents\OneginModernModern\main.exe: (anonymous namespace)::TX::_txCaptureStackBackTraceTX()
#54 0x00410E6B in C:\Users\Иван\Documents\OneginModernModern\main.exe: (anonymous namespace)::TX::_txProcessError()
#55 0x0040B057 in C:\Users\Иван\Documents\OneginModernModern\main.exe: (anonymous namespace)::TX::_txError()
#56 0x0040B361 in C:\Users\Иван\Documents\OneginModernModern\main.exe: (anonymous namespace)::TX::_txOnSignal()
#57 0x76588F03 in C:\Windows\System32\msvcrt.dll: raise()
#58 0x7658D3CB in C:\Windows\System32\msvcrt.dll: abort()
#59 0x004A81DE in C:\Users\Иван\Documents\OneginModernModern\main.exe: emutls_alloc()
#60 0x004109EC in C:\Users\Иван\Documents\OneginModernModern\main.exe: (anonymous namespace)::TX::_txCaptureStackBackTraceTX()
#61 0x00410E6B in C:\Users\Иван\Documents\OneginModernModern\main.exe: (anonymous namespace)::TX::_txProcessError()

TXLib печалится: Нет информации об исходных файлах. Вы не забыли опцию -g при компиляции?

--------------------------------------------------
Developed with:

The Dumb Artist Library (TX Library)
TXLib [Ver: 00173a, Rev: 175, Date: 2025-12-31 23:02:50 +0400]
Copyright (C) Ded (Ilya Dedinsky, http://txlib.ru) <mail@txlib.ru>
See license on: http://txlib.ru

TXLib file:	c:\users\иван\downloads\codeblocks\mingw\include\txlib.h
Compiled:	Sep 20 2026 20:06:53, GNU g++ 4.8.1, std=201103L, MinGW Runtime 3.20, 32-bit, Debug
Started:	Sep 20 2026 20:06:55

Run file:	C:\Users\Иван\Documents\OneginModernModern\main.exe
Directory:	C:\Users\Иван\Documents\OneginModernModern

--------------------------------------------------

--------------------------------------------------
TXLib соболезнует...

Программа: C:\Users\Иван\Documents\OneginModernModern\main.exe,

ВНЕЗАПНО: signal (22, 0x00): SIGABRT: Аварийное завершение программы, вызвана функция abort(). 

С помощью функции signal() вы можете сами обработать эту ошибку.

#13: TXLib [Ver: 00173a, Rev: 175, Date: 2025-12-31 23:02:50 +0400], Instance: 0x004F61DC (32-bit), Flags: Cmdre0, Thread: 0x1510 (Main), GetLastError(): 8 (Недостаточно ресурсов памяти для обработки этой команды), errno: 12 (Visual C++ CRT: Not enough memory to complete call to strerror.). 

--------------------------------------------------
Стек вызовов:

# 0 0x0040B361 in C:\Users\Иван\Documents\OneginModernModern\main.exe: (anonymous namespace)::TX::_txOnSignal()
# 1 0x76588F03 in C:\Windows\System32\msvcrt.dll: raise()
# 2 0x7658D3CB in C:\Windows\System32\msvcrt.dll: abort()
# 3 0x004A81DE in C:\Users\Иван\Documents\OneginModernModern\main.exe: emutls_alloc()
# 4 0x004109EC in C:\Users\Иван\Documents\OneginModernModern\main.exe: (anonymous namespace)::TX::_txCaptureStackBackTraceTX()
# 5 0x00410E6B in C:\Users\Иван\Documents\OneginModernModern\main.exe: (anonymous namespace)::TX::_txProcessError()
# 6 0x0040B057 in C:\Users\Иван\Documents\OneginModernModern\main.exe: (anonymous namespace)::TX::_txError()
# 7 0x0040B361 in C:\Users\Иван\Documents\OneginModernModern\main.exe: (anonymous namespace)::TX::_txOnSignal()
# 8 0x76588F03 in C:\Windows\System32\msvcrt.dll: raise()
# 9 0x7658D3CB in C:\Windows\System32\msvcrt.dll: abort()
#10 0x004A81DE in C:\Users\Иван\Documents\OneginModernModern\main.exe: emutls_alloc()
#11 0x004109EC in C:\Users\Иван\Documents\OneginModernModern\main.exe: (anonymous namespace)::TX::_txCaptureStackBackTraceTX()
#12 0x00410E6B in C:\Users\Иван\Documents\OneginModernModern\main.exe: (anonymous namespace)::TX::_txProcessError()
#13 0x0040B057 in C:\Users\Иван\Documents\OneginModernModern\main.exe: (anonymous namespace)::TX::_txError()
#14 0x0040B361 in C:\Users\Иван\Documents\OneginModernModern\main.exe: (anonymous namespace)::TX::_txOnSignal()
#15 0x76588F03 in C:\Windows\System32\msvcrt.dll: raise()
#16 0x7658D3CB in C:\Windows\System32\msvcrt.dll: abort()
#17 0x004A81DE in C:\Users\Иван\Documents\OneginModernModern\main.exe: emutls_alloc()
#18 0x004109EC in C:\Users\Иван\Documents\OneginModernModern\main.exe: (anonymous namespace)::TX::_txCaptureStackBackTraceTX()
#19 0x00410E6B in C:\Users\Иван\Documents\OneginModernModern\main.exe: (anonymous namespace)::TX::_txProcessError()
#20 0x0040B057 in C:\Users\Иван\Documents\OneginModernModern\main.exe: (anonymous namespace)::TX::_txError()
#21 0x0040B361 in C:\Users\Иван\Documents\OneginModernModern\main.exe: (anonymous namespace)::TX::_txOnSignal()
#22 0x76588F03 in C:\Windows\System32\msvcrt.dll: raise()
#23 0x7658D3CB in C:\Windows\System32\msvcrt.dll: abort()
#24 0x004A81DE in C:\Users\Иван\Documents\OneginModernModern\main.exe: emutls_alloc()
#25 0x004109EC in C:\Users\Иван\Documents\OneginModernModern\main.exe: (anonymous namespace)::TX::_txCaptureStackBackTraceTX()
#26 0x00410E6B in C:\Users\Иван\Documents\OneginModernModern\main.exe: (anonymous namespace)::TX::_txProcessError()
#27 0x0040B057 in C:\Users\Иван\Documents\OneginModernModern\main.exe: (anonymous namespace)::TX::_txError()
#28 0x0040B361 in C:\Users\Иван\Documents\OneginModernModern\main.exe: (anonymous namespace)::TX::_txOnSignal()
#29 0x76588F03 in C:\Windows\System32\msvcrt.dll: raise()
#30 0x7658D3CB in C:\Windows\System32\msvcrt.dll: abort()
#31 0x004A81DE in C:\Users\Иван\Documents\OneginModernModern\main.exe: emutls_alloc()
#32 0x004109EC in C:\Users\Иван\Documents\OneginModernModern\main.exe: (anonymous namespace)::TX::_txCaptureStackBackTraceTX()
#33 0x00410E6B in C:\Users\Иван\Documents\OneginModernModern\main.exe: (anonymous namespace)::TX::_txProcessError()
#34 0x0040B057 in C:\Users\Иван\Documents\OneginModernModern\main.exe: (anonymous namespace)::TX::_txError()
#35 0x0040B361 in C:\Users\Иван\Documents\OneginModernModern\main.exe: (anonymous namespace)::TX::_txOnSignal()
#36 0x76588F03 in C:\Windows\System32\msvcrt.dll: raise()
#37 0x7658D3CB in C:\Windows\System32\msvcrt.dll: abort()
#38 0x004A81DE in C:\Users\Иван\Documents\OneginModernModern\main.exe: emutls_alloc()
#39 0x004109EC in C:\Users\Иван\Documents\OneginModernModern\main.exe: (anonymous namespace)::TX::_txCaptureStackBackTraceTX()
#40 0x00410E6B in C:\Users\Иван\Documents\OneginModernModern\main.exe: (anonymous namespace)::TX::_txProcessError()
#41 0x0040B057 in C:\Users\Иван\Documents\OneginModernModern\main.exe: (anonymous namespace)::TX::_txError()
#42 0x0040B361 in C:\Users\Иван\Documents\OneginModernModern\main.exe: (anonymous namespace)::TX::_txOnSignal()
#43 0x76588F03 in C:\Windows\System32\msvcrt.dll: raise()
#44 0x7658D3CB in C:\Windows\System32\msvcrt.dll: abort()
#45 0x004A81DE in C:\Users\Иван\Documents\OneginModernModern\main.exe: emutls_alloc()
#46 0x004109EC in C:\Users\Иван\Documents\OneginModernModern\main.exe: (anonymous namespace)::TX::_txCaptureStackBackTraceTX()
#47 0x00410E6B in C:\Users\Иван\Documents\OneginModernModern\main.exe: (anonymous namespace)::TX::_txProcessError()
#48 0x0040B057 in C:\Users\Иван\Documents\OneginModernModern\main.exe: (anonymous namespace)::TX::_txError()
#49 0x0040B361 in C:\Users\Иван\Documents\OneginModernModern\main.exe: (anonymous namespace)::TX::_txOnSignal()
#50 0x76588F03 in C:\Windows\System32\msvcrt.dll: raise()
#51 0x7658D3CB in C:\Windows\System32\msvcrt.dll: abort()
#52 0x004A81DE in C:\Users\Иван\Documents\OneginModernModern\main.exe: emutls_alloc()
#53 0x004109EC in C:\Users\Иван\Documents\OneginModernModern\main.exe: (anonymous namespace)::TX::_txCaptureStackBackTraceTX()
#54 0x00410E6B in C:\Users\Иван\Documents\OneginModernModern\main.exe: (anonymous namespace)::TX::_txProcessError()
#55 0x0040B057 in C:\Users\Иван\Documents\OneginModernModern\main.exe: (anonymous namespace)::TX::_txError()
#56 0x0040B361 in C:\Users\Иван\Documents\OneginModernModern\main.exe: (anonymous namespace)::TX::_txOnSignal()
#57 0x76588F03 in C:\Windows\System32\msvcrt.dll: raise()
#58 0x7658D3CB in C:\Windows\System32\msvcrt.dll: abort()
#59 0x004A81DE in C:\Users\Иван\Documents\OneginModernModern\main.exe: emutls_alloc()
#60 0x004109EC in C:\Users\Иван\Documents\OneginModernModern\main.exe: (anonymous namespace)::TX::_txCaptureStackBackTraceTX()
#61 0x00410E6B in C:\Users\Иван\Documents\OneginModernModern\main.exe: (anonymous namespace)::TX::_txProcessError()

TXLib печалится: Нет информации об исходных файлах. Вы не забыли опцию -g при компиляции?

--------------------------------------------------
Developed with:

The Dumb Artist Library (TX Library)
TXLib [Ver: 00173a, Rev: 175, Date: 2025-12-31 23:02:50 +0400]
Copyright (C) Ded (Ilya Dedinsky, http://txlib.ru) <mail@txlib.ru>
See license on: http://txlib.ru

TXLib file:	c:\users\иван\downloads\codeblocks\mingw\include\txlib.h
Compiled:	Sep 20 2026 20:07:21, GNU g++ 4.8.1, std=201103L, MinGW Runtime 3.20, 32-bit, Debug
Started:	Sep 20 2026 20:07:23

Run file:	C:\Users\Иван\Documents\OneginModernModern\main.exe
Directory:	C:\Users\Иван\Documents\OneginModernModern

--------------------------------------------------

--------------------------------------------------
TXLib соболезнует...

Программа: C:\Users\Иван\Documents\OneginModernModern\main.exe,

ВНЕЗАПНО: signal (22, 0x00): SIGABRT: Аварийное завершение программы, вызвана функция abort(). 

С помощью функции signal() вы можете сами обработать эту ошибку.

#30: TXLib [Ver: 00173a, Rev: 175, Date: 2025-12-31 23:02:50 +0400], Instance: 0x004F61DC (32-bit), Flags: Cmdre0, Thread: 0x2828 (Main), GetLastError(): 8 (Недостаточно ресурсов памяти для обработки этой команды), errno: 12 (Not enough space). 

--------------------------------------------------
Стек вызовов:

# 0 0x0040B361 in C:\Users\Иван\Documents\OneginModernModern\main.exe: (anonymous namespace)::TX::_txOnSignal()
# 1 0x76588F03 in C:\Windows\System32\msvcrt.dll: raise()
# 2 0x7658D3CB in C:\Windows\System32\msvcrt.dll: abort()
# 3 0x004A81EE in C:\Users\Иван\Documents\OneginModernModern\main.exe: emutls_alloc()
# 4 0x004109EC in C:\Users\Иван\Documents\OneginModernModern\main.exe: (anonymous namespace)::TX::_txCaptureStackBackTraceTX()
# 5 0x00410E6B in C:\Users\Иван\Documents\OneginModernModern\main.exe: (anonymous namespace)::TX::_txProcessError()
# 6 0x0040B057 in C:\Users\Иван\Documents\OneginModernModern\main.exe: (anonymous namespace)::TX::_txError()
# 7 0x0040B361 in C:\Users\Иван\Documents\OneginModernModern\main.exe: (anonymous namespace)::TX::_txOnSignal()
# 8 0x76588F03 in C:\Windows\System32\msvcrt.dll: raise()
# 9 0x7658D3CB in C:\Windows\System32\msvcrt.dll: abort()
#10 0x004A81EE in C:\Users\Иван\Documents\OneginModernModern\main.exe: emutls_alloc()
#11 0x004109EC in C:\Users\Иван\Documents\OneginModernModern\main.exe: (anonymous namespace)::TX::_txCaptureStackBackTraceTX()
#12 0x00410E6B in C:\Users\Иван\Documents\OneginModernModern\main.exe: (anonymous namespace)::TX::_txProcessError()
#13 0x0040B057 in C:\Users\Иван\Documents\OneginModernModern\main.exe: (anonymous namespace)::TX::_txError()
#14 0x0040B361 in C:\Users\Иван\Documents\OneginModernModern\main.exe: (anonymous namespace)::TX::_txOnSignal()
#15 0x76588F03 in C:\Windows\System32\msvcrt.dll: raise()
#16 0x7658D3CB in C:\Windows\System32\msvcrt.dll: abort()
#17 0x004A81EE in C:\Users\Иван\Documents\OneginModernModern\main.exe: emutls_alloc()
#18 0x004109EC in C:\Users\Иван\Documents\OneginModernModern\main.exe: (anonymous namespace)::TX::_txCaptureStackBackTraceTX()
#19 0x00410E6B in C:\Users\Иван\Documents\OneginModernModern\main.exe: (anonymous namespace)::TX::_txProcessError()
#20 0x0040B057 in C:\Users\Иван\Documents\OneginModernModern\main.exe: (anonymous namespace)::TX::_txError()
#21 0x0040B361 in C:\Users\Иван\Documents\OneginModernModern\main.exe: (anonymous namespace)::TX::_txOnSignal()
#22 0x76588F03 in C:\Windows\System32\msvcrt.dll: raise()
#23 0x7658D3CB in C:\Windows\System32\msvcrt.dll: abort()
#24 0x004A81EE in C:\Users\Иван\Documents\OneginModernModern\main.exe: emutls_alloc()
#25 0x004109EC in C:\Users\Иван\Documents\OneginModernModern\main.exe: (anonymous namespace)::TX::_txCaptureStackBackTraceTX()
#26 0x00410E6B in C:\Users\Иван\Documents\OneginModernModern\main.exe: (anonymous namespace)::TX::_txProcessError()
#27 0x0040B057 in C:\Users\Иван\Documents\OneginModernModern\main.exe: (anonymous namespace)::TX::_txError()
#28 0x0040B361 in C:\Users\Иван\Documents\OneginModernModern\main.exe: (anonymous namespace)::TX::_txOnSignal()
#29 0x76588F03 in C:\Windows\System32\msvcrt.dll: raise()
#30 0x7658D3CB in C:\Windows\System32\msvcrt.dll: abort()
#31 0x004A81EE in C:\Users\Иван\Documents\OneginModernModern\main.exe: emutls_alloc()
#32 0x004109EC in C:\Users\Иван\Documents\OneginModernModern\main.exe: (anonymous namespace)::TX::_txCaptureStackBackTraceTX()
#33 0x00410E6B in C:\Users\Иван\Documents\OneginModernModern\main.exe: (anonymous namespace)::TX::_txProcessError()
#34 0x0040B057 in C:\Users\Иван\Documents\OneginModernModern\main.exe: (anonymous namespace)::TX::_txError()
#35 0x0040B361 in C:\Users\Иван\Documents\OneginModernModern\main.exe: (anonymous namespace)::TX::_txOnSignal()
#36 0x76588F03 in C:\Windows\System32\msvcrt.dll: raise()
#37 0x7658D3CB in C:\Windows\System32\msvcrt.dll: abort()
#38 0x004A81EE in C:\Users\Иван\Documents\OneginModernModern\main.exe: emutls_alloc()
#39 0x004109EC in C:\Users\Иван\Documents\OneginModernModern\main.exe: (anonymous namespace)::TX::_txCaptureStackBackTraceTX()
#40 0x00410E6B in C:\Users\Иван\Documents\OneginModernModern\main.exe: (anonymous namespace)::TX::_txProcessError()
#41 0x0040B057 in C:\Users\Иван\Documents\OneginModernModern\main.exe: (anonymous namespace)::TX::_txError()
#42 0x0040B361 in C:\Users\Иван\Documents\OneginModernModern\main.exe: (anonymous namespace)::TX::_txOnSignal()
#43 0x76588F03 in C:\Windows\System32\msvcrt.dll: raise()
#44 0x7658D3CB in C:\Windows\System32\msvcrt.dll: abort()
#45 0x004A81EE in C:\Users\Иван\Documents\OneginModernModern\main.exe: emutls_alloc()
#46 0x004109EC in C:\Users\Иван\Documents\OneginModernModern\main.exe: (anonymous namespace)::TX::_txCaptureStackBackTraceTX()
#47 0x00410E6B in C:\Users\Иван\Documents\OneginModernModern\main.exe: (anonymous namespace)::TX::_txProcessError()
#48 0x0040B057 in C:\Users\Иван\Documents\OneginModernModern\main.exe: (anonymous namespace)::TX::_txError()
#49 0x0040B361 in C:\Users\Иван\Documents\OneginModernModern\main.exe: (anonymous namespace)::TX::_txOnSignal()
#50 0x76588F03 in C:\Windows\System32\msvcrt.dll: raise()
#51 0x7658D3CB in C:\Windows\System32\msvcrt.dll: abort()
#52 0x004A81EE in C:\Users\Иван\Documents\OneginModernModern\main.exe: emutls_alloc()
#53 0x004109EC in C:\Users\Иван\Documents\OneginModernModern\main.exe: (anonymous namespace)::TX::_txCaptureStackBackTraceTX()
#54 0x00410E6B in C:\Users\Иван\Documents\OneginModernModern\main.exe: (anonymous namespace)::TX::_txProcessError()
#55 0x0040B057 in C:\Users\Иван\Documents\OneginModernModern\main.exe: (anonymous namespace)::TX::_txError()
#56 0x0040B361 in C:\Users\Иван\Documents\OneginModernModern\main.exe: (anonymous namespace)::TX::_txOnSignal()
#57 0x76588F03 in C:\Windows\System32\msvcrt.dll: raise()
#58 0x7658D3CB in C:\Windows\System32\msvcrt.dll: abort()
#59 0x004A81EE in C:\Users\Иван\Documents\OneginModernModern\main.exe: emutls_alloc()
#60 0x004109EC in C:\Users\Иван\Documents\OneginModernModern\main.exe: (anonymous namespace)::TX::_txCaptureStackBackTraceTX()
#61 0x00410E6B in C:\Users\Иван\Documents\OneginModernModern\main.exe: (anonymous namespace)::TX::_txProcessError()

TXLib печалится: Нет информации об исходных файлах. Вы не забыли опцию -g при компиляции?

--------------------------------------------------
Developed with:

The Dumb Artist Library (TX Library)
TXLib [Ver: 00173a, Rev: 175, Date: 2025-12-31 23:02:50 +0400]
Copyright (C) Ded (Ilya Dedinsky, http://txlib.ru) <mail@txlib.ru>
See license on: http://txlib.ru

TXLib file:	c:\users\иван\downloads\codeblocks\mingw\include\txlib.h
Compiled:	Sep 20 2026 20:29:25, GNU g++ 4.8.1, std=201103L, MinGW Runtime 3.20, 32-bit, Debug
Started:	Sep 20 2026 20:29:28

Run file:	C:\Users\Иван\Documents\OneginModernModern\main.exe
Directory:	C:\Users\Иван\Documents\OneginModernModern

--------------------------------------------------

--------------------------------------------------
TXLib предупреждает:

Программа: C:\Users\Иван\Documents\OneginModernModern\main.exe,

ВНЕЗАПНО: Нарушение доступа к памяти.

#1: Исключение EXCEPTION_ACCESS_VIOLATION (0xC0000005) при выполнении кода по адресу 0x0041E9D5 в функции main() в файле C:/Users/Иван/Documents/OneginModernModern/./main.cpp на строке 34. Попытка записать данные по адресу NULL в модуле C:\Users\Иван\Documents\OneginModernModern\main.exe. Спасибо _txUnhandledExceptionFilter(), что сообщил. Люблю его <3

#1: TXLib [Ver: 00173a, Rev: 175, Date: 2025-12-31 23:02:50 +0400], Instance: 0x004F61DC (32-bit), Flags: Cmdre0, Thread: 0x3DA8 (Main). 

--------------------------------------------------
Стек вызовов:

# 0 0x0041E9D5 in C:\Users\Иван\Documents\OneginModernModern\main.exe: main() at C:/Users/Иван/Documents/OneginModernModern/./main.cpp:34:

     32:     printf(" count Slash zero = %d\n,", countOfSlasZero(text, realSize));
     33:     char** arrOfStrPtr = (char**) calloc(numLines, sizeof(char*));
=>   34:     arrOfStrPtr[numLines - 1][0] = '0';
     35:     assert(arrOfStrPtr != NULL);
     36: 

--------------------------------------------------
Developed with:

The Dumb Artist Library (TX Library)
TXLib [Ver: 00173a, Rev: 175, Date: 2025-12-31 23:02:50 +0400]
Copyright (C) Ded (Ilya Dedinsky, http://txlib.ru) <mail@txlib.ru>
See license on: http://txlib.ru

TXLib file:	c:\users\иван\downloads\codeblocks\mingw\include\txlib.h
Compiled:	Sep 20 2026 20:59:23, GNU g++ 4.8.1, std=201103L, MinGW Runtime 3.20, 32-bit, Debug
Started:	Sep 20 2026 20:59:27

Run file:	C:\Users\Иван\Documents\OneginModernModern\main.exe
Directory:	C:\Users\Иван\Documents\OneginModernModern

--------------------------------------------------

--------------------------------------------------
TXLib соболезнует...

Программа: C:\Users\Иван\Documents\OneginModernModern\main.exe,

ВНЕЗАПНО: signal (11, 0x00): SIGSEGV: Доступ по неверному указателю. Ставьте ассерты! 

Нарушение доступа к памяти.

#1: Исключение EXCEPTION_ACCESS_VIOLATION (0xC0000005) при выполнении кода по адресу 0x0041E9D5 в функции main() в файле C:/Users/Иван/Documents/OneginModernModern/./main.cpp на строке 34. Попытка записать данные по адресу NULL в модуле C:\Users\Иван\Documents\OneginModernModern\main.exe. Спасибо _txUnhandledExceptionFilter(), что сообщил. Люблю его <3

С помощью функции signal() вы можете сами обработать эту ошибку.

#2: TXLib [Ver: 00173a, Rev: 175, Date: 2025-12-31 23:02:50 +0400], Instance: 0x004F61DC (32-bit), Flags: Cmdre0, Thread: 0x3DA8 (Main). 

--------------------------------------------------
Стек вызовов:

# 0 0x0041E9D5 in C:\Users\Иван\Documents\OneginModernModern\main.exe: main() at C:/Users/Иван/Documents/OneginModernModern/./main.cpp:34:

     32:     printf(" count Slash zero = %d\n,", countOfSlasZero(text, realSize));
     33:     char** arrOfStrPtr = (char**) calloc(numLines, sizeof(char*));
=>   34:     arrOfStrPtr[numLines - 1][0] = '0';
     35:     assert(arrOfStrPtr != NULL);
     36: 

--------------------------------------------------
Developed with:

The Dumb Artist Library (TX Library)
TXLib [Ver: 00173a, Rev: 175, Date: 2025-12-31 23:02:50 +0400]
Copyright (C) Ded (Ilya Dedinsky, http://txlib.ru) <mail@txlib.ru>
See license on: http://txlib.ru

TXLib file:	c:\users\иван\downloads\codeblocks\mingw\include\txlib.h
Compiled:	Sep 20 2026 20:59:23, GNU g++ 4.8.1, std=201103L, MinGW Runtime 3.20, 32-bit, Debug
Started:	Sep 20 2026 20:59:27

Run file:	C:\Users\Иван\Documents\OneginModernModern\main.exe
Directory:	C:\Users\Иван\Documents\OneginModernModern

--------------------------------------------------

--------------------------------------------------
TXLib предупреждает:

Программа: C:\Users\Иван\Documents\OneginModernModern\main.exe,

ВНЕЗАПНО: Нарушение доступа к памяти.

#1: Исключение EXCEPTION_ACCESS_VIOLATION (0xC0000005) при выполнении кода по адресу 0x0041E9D5 в функции main() в файле C:/Users/Иван/Documents/OneginModernModern/./main.cpp на строке 34. Попытка записать данные по адресу NULL в модуле C:\Users\Иван\Documents\OneginModernModern\main.exe. Спасибо _txUnhandledExceptionFilter(), что сообщил. Люблю его <3

#1: TXLib [Ver: 00173a, Rev: 175, Date: 2025-12-31 23:02:50 +0400], Instance: 0x004F61DC (32-bit), Flags: Cmdre0, Thread: 0x39DC (Main). 

--------------------------------------------------
Стек вызовов:

# 0 0x0041E9D5 in C:\Users\Иван\Documents\OneginModernModern\main.exe: main() at C:/Users/Иван/Documents/OneginModernModern/./main.cpp:34:

     32:     printf(" count Slash zero = %d\n,", countOfSlasZero(text, realSize));
     33:     char** arrOfStrPtr = (char**) calloc(numLines, sizeof(char*));
=>   34:     arrOfStrPtr[numLines - 1][0] = '0';
     35:     assert(arrOfStrPtr != NULL);
     36: 

--------------------------------------------------
Developed with:

The Dumb Artist Library (TX Library)
TXLib [Ver: 00173a, Rev: 175, Date: 2025-12-31 23:02:50 +0400]
Copyright (C) Ded (Ilya Dedinsky, http://txlib.ru) <mail@txlib.ru>
See license on: http://txlib.ru

TXLib file:	c:\users\иван\downloads\codeblocks\mingw\include\txlib.h
Compiled:	Sep 20 2026 21:00:52, GNU g++ 4.8.1, std=201103L, MinGW Runtime 3.20, 32-bit, Debug
Started:	Sep 20 2026 21:00:55

Run file:	C:\Users\Иван\Documents\OneginModernModern\main.exe
Directory:	C:\Users\Иван\Documents\OneginModernModern

--------------------------------------------------

--------------------------------------------------
TXLib соболезнует...

Программа: C:\Users\Иван\Documents\OneginModernModern\main.exe,

ВНЕЗАПНО: signal (11, 0x00): SIGSEGV: Доступ по неверному указателю. Ставьте ассерты! 

Нарушение доступа к памяти.

#1: Исключение EXCEPTION_ACCESS_VIOLATION (0xC0000005) при выполнении кода по адресу 0x0041E9D5 в функции main() в файле C:/Users/Иван/Documents/OneginModernModern/./main.cpp на строке 34. Попытка записать данные по адресу NULL в модуле C:\Users\Иван\Documents\OneginModernModern\main.exe. Спасибо _txUnhandledExceptionFilter(), что сообщил. Люблю его <3

С помощью функции signal() вы можете сами обработать эту ошибку.

#2: TXLib [Ver: 00173a, Rev: 175, Date: 2025-12-31 23:02:50 +0400], Instance: 0x004F61DC (32-bit), Flags: Cmdre0, Thread: 0x39DC (Main). 

--------------------------------------------------
Стек вызовов:

# 0 0x0041E9D5 in C:\Users\Иван\Documents\OneginModernModern\main.exe: main() at C:/Users/Иван/Documents/OneginModernModern/./main.cpp:34:

     32:     printf(" count Slash zero = %d\n,", countOfSlasZero(text, realSize));
     33:     char** arrOfStrPtr = (char**) calloc(numLines, sizeof(char*));
=>   34:     arrOfStrPtr[numLines - 1][0] = '0';
     35:     assert(arrOfStrPtr != NULL);
     36: 

--------------------------------------------------
Developed with:

The Dumb Artist Library (TX Library)
TXLib [Ver: 00173a, Rev: 175, Date: 2025-12-31 23:02:50 +0400]
Copyright (C) Ded (Ilya Dedinsky, http://txlib.ru) <mail@txlib.ru>
See license on: http://txlib.ru

TXLib file:	c:\users\иван\downloads\codeblocks\mingw\include\txlib.h
Compiled:	Sep 20 2026 21:00:52, GNU g++ 4.8.1, std=201103L, MinGW Runtime 3.20, 32-bit, Debug
Started:	Sep 20 2026 21:00:55

Run file:	C:\Users\Иван\Documents\OneginModernModern\main.exe
Directory:	C:\Users\Иван\Documents\OneginModernModern

--------------------------------------------------

--------------------------------------------------
TXLib предупреждает:

Программа: C:\Users\Иван\Documents\oneginProject\main.exe,

ВНЕЗАПНО: Нарушение доступа к памяти.

#1: Исключение EXCEPTION_ACCESS_VIOLATION (0xC0000005) при выполнении кода по адресу 0x765BE71C в функции strlen(). Попытка прочесть данные по адресу 0x03010301 в модуле C:\Windows\System32\msvcrt.dll. Спасибо _txUnhandledExceptionFilter(), что сообщил. Люблю его <3

#1: TXLib [Ver: 00173a, Rev: 175, Date: 2025-12-31 23:02:50 +0400], Instance: 0x004F71DC (32-bit), Flags: Cmdre0, Thread: 0x35E4 (Main). 

--------------------------------------------------
Стек вызовов:

# 0 0x765BE71C in C:\Windows\System32\msvcrt.dll: strlen()

# 1 0x0041F65C in C:\Users\Иван\Documents\oneginProject\main.exe: wordsComparatorUp() at C:/Users/Иван/Documents/oneginProject/./main.cpp:161:

    159:     char* str1 = *((char**) ptrstr1);
    160:     char* str2 = *((char**) ptrstr2);
=>  161:     char* copy1 = strCopyWithoutPunctuationMarks(str1);
    162:     char* copy2 = strCopyWithoutPunctuationMarks(str2);
    163:     char* copyCopy1 = strCopyWithLowLetters(copy1);

# 2 0x0041E93A in C:\Users\Иван\Documents\oneginProject\main.exe: reconfiguration() at C:/Users/Иван/Documents/oneginProject/./sort.cpp:23:

     21:         int comp1 = comparator((char**)arr + left * sizeOfElem, (char**)arr + middleInd * sizeOfElem);
     22:         printf("comp1 = %d\n", comp1);
=>   23:         int comp2 = comparator((char**)arr + right * sizeOfElem, (char**)arr + middleInd * sizeOfElem);
     24:         printf("comp12 = %d\n", comp2);
     25:         while (comparator((char**)arr + left * sizeOfElem, (char**)arr + middleInd * sizeOfElem) <= 0

# 3 0x0041F0E3 in C:\Users\Иван\Documents\oneginProject\main.exe: qSort() at C:/Users/Иван/Documents/oneginProject/./sort.cpp:133:

    131: void qSort(void* arr, size_t size, size_t sizeOfElem, int (*comparator) (const void* a, const void* b)){
    132:     printf("b\n");
=>  133:     int newMiddleInd  = reconfiguration(arr, size, sizeOfElem, *comparator);
    134:     if(size > 1){
    135:         qSort((char*) arr, newMiddleInd, sizeOfElem, comparator);

# 4 0x0041F35C in C:\Users\Иван\Documents\oneginProject\main.exe: main() at C:/Users/Иван/Documents/oneginProject/./main.cpp:67:

     65:     printf("arr = %c\n", *(arrOfStrPtr));
     66:     printf("arr = %c\n", **(arrOfStrPtr + 1));
=>   67:     qSort(arrOfStrPtr, numLines, sizeof(arrOfStrPtr[0]), wordsComparatorUp);
     68:     printLines(arrOfStrPtr, numLines);
     69:     printf("\n\n");

--------------------------------------------------
Developed with:

The Dumb Artist Library (TX Library)
TXLib [Ver: 00173a, Rev: 175, Date: 2025-12-31 23:02:50 +0400]
Copyright (C) Ded (Ilya Dedinsky, http://txlib.ru) <mail@txlib.ru>
See license on: http://txlib.ru

TXLib file:	c:\users\иван\downloads\codeblocks\mingw\include\txlib.h
Compiled:	Sep 21 2026 21:11:40, GNU g++ 4.8.1, std=201103L, MinGW Runtime 3.20, 32-bit, Debug
Started:	Sep 21 2026 21:11:42

Run file:	C:\Users\Иван\Documents\oneginProject\main.exe
Directory:	C:\Users\Иван\Documents\oneginProject

--------------------------------------------------

--------------------------------------------------
TXLib соболезнует...

Программа: C:\Users\Иван\Documents\oneginProject\main.exe,

ВНЕЗАПНО: signal (11, 0x00): SIGSEGV: Доступ по неверному указателю. Ставьте ассерты! 

Нарушение доступа к памяти.

#1: Исключение EXCEPTION_ACCESS_VIOLATION (0xC0000005) при выполнении кода по адресу 0x765BE71C в функции strlen(). Попытка прочесть данные по адресу 0x03010301 в модуле C:\Windows\System32\msvcrt.dll. Спасибо _txUnhandledExceptionFilter(), что сообщил. Люблю его <3

С помощью функции signal() вы можете сами обработать эту ошибку.

#2: TXLib [Ver: 00173a, Rev: 175, Date: 2025-12-31 23:02:50 +0400], Instance: 0x004F71DC (32-bit), Flags: Cmdre0, Thread: 0x35E4 (Main). 

--------------------------------------------------
Стек вызовов:

# 0 0x765BE71C in C:\Windows\System32\msvcrt.dll: strlen()

# 1 0x0041F65C in C:\Users\Иван\Documents\oneginProject\main.exe: wordsComparatorUp() at C:/Users/Иван/Documents/oneginProject/./main.cpp:161:

    159:     char* str1 = *((char**) ptrstr1);
    160:     char* str2 = *((char**) ptrstr2);
=>  161:     char* copy1 = strCopyWithoutPunctuationMarks(str1);
    162:     char* copy2 = strCopyWithoutPunctuationMarks(str2);
    163:     char* copyCopy1 = strCopyWithLowLetters(copy1);

# 2 0x0041E93A in C:\Users\Иван\Documents\oneginProject\main.exe: reconfiguration() at C:/Users/Иван/Documents/oneginProject/./sort.cpp:23:

     21:         int comp1 = comparator((char**)arr + left * sizeOfElem, (char**)arr + middleInd * sizeOfElem);
     22:         printf("comp1 = %d\n", comp1);
=>   23:         int comp2 = comparator((char**)arr + right * sizeOfElem, (char**)arr + middleInd * sizeOfElem);
     24:         printf("comp12 = %d\n", comp2);
     25:         while (comparator((char**)arr + left * sizeOfElem, (char**)arr + middleInd * sizeOfElem) <= 0

# 3 0x0041F0E3 in C:\Users\Иван\Documents\oneginProject\main.exe: qSort() at C:/Users/Иван/Documents/oneginProject/./sort.cpp:133:

    131: void qSort(void* arr, size_t size, size_t sizeOfElem, int (*comparator) (const void* a, const void* b)){
    132:     printf("b\n");
=>  133:     int newMiddleInd  = reconfiguration(arr, size, sizeOfElem, *comparator);
    134:     if(size > 1){
    135:         qSort((char*) arr, newMiddleInd, sizeOfElem, comparator);

# 4 0x0041F35C in C:\Users\Иван\Documents\oneginProject\main.exe: main() at C:/Users/Иван/Documents/oneginProject/./main.cpp:67:

     65:     printf("arr = %c\n", *(arrOfStrPtr));
     66:     printf("arr = %c\n", **(arrOfStrPtr + 1));
=>   67:     qSort(arrOfStrPtr, numLines, sizeof(arrOfStrPtr[0]), wordsComparatorUp);
     68:     printLines(arrOfStrPtr, numLines);
     69:     printf("\n\n");

--------------------------------------------------
Developed with:

The Dumb Artist Library (TX Library)
TXLib [Ver: 00173a, Rev: 175, Date: 2025-12-31 23:02:50 +0400]
Copyright (C) Ded (Ilya Dedinsky, http://txlib.ru) <mail@txlib.ru>
See license on: http://txlib.ru

TXLib file:	c:\users\иван\downloads\codeblocks\mingw\include\txlib.h
Compiled:	Sep 21 2026 21:11:40, GNU g++ 4.8.1, std=201103L, MinGW Runtime 3.20, 32-bit, Debug
Started:	Sep 21 2026 21:11:42

Run file:	C:\Users\Иван\Documents\oneginProject\main.exe
Directory:	C:\Users\Иван\Documents\oneginProject

--------------------------------------------------

--------------------------------------------------
TXLib предупреждает:

Программа: C:\Users\Иван\Documents\oneginProject\main.exe,

ВНЕЗАПНО: Нарушение доступа к памяти.

#1: Исключение EXCEPTION_ACCESS_VIOLATION (0xC0000005) при выполнении кода по адресу 0x0041EA57 в функции reconfiguration() в файле C:/Users/Иван/Documents/oneginProject/./sort.cpp на строке 40. Попытка прочесть данные по адресу 0x0C00FE9A в модуле C:\Users\Иван\Documents\oneginProject\main.exe. Спасибо _txUnhandledExceptionFilter(), что сообщил. Люблю его <3

#1: TXLib [Ver: 00173a, Rev: 175, Date: 2025-12-31 23:02:50 +0400], Instance: 0x004F71DC (32-bit), Flags: Cmdre0, Thread: 0x2DE8 (Main). 

--------------------------------------------------
Стек вызовов:

# 0 0x0041EA57 in C:\Users\Иван\Documents\oneginProject\main.exe: reconfiguration() at C:/Users/Иван/Documents/oneginProject/./sort.cpp:40:

     38:         printf("right = %d\n", right);
     39:         printf("left = %c\n", **(char**)((char*)arr + (left) * sizeOfElem));
=>   40:         printf("right = %c\n", **(char**)((char*)arr + (right - 1) * sizeOfElem));
     41:         getchar();
     42:         if (left >= right){

# 1 0x0041F0C4 in C:\Users\Иван\Documents\oneginProject\main.exe: qSort() at C:/Users/Иван/Documents/oneginProject/./sort.cpp:133:

    131: void qSort(void* arr, size_t size, size_t sizeOfElem, int (*comparator) (const void* a, const void* b)){
    132:     printf("b\n");
=>  133:     int newMiddleInd  = reconfiguration(arr, size, sizeOfElem, *comparator);
    134:     if(size > 1){
    135:         qSort((char*) arr, newMiddleInd, sizeOfElem, comparator);

# 2 0x0041F340 in C:\Users\Иван\Documents\oneginProject\main.exe: main() at C:/Users/Иван/Documents/oneginProject/./main.cpp:67:

     65:     printf("arr = %c\n", *(arrOfStrPtr));
     66:     printf("arr = %c\n", **(arrOfStrPtr + 1));
=>   67:     qSort(arrOfStrPtr, numLines - 1, sizeof(arrOfStrPtr[0]), wordsComparatorUp);
     68:     printLines(arrOfStrPtr, numLines);
     69:     printf("\n\n");

--------------------------------------------------
Developed with:

The Dumb Artist Library (TX Library)
TXLib [Ver: 00173a, Rev: 175, Date: 2025-12-31 23:02:50 +0400]
Copyright (C) Ded (Ilya Dedinsky, http://txlib.ru) <mail@txlib.ru>
See license on: http://txlib.ru

TXLib file:	c:\users\иван\downloads\codeblocks\mingw\include\txlib.h
Compiled:	Sep 21 2026 21:30:51, GNU g++ 4.8.1, std=201103L, MinGW Runtime 3.20, 32-bit, Debug
Started:	Sep 21 2026 21:30:55

Run file:	C:\Users\Иван\Documents\oneginProject\main.exe
Directory:	C:\Users\Иван\Documents\oneginProject

--------------------------------------------------

--------------------------------------------------
TXLib соболезнует...

Программа: C:\Users\Иван\Documents\oneginProject\main.exe,

ВНЕЗАПНО: signal (11, 0x00): SIGSEGV: Доступ по неверному указателю. Ставьте ассерты! 

Нарушение доступа к памяти.

#1: Исключение EXCEPTION_ACCESS_VIOLATION (0xC0000005) при выполнении кода по адресу 0x0041EA57 в функции reconfiguration() в файле C:/Users/Иван/Documents/oneginProject/./sort.cpp на строке 40. Попытка прочесть данные по адресу 0x0C00FE9A в модуле C:\Users\Иван\Documents\oneginProject\main.exe. Спасибо _txUnhandledExceptionFilter(), что сообщил. Люблю его <3

С помощью функции signal() вы можете сами обработать эту ошибку.

#2: TXLib [Ver: 00173a, Rev: 175, Date: 2025-12-31 23:02:50 +0400], Instance: 0x004F71DC (32-bit), Flags: Cmdre0, Thread: 0x2DE8 (Main). 

--------------------------------------------------
Стек вызовов:

# 0 0x0041EA57 in C:\Users\Иван\Documents\oneginProject\main.exe: reconfiguration() at C:/Users/Иван/Documents/oneginProject/./sort.cpp:40:

     38:         printf("right = %d\n", right);
     39:         printf("left = %c\n", **(char**)((char*)arr + (left) * sizeOfElem));
=>   40:         printf("right = %c\n", **(char**)((char*)arr + (right - 1) * sizeOfElem));
     41:         getchar();
     42:         if (left >= right){

# 1 0x0041F0C4 in C:\Users\Иван\Documents\oneginProject\main.exe: qSort() at C:/Users/Иван/Documents/oneginProject/./sort.cpp:133:

    131: void qSort(void* arr, size_t size, size_t sizeOfElem, int (*comparator) (const void* a, const void* b)){
    132:     printf("b\n");
=>  133:     int newMiddleInd  = reconfiguration(arr, size, sizeOfElem, *comparator);
    134:     if(size > 1){
    135:         qSort((char*) arr, newMiddleInd, sizeOfElem, comparator);

# 2 0x0041F340 in C:\Users\Иван\Documents\oneginProject\main.exe: main() at C:/Users/Иван/Documents/oneginProject/./main.cpp:67:

     65:     printf("arr = %c\n", *(arrOfStrPtr));
     66:     printf("arr = %c\n", **(arrOfStrPtr + 1));
=>   67:     qSort(arrOfStrPtr, numLines - 1, sizeof(arrOfStrPtr[0]), wordsComparatorUp);
     68:     printLines(arrOfStrPtr, numLines);
     69:     printf("\n\n");

--------------------------------------------------
Developed with:

The Dumb Artist Library (TX Library)
TXLib [Ver: 00173a, Rev: 175, Date: 2025-12-31 23:02:50 +0400]
Copyright (C) Ded (Ilya Dedinsky, http://txlib.ru) <mail@txlib.ru>
See license on: http://txlib.ru

TXLib file:	c:\users\иван\downloads\codeblocks\mingw\include\txlib.h
Compiled:	Sep 21 2026 21:30:51, GNU g++ 4.8.1, std=201103L, MinGW Runtime 3.20, 32-bit, Debug
Started:	Sep 21 2026 21:30:55

Run file:	C:\Users\Иван\Documents\oneginProject\main.exe
Directory:	C:\Users\Иван\Documents\oneginProject

--------------------------------------------------

--------------------------------------------------
TXLib предупреждает:

Программа: C:\Users\Иван\Documents\oneginProject\main.exe,

ВНЕЗАПНО: Нарушение доступа к памяти.

#1: Исключение EXCEPTION_ACCESS_VIOLATION (0xC0000005) при выполнении кода по адресу 0x0041EA57 в функции reconfiguration() в файле C:/Users/Иван/Documents/oneginProject/./sort.cpp на строке 40. Попытка прочесть данные по адресу 0x0C00BB51 в модуле C:\Users\Иван\Documents\oneginProject\main.exe. Спасибо _txUnhandledExceptionFilter(), что сообщил. Люблю его <3

#1: TXLib [Ver: 00173a, Rev: 175, Date: 2025-12-31 23:02:50 +0400], Instance: 0x004F71DC (32-bit), Flags: Cmdre0, Thread: 0x1FA8 (Main). 

--------------------------------------------------
Стек вызовов:

# 0 0x0041EA57 in C:\Users\Иван\Documents\oneginProject\main.exe: reconfiguration() at C:/Users/Иван/Documents/oneginProject/./sort.cpp:40:

     38:         printf("right = %d\n", right);
     39:         printf("left = %c\n", **(char**)((char*)arr + (left) * sizeOfElem));
=>   40:         printf("right = %c\n", **(char**)((char*)arr + (right - 1) * sizeOfElem));
     41:         getchar();
     42:         if (left >= right){

# 1 0x0041F0C4 in C:\Users\Иван\Documents\oneginProject\main.exe: qSort() at C:/Users/Иван/Documents/oneginProject/./sort.cpp:133:

    131: void qSort(void* arr, size_t size, size_t sizeOfElem, int (*comparator) (const void* a, const void* b)){
    132:     printf("b\n");
=>  133:     int newMiddleInd  = reconfiguration(arr, size, sizeOfElem, *comparator);
    134:     if(size > 1){
    135:         qSort((char*) arr, newMiddleInd, sizeOfElem, comparator);

# 2 0x0041F0ED in C:\Users\Иван\Documents\oneginProject\main.exe: qSort() at C:/Users/Иван/Documents/oneginProject/./sort.cpp:135:

    133:     int newMiddleInd  = reconfiguration(arr, size, sizeOfElem, *comparator);
    134:     if(size > 1){
=>  135:         qSort((char*) arr, newMiddleInd, sizeOfElem, comparator);
    136:         qSort((char*) arr + (newMiddleInd + 1) * sizeOfElem, size - newMiddleInd - 1, sizeOfElem, comparator);
    137:     }

# 3 0x0041F33D in C:\Users\Иван\Documents\oneginProject\main.exe: main() at C:/Users/Иван/Documents/oneginProject/./main.cpp:67:

     65:     printf("arr = %c\n", *(arrOfStrPtr));
     66:     printf("arr = %c\n", **(arrOfStrPtr + 1));
=>   67:     qSort(arrOfStrPtr, numLines, sizeof(arrOfStrPtr[0]), wordsComparatorUp);
     68:     printLines(arrOfStrPtr, numLines);
     69:     printf("\n\n");

--------------------------------------------------
Developed with:

The Dumb Artist Library (TX Library)
TXLib [Ver: 00173a, Rev: 175, Date: 2025-12-31 23:02:50 +0400]
Copyright (C) Ded (Ilya Dedinsky, http://txlib.ru) <mail@txlib.ru>
See license on: http://txlib.ru

TXLib file:	c:\users\иван\downloads\codeblocks\mingw\include\txlib.h
Compiled:	Sep 21 2026 21:31:28, GNU g++ 4.8.1, std=201103L, MinGW Runtime 3.20, 32-bit, Debug
Started:	Sep 21 2026 21:31:31

Run file:	C:\Users\Иван\Documents\oneginProject\main.exe
Directory:	C:\Users\Иван\Documents\oneginProject

--------------------------------------------------

--------------------------------------------------
TXLib соболезнует...

Программа: C:\Users\Иван\Documents\oneginProject\main.exe,

ВНЕЗАПНО: signal (11, 0x00): SIGSEGV: Доступ по неверному указателю. Ставьте ассерты! 

Нарушение доступа к памяти.

#1: Исключение EXCEPTION_ACCESS_VIOLATION (0xC0000005) при выполнении кода по адресу 0x0041EA57 в функции reconfiguration() в файле C:/Users/Иван/Documents/oneginProject/./sort.cpp на строке 40. Попытка прочесть данные по адресу 0x0C00BB51 в модуле C:\Users\Иван\Documents\oneginProject\main.exe. Спасибо _txUnhandledExceptionFilter(), что сообщил. Люблю его <3

С помощью функции signal() вы можете сами обработать эту ошибку.

#2: TXLib [Ver: 00173a, Rev: 175, Date: 2025-12-31 23:02:50 +0400], Instance: 0x004F71DC (32-bit), Flags: Cmdre0, Thread: 0x1FA8 (Main). 

--------------------------------------------------
Стек вызовов:

# 0 0x0041EA57 in C:\Users\Иван\Documents\oneginProject\main.exe: reconfiguration() at C:/Users/Иван/Documents/oneginProject/./sort.cpp:40:

     38:         printf("right = %d\n", right);
     39:         printf("left = %c\n", **(char**)((char*)arr + (left) * sizeOfElem));
=>   40:         printf("right = %c\n", **(char**)((char*)arr + (right - 1) * sizeOfElem));
     41:         getchar();
     42:         if (left >= right){

# 1 0x0041F0C4 in C:\Users\Иван\Documents\oneginProject\main.exe: qSort() at C:/Users/Иван/Documents/oneginProject/./sort.cpp:133:

    131: void qSort(void* arr, size_t size, size_t sizeOfElem, int (*comparator) (const void* a, const void* b)){
    132:     printf("b\n");
=>  133:     int newMiddleInd  = reconfiguration(arr, size, sizeOfElem, *comparator);
    134:     if(size > 1){
    135:         qSort((char*) arr, newMiddleInd, sizeOfElem, comparator);

# 2 0x0041F0ED in C:\Users\Иван\Documents\oneginProject\main.exe: qSort() at C:/Users/Иван/Documents/oneginProject/./sort.cpp:135:

    133:     int newMiddleInd  = reconfiguration(arr, size, sizeOfElem, *comparator);
    134:     if(size > 1){
=>  135:         qSort((char*) arr, newMiddleInd, sizeOfElem, comparator);
    136:         qSort((char*) arr + (newMiddleInd + 1) * sizeOfElem, size - newMiddleInd - 1, sizeOfElem, comparator);
    137:     }

# 3 0x0041F33D in C:\Users\Иван\Documents\oneginProject\main.exe: main() at C:/Users/Иван/Documents/oneginProject/./main.cpp:67:

     65:     printf("arr = %c\n", *(arrOfStrPtr));
     66:     printf("arr = %c\n", **(arrOfStrPtr + 1));
=>   67:     qSort(arrOfStrPtr, numLines, sizeof(arrOfStrPtr[0]), wordsComparatorUp);
     68:     printLines(arrOfStrPtr, numLines);
     69:     printf("\n\n");

--------------------------------------------------
Developed with:

The Dumb Artist Library (TX Library)
TXLib [Ver: 00173a, Rev: 175, Date: 2025-12-31 23:02:50 +0400]
Copyright (C) Ded (Ilya Dedinsky, http://txlib.ru) <mail@txlib.ru>
See license on: http://txlib.ru

TXLib file:	c:\users\иван\downloads\codeblocks\mingw\include\txlib.h
Compiled:	Sep 21 2026 21:31:28, GNU g++ 4.8.1, std=201103L, MinGW Runtime 3.20, 32-bit, Debug
Started:	Sep 21 2026 21:31:31

Run file:	C:\Users\Иван\Documents\oneginProject\main.exe
Directory:	C:\Users\Иван\Documents\oneginProject

--------------------------------------------------

--------------------------------------------------
TXLib предупреждает:

Программа: C:\Users\Иван\Documents\oneginProject\main.exe,

ВНЕЗАПНО: Нарушение доступа к памяти.

#1: Исключение EXCEPTION_ACCESS_VIOLATION (0xC0000005) при выполнении кода по адресу 0x0041EA57 в функции reconfiguration() в файле C:/Users/Иван/Documents/oneginProject/./sort.cpp на строке 40. Попытка прочесть данные по адресу 0x0C009E70 в модуле C:\Users\Иван\Documents\oneginProject\main.exe. Спасибо _txUnhandledExceptionFilter(), что сообщил. Люблю его <3

#1: TXLib [Ver: 00173a, Rev: 175, Date: 2025-12-31 23:02:50 +0400], Instance: 0x004F71DC (32-bit), Flags: Cmdre0, Thread: 0x2DCC (Main). 

--------------------------------------------------
Стек вызовов:

# 0 0x0041EA57 in C:\Users\Иван\Documents\oneginProject\main.exe: reconfiguration() at C:/Users/Иван/Documents/oneginProject/./sort.cpp:40:

     38:         printf("right = %d\n", right);
     39:         printf("left = %c\n", **(char**)((char*)arr + (left) * sizeOfElem));
=>   40:         printf("right = %c\n", **(char**)((char*)arr + (right - 1) * sizeOfElem));
     41:         getchar();
     42:         if (left >= right){

# 1 0x0041F0C4 in C:\Users\Иван\Documents\oneginProject\main.exe: qSort() at C:/Users/Иван/Documents/oneginProject/./sort.cpp:133:

    131: void qSort(void* arr, size_t size, size_t sizeOfElem, int (*comparator) (const void* a, const void* b)){
    132:     printf("b\n");
=>  133:     int newMiddleInd  = reconfiguration(arr, size, sizeOfElem, *comparator);
    134:     if(size > 1){
    135:         qSort((char*) arr, newMiddleInd, sizeOfElem, comparator);

# 2 0x0041F0ED in C:\Users\Иван\Documents\oneginProject\main.exe: qSort() at C:/Users/Иван/Documents/oneginProject/./sort.cpp:135:

    133:     int newMiddleInd  = reconfiguration(arr, size, sizeOfElem, *comparator);
    134:     if(size > 1){
=>  135:         qSort((char*) arr, newMiddleInd, sizeOfElem, comparator);
    136:         qSort((char*) arr + (newMiddleInd + 1) * sizeOfElem, size - newMiddleInd - 1, sizeOfElem, comparator);
    137:     }

# 3 0x0041F33D in C:\Users\Иван\Documents\oneginProject\main.exe: main() at C:/Users/Иван/Documents/oneginProject/./main.cpp:67:

     65:     printf("arr = %c\n", *(arrOfStrPtr));
     66:     printf("arr = %c\n", **(arrOfStrPtr + 1));
=>   67:     qSort(arrOfStrPtr, numLines, sizeof(arrOfStrPtr[0]), wordsComparatorUp);
     68:     printLines(arrOfStrPtr, numLines);
     69:     printf("\n\n");

--------------------------------------------------
Developed with:

The Dumb Artist Library (TX Library)
TXLib [Ver: 00173a, Rev: 175, Date: 2025-12-31 23:02:50 +0400]
Copyright (C) Ded (Ilya Dedinsky, http://txlib.ru) <mail@txlib.ru>
See license on: http://txlib.ru

TXLib file:	c:\users\иван\downloads\codeblocks\mingw\include\txlib.h
Compiled:	Sep 21 2026 21:32:49, GNU g++ 4.8.1, std=201103L, MinGW Runtime 3.20, 32-bit, Debug
Started:	Sep 21 2026 21:32:51

Run file:	C:\Users\Иван\Documents\oneginProject\main.exe
Directory:	C:\Users\Иван\Documents\oneginProject

--------------------------------------------------

--------------------------------------------------
TXLib соболезнует...

Программа: C:\Users\Иван\Documents\oneginProject\main.exe,

ВНЕЗАПНО: signal (11, 0x00): SIGSEGV: Доступ по неверному указателю. Ставьте ассерты! 

Нарушение доступа к памяти.

#1: Исключение EXCEPTION_ACCESS_VIOLATION (0xC0000005) при выполнении кода по адресу 0x0041EA57 в функции reconfiguration() в файле C:/Users/Иван/Documents/oneginProject/./sort.cpp на строке 40. Попытка прочесть данные по адресу 0x0C009E70 в модуле C:\Users\Иван\Documents\oneginProject\main.exe. Спасибо _txUnhandledExceptionFilter(), что сообщил. Люблю его <3

С помощью функции signal() вы можете сами обработать эту ошибку.

#2: TXLib [Ver: 00173a, Rev: 175, Date: 2025-12-31 23:02:50 +0400], Instance: 0x004F71DC (32-bit), Flags: Cmdre0, Thread: 0x2DCC (Main). 

--------------------------------------------------
Стек вызовов:

# 0 0x0041EA57 in C:\Users\Иван\Documents\oneginProject\main.exe: reconfiguration() at C:/Users/Иван/Documents/oneginProject/./sort.cpp:40:

     38:         printf("right = %d\n", right);
     39:         printf("left = %c\n", **(char**)((char*)arr + (left) * sizeOfElem));
=>   40:         printf("right = %c\n", **(char**)((char*)arr + (right - 1) * sizeOfElem));
     41:         getchar();
     42:         if (left >= right){

# 1 0x0041F0C4 in C:\Users\Иван\Documents\oneginProject\main.exe: qSort() at C:/Users/Иван/Documents/oneginProject/./sort.cpp:133:

    131: void qSort(void* arr, size_t size, size_t sizeOfElem, int (*comparator) (const void* a, const void* b)){
    132:     printf("b\n");
=>  133:     int newMiddleInd  = reconfiguration(arr, size, sizeOfElem, *comparator);
    134:     if(size > 1){
    135:         qSort((char*) arr, newMiddleInd, sizeOfElem, comparator);

# 2 0x0041F0ED in C:\Users\Иван\Documents\oneginProject\main.exe: qSort() at C:/Users/Иван/Documents/oneginProject/./sort.cpp:135:

    133:     int newMiddleInd  = reconfiguration(arr, size, sizeOfElem, *comparator);
    134:     if(size > 1){
=>  135:         qSort((char*) arr, newMiddleInd, sizeOfElem, comparator);
    136:         qSort((char*) arr + (newMiddleInd + 1) * sizeOfElem, size - newMiddleInd - 1, sizeOfElem, comparator);
    137:     }

# 3 0x0041F33D in C:\Users\Иван\Documents\oneginProject\main.exe: main() at C:/Users/Иван/Documents/oneginProject/./main.cpp:67:

     65:     printf("arr = %c\n", *(arrOfStrPtr));
     66:     printf("arr = %c\n", **(arrOfStrPtr + 1));
=>   67:     qSort(arrOfStrPtr, numLines, sizeof(arrOfStrPtr[0]), wordsComparatorUp);
     68:     printLines(arrOfStrPtr, numLines);
     69:     printf("\n\n");

--------------------------------------------------
Developed with:

The Dumb Artist Library (TX Library)
TXLib [Ver: 00173a, Rev: 175, Date: 2025-12-31 23:02:50 +0400]
Copyright (C) Ded (Ilya Dedinsky, http://txlib.ru) <mail@txlib.ru>
See license on: http://txlib.ru

TXLib file:	c:\users\иван\downloads\codeblocks\mingw\include\txlib.h
Compiled:	Sep 21 2026 21:32:49, GNU g++ 4.8.1, std=201103L, MinGW Runtime 3.20, 32-bit, Debug
Started:	Sep 21 2026 21:32:51

Run file:	C:\Users\Иван\Documents\oneginProject\main.exe
Directory:	C:\Users\Иван\Documents\oneginProject

--------------------------------------------------

--------------------------------------------------
TXLib предупреждает:

Программа: C:\Users\Иван\Documents\oneginProject\main.exe,

ВНЕЗАПНО: Нарушение доступа к памяти.

#1: Исключение EXCEPTION_ACCESS_VIOLATION (0xC0000005) при выполнении кода по адресу 0x0041EABB в функции reconfiguration() в файле C:/Users/Иван/Documents/oneginProject/./sort.cpp на строке 41. Попытка прочесть данные по адресу 0x0C006732 в модуле C:\Users\Иван\Documents\oneginProject\main.exe. Спасибо _txUnhandledExceptionFilter(), что сообщил. Люблю его <3

#1: TXLib [Ver: 00173a, Rev: 175, Date: 2025-12-31 23:02:50 +0400], Instance: 0x004F71DC (32-bit), Flags: Cmdre0, Thread: 0x540 (Main). 

--------------------------------------------------
Стек вызовов:

# 0 0x0041EABB in C:\Users\Иван\Documents\oneginProject\main.exe: reconfiguration() at C:/Users/Иван/Documents/oneginProject/./sort.cpp:41:

     39:         printf("right = %d\n", right);
     40:         printf("left = %c\n", **(char**)((char*)arr + (left) * sizeOfElem));
=>   41:         printf("right = %c\n", **(char**)((char*)arr + (right - 1) * sizeOfElem));
     42:         getchar();
     43:         if (left >= right){

# 1 0x0041F12C in C:\Users\Иван\Documents\oneginProject\main.exe: qSort() at C:/Users/Иван/Documents/oneginProject/./sort.cpp:134:

    132: void qSort(void* arr, size_t size, size_t sizeOfElem, int (*comparator) (const void* a, const void* b)){
    133:     printf("b\n");
=>  134:     int newMiddleInd  = reconfiguration(arr, size, sizeOfElem, *comparator);
    135:     if(size > 1){
    136:         qSort((char*) arr, newMiddleInd, sizeOfElem, comparator);

# 2 0x0041F155 in C:\Users\Иван\Documents\oneginProject\main.exe: qSort() at C:/Users/Иван/Documents/oneginProject/./sort.cpp:136:

    134:     int newMiddleInd  = reconfiguration(arr, size, sizeOfElem, *comparator);
    135:     if(size > 1){
=>  136:         qSort((char*) arr, newMiddleInd, sizeOfElem, comparator);
    137:         qSort((char*) arr + (newMiddleInd + 1) * sizeOfElem, size - newMiddleInd - 1, sizeOfElem, comparator);
    138:     }

# 3 0x0041F3A5 in C:\Users\Иван\Documents\oneginProject\main.exe: main() at C:/Users/Иван/Documents/oneginProject/./main.cpp:67:

     65:     printf("arr = %c\n", *(arrOfStrPtr));
     66:     printf("arr = %c\n", **(arrOfStrPtr + 1));
=>   67:     qSort(arrOfStrPtr, numLines, sizeof(arrOfStrPtr[0]), wordsComparatorUp);
     68:     printLines(arrOfStrPtr, numLines);
     69:     printf("\n\n");

--------------------------------------------------
Developed with:

The Dumb Artist Library (TX Library)
TXLib [Ver: 00173a, Rev: 175, Date: 2025-12-31 23:02:50 +0400]
Copyright (C) Ded (Ilya Dedinsky, http://txlib.ru) <mail@txlib.ru>
See license on: http://txlib.ru

TXLib file:	c:\users\иван\downloads\codeblocks\mingw\include\txlib.h
Compiled:	Sep 21 2026 21:36:28, GNU g++ 4.8.1, std=201103L, MinGW Runtime 3.20, 32-bit, Debug
Started:	Sep 21 2026 21:36:30

Run file:	C:\Users\Иван\Documents\oneginProject\main.exe
Directory:	C:\Users\Иван\Documents\oneginProject

--------------------------------------------------

--------------------------------------------------
TXLib соболезнует...

Программа: C:\Users\Иван\Documents\oneginProject\main.exe,

ВНЕЗАПНО: signal (11, 0x00): SIGSEGV: Доступ по неверному указателю. Ставьте ассерты! 

Нарушение доступа к памяти.

#1: Исключение EXCEPTION_ACCESS_VIOLATION (0xC0000005) при выполнении кода по адресу 0x0041EABB в функции reconfiguration() в файле C:/Users/Иван/Documents/oneginProject/./sort.cpp на строке 41. Попытка прочесть данные по адресу 0x0C006732 в модуле C:\Users\Иван\Documents\oneginProject\main.exe. Спасибо _txUnhandledExceptionFilter(), что сообщил. Люблю его <3

С помощью функции signal() вы можете сами обработать эту ошибку.

#2: TXLib [Ver: 00173a, Rev: 175, Date: 2025-12-31 23:02:50 +0400], Instance: 0x004F71DC (32-bit), Flags: Cmdre0, Thread: 0x540 (Main). 

--------------------------------------------------
Стек вызовов:

# 0 0x0041EABB in C:\Users\Иван\Documents\oneginProject\main.exe: reconfiguration() at C:/Users/Иван/Documents/oneginProject/./sort.cpp:41:

     39:         printf("right = %d\n", right);
     40:         printf("left = %c\n", **(char**)((char*)arr + (left) * sizeOfElem));
=>   41:         printf("right = %c\n", **(char**)((char*)arr + (right - 1) * sizeOfElem));
     42:         getchar();
     43:         if (left >= right){

# 1 0x0041F12C in C:\Users\Иван\Documents\oneginProject\main.exe: qSort() at C:/Users/Иван/Documents/oneginProject/./sort.cpp:134:

    132: void qSort(void* arr, size_t size, size_t sizeOfElem, int (*comparator) (const void* a, const void* b)){
    133:     printf("b\n");
=>  134:     int newMiddleInd  = reconfiguration(arr, size, sizeOfElem, *comparator);
    135:     if(size > 1){
    136:         qSort((char*) arr, newMiddleInd, sizeOfElem, comparator);

# 2 0x0041F155 in C:\Users\Иван\Documents\oneginProject\main.exe: qSort() at C:/Users/Иван/Documents/oneginProject/./sort.cpp:136:

    134:     int newMiddleInd  = reconfiguration(arr, size, sizeOfElem, *comparator);
    135:     if(size > 1){
=>  136:         qSort((char*) arr, newMiddleInd, sizeOfElem, comparator);
    137:         qSort((char*) arr + (newMiddleInd + 1) * sizeOfElem, size - newMiddleInd - 1, sizeOfElem, comparator);
    138:     }

# 3 0x0041F3A5 in C:\Users\Иван\Documents\oneginProject\main.exe: main() at C:/Users/Иван/Documents/oneginProject/./main.cpp:67:

     65:     printf("arr = %c\n", *(arrOfStrPtr));
     66:     printf("arr = %c\n", **(arrOfStrPtr + 1));
=>   67:     qSort(arrOfStrPtr, numLines, sizeof(arrOfStrPtr[0]), wordsComparatorUp);
     68:     printLines(arrOfStrPtr, numLines);
     69:     printf("\n\n");

--------------------------------------------------
Developed with:

The Dumb Artist Library (TX Library)
TXLib [Ver: 00173a, Rev: 175, Date: 2025-12-31 23:02:50 +0400]
Copyright (C) Ded (Ilya Dedinsky, http://txlib.ru) <mail@txlib.ru>
See license on: http://txlib.ru

TXLib file:	c:\users\иван\downloads\codeblocks\mingw\include\txlib.h
Compiled:	Sep 21 2026 21:36:28, GNU g++ 4.8.1, std=201103L, MinGW Runtime 3.20, 32-bit, Debug
Started:	Sep 21 2026 21:36:30

Run file:	C:\Users\Иван\Documents\oneginProject\main.exe
Directory:	C:\Users\Иван\Documents\oneginProject

--------------------------------------------------

--------------------------------------------------
TXLib предупреждает:

Программа: C:\Users\Иван\Documents\oneginProject\main.exe,

ВНЕЗАПНО: Нарушение доступа к памяти.

#1: Исключение EXCEPTION_ACCESS_VIOLATION (0xC0000005) при выполнении кода по адресу 0x0041EB25 в функции reconfiguration() в файле C:/Users/Иван/Documents/oneginProject/./sort.cpp на строке 42. Попытка прочесть данные по адресу 0x0C008E6C в модуле C:\Users\Иван\Documents\oneginProject\main.exe. Спасибо _txUnhandledExceptionFilter(), что сообщил. Люблю его <3

#1: TXLib [Ver: 00173a, Rev: 175, Date: 2025-12-31 23:02:50 +0400], Instance: 0x004F71DC (32-bit), Flags: Cmdre0, Thread: 0xDB0 (Main). 

--------------------------------------------------
Стек вызовов:

# 0 0x0041EB25 in C:\Users\Иван\Documents\oneginProject\main.exe: reconfiguration() at C:/Users/Иван/Documents/oneginProject/./sort.cpp:42:

     40:         printf("right = %d\n", right);
     41:         printf("left = %c\n", **(char**)((char*)arr + (left) * sizeOfElem));
=>   42:         printf("right = %c\n", **(char**)((char*)arr + (right - 1) * sizeOfElem));
     43:         getchar();
     44:         if (left >= right){

# 1 0x0041F197 in C:\Users\Иван\Documents\oneginProject\main.exe: qSort() at C:/Users/Иван/Documents/oneginProject/./sort.cpp:135:

    133: void qSort(void* arr, size_t size, size_t sizeOfElem, int (*comparator) (const void* a, const void* b)){
    134:     printf("b\n");
=>  135:     int newMiddleInd  = reconfiguration(arr, size, sizeOfElem, *comparator);
    136:     if(size > 1){
    137:         qSort((char*) arr, newMiddleInd, sizeOfElem, comparator);

# 2 0x0041F1C0 in C:\Users\Иван\Documents\oneginProject\main.exe: qSort() at C:/Users/Иван/Documents/oneginProject/./sort.cpp:137:

    135:     int newMiddleInd  = reconfiguration(arr, size, sizeOfElem, *comparator);
    136:     if(size > 1){
=>  137:         qSort((char*) arr, newMiddleInd, sizeOfElem, comparator);
    138:         qSort((char*) arr + (newMiddleInd + 1) * sizeOfElem, size - newMiddleInd - 1, sizeOfElem, comparator);
    139:     }

# 3 0x0041F410 in C:\Users\Иван\Documents\oneginProject\main.exe: main() at C:/Users/Иван/Documents/oneginProject/./main.cpp:67:

     65:     printf("arr = %c\n", *(arrOfStrPtr));
     66:     printf("arr = %c\n", **(arrOfStrPtr + 1));
=>   67:     qSort(arrOfStrPtr, numLines, sizeof(arrOfStrPtr[0]), wordsComparatorUp);
     68:     printLines(arrOfStrPtr, numLines);
     69:     printf("\n\n");

--------------------------------------------------
Developed with:

The Dumb Artist Library (TX Library)
TXLib [Ver: 00173a, Rev: 175, Date: 2025-12-31 23:02:50 +0400]
Copyright (C) Ded (Ilya Dedinsky, http://txlib.ru) <mail@txlib.ru>
See license on: http://txlib.ru

TXLib file:	c:\users\иван\downloads\codeblocks\mingw\include\txlib.h
Compiled:	Sep 21 2026 21:37:21, GNU g++ 4.8.1, std=201103L, MinGW Runtime 3.20, 32-bit, Debug
Started:	Sep 21 2026 21:37:25

Run file:	C:\Users\Иван\Documents\oneginProject\main.exe
Directory:	C:\Users\Иван\Documents\oneginProject

--------------------------------------------------

--------------------------------------------------
TXLib соболезнует...

Программа: C:\Users\Иван\Documents\oneginProject\main.exe,

ВНЕЗАПНО: signal (11, 0x00): SIGSEGV: Доступ по неверному указателю. Ставьте ассерты! 

Нарушение доступа к памяти.

#1: Исключение EXCEPTION_ACCESS_VIOLATION (0xC0000005) при выполнении кода по адресу 0x0041EB25 в функции reconfiguration() в файле C:/Users/Иван/Documents/oneginProject/./sort.cpp на строке 42. Попытка прочесть данные по адресу 0x0C008E6C в модуле C:\Users\Иван\Documents\oneginProject\main.exe. Спасибо _txUnhandledExceptionFilter(), что сообщил. Люблю его <3

С помощью функции signal() вы можете сами обработать эту ошибку.

#2: TXLib [Ver: 00173a, Rev: 175, Date: 2025-12-31 23:02:50 +0400], Instance: 0x004F71DC (32-bit), Flags: Cmdre0, Thread: 0xDB0 (Main). 

--------------------------------------------------
Стек вызовов:

# 0 0x0041EB25 in C:\Users\Иван\Documents\oneginProject\main.exe: reconfiguration() at C:/Users/Иван/Documents/oneginProject/./sort.cpp:42:

     40:         printf("right = %d\n", right);
     41:         printf("left = %c\n", **(char**)((char*)arr + (left) * sizeOfElem));
=>   42:         printf("right = %c\n", **(char**)((char*)arr + (right - 1) * sizeOfElem));
     43:         getchar();
     44:         if (left >= right){

# 1 0x0041F197 in C:\Users\Иван\Documents\oneginProject\main.exe: qSort() at C:/Users/Иван/Documents/oneginProject/./sort.cpp:135:

    133: void qSort(void* arr, size_t size, size_t sizeOfElem, int (*comparator) (const void* a, const void* b)){
    134:     printf("b\n");
=>  135:     int newMiddleInd  = reconfiguration(arr, size, sizeOfElem, *comparator);
    136:     if(size > 1){
    137:         qSort((char*) arr, newMiddleInd, sizeOfElem, comparator);

# 2 0x0041F1C0 in C:\Users\Иван\Documents\oneginProject\main.exe: qSort() at C:/Users/Иван/Documents/oneginProject/./sort.cpp:137:

    135:     int newMiddleInd  = reconfiguration(arr, size, sizeOfElem, *comparator);
    136:     if(size > 1){
=>  137:         qSort((char*) arr, newMiddleInd, sizeOfElem, comparator);
    138:         qSort((char*) arr + (newMiddleInd + 1) * sizeOfElem, size - newMiddleInd - 1, sizeOfElem, comparator);
    139:     }

# 3 0x0041F410 in C:\Users\Иван\Documents\oneginProject\main.exe: main() at C:/Users/Иван/Documents/oneginProject/./main.cpp:67:

     65:     printf("arr = %c\n", *(arrOfStrPtr));
     66:     printf("arr = %c\n", **(arrOfStrPtr + 1));
=>   67:     qSort(arrOfStrPtr, numLines, sizeof(arrOfStrPtr[0]), wordsComparatorUp);
     68:     printLines(arrOfStrPtr, numLines);
     69:     printf("\n\n");

--------------------------------------------------
Developed with:

The Dumb Artist Library (TX Library)
TXLib [Ver: 00173a, Rev: 175, Date: 2025-12-31 23:02:50 +0400]
Copyright (C) Ded (Ilya Dedinsky, http://txlib.ru) <mail@txlib.ru>
See license on: http://txlib.ru

TXLib file:	c:\users\иван\downloads\codeblocks\mingw\include\txlib.h
Compiled:	Sep 21 2026 21:37:21, GNU g++ 4.8.1, std=201103L, MinGW Runtime 3.20, 32-bit, Debug
Started:	Sep 21 2026 21:37:25

Run file:	C:\Users\Иван\Documents\oneginProject\main.exe
Directory:	C:\Users\Иван\Documents\oneginProject

--------------------------------------------------

--------------------------------------------------
TXLib предупреждает:

Программа: C:\Users\Иван\Documents\oneginProject\main.exe,

ВНЕЗАПНО: Нарушение доступа к памяти.

#1: Исключение EXCEPTION_ACCESS_VIOLATION (0xC0000005) при выполнении кода по адресу 0x0041E8A3 в функции reconfiguration() в файле C:/Users/Иван/Documents/oneginProject/./sort.cpp на строке 17. Попытка прочесть данные по адресу 0x0C007B23 в модуле C:\Users\Иван\Documents\oneginProject\main.exe. Спасибо _txUnhandledExceptionFilter(), что сообщил. Люблю его <3

#1: TXLib [Ver: 00173a, Rev: 175, Date: 2025-12-31 23:02:50 +0400], Instance: 0x004F71DC (32-bit), Flags: Cmdre0, Thread: 0x2D04 (Main). 

--------------------------------------------------
Стек вызовов:

# 0 0x0041E8A3 in C:\Users\Иван\Documents\oneginProject\main.exe: reconfiguration() at C:/Users/Иван/Documents/oneginProject/./sort.cpp:17:

     15:     int left = 0;
     16:     int right = size - 1;
=>   17:     printf("arr = %c\n", **((char**) arr - 1));
     18:     assert(arr!=NULL);
     19:     assert(*(char**) arr!=NULL);

# 1 0x0041F19A in C:\Users\Иван\Documents\oneginProject\main.exe: qSort() at C:/Users/Иван/Documents/oneginProject/./sort.cpp:135:

    133: void qSort(void* arr, size_t size, size_t sizeOfElem, int (*comparator) (const void* a, const void* b)){
    134:     printf("b\n");
=>  135:     int newMiddleInd  = reconfiguration(arr, size, sizeOfElem, *comparator);
    136:     if(size > 1){
    137:         qSort((char*) arr, newMiddleInd, sizeOfElem, comparator);

# 2 0x0041F413 in C:\Users\Иван\Documents\oneginProject\main.exe: main() at C:/Users/Иван/Documents/oneginProject/./main.cpp:67:

     65:     printf("arr = %c\n", *(arrOfStrPtr));
     66:     printf("arr = %c\n", **(arrOfStrPtr + 1));
=>   67:     qSort(arrOfStrPtr, numLines, sizeof(arrOfStrPtr[0]), wordsComparatorUp);
     68:     printLines(arrOfStrPtr, numLines);
     69:     printf("\n\n");

--------------------------------------------------
Developed with:

The Dumb Artist Library (TX Library)
TXLib [Ver: 00173a, Rev: 175, Date: 2025-12-31 23:02:50 +0400]
Copyright (C) Ded (Ilya Dedinsky, http://txlib.ru) <mail@txlib.ru>
See license on: http://txlib.ru

TXLib file:	c:\users\иван\downloads\codeblocks\mingw\include\txlib.h
Compiled:	Sep 21 2026 21:38:58, GNU g++ 4.8.1, std=201103L, MinGW Runtime 3.20, 32-bit, Debug
Started:	Sep 21 2026 21:39:01

Run file:	C:\Users\Иван\Documents\oneginProject\main.exe
Directory:	C:\Users\Иван\Documents\oneginProject

--------------------------------------------------

--------------------------------------------------
TXLib соболезнует...

Программа: C:\Users\Иван\Documents\oneginProject\main.exe,

ВНЕЗАПНО: signal (11, 0x00): SIGSEGV: Доступ по неверному указателю. Ставьте ассерты! 

Нарушение доступа к памяти.

#1: Исключение EXCEPTION_ACCESS_VIOLATION (0xC0000005) при выполнении кода по адресу 0x0041E8A3 в функции reconfiguration() в файле C:/Users/Иван/Documents/oneginProject/./sort.cpp на строке 17. Попытка прочесть данные по адресу 0x0C007B23 в модуле C:\Users\Иван\Documents\oneginProject\main.exe. Спасибо _txUnhandledExceptionFilter(), что сообщил. Люблю его <3

С помощью функции signal() вы можете сами обработать эту ошибку.

#2: TXLib [Ver: 00173a, Rev: 175, Date: 2025-12-31 23:02:50 +0400], Instance: 0x004F71DC (32-bit), Flags: Cmdre0, Thread: 0x2D04 (Main). 

--------------------------------------------------
Стек вызовов:

# 0 0x0041E8A3 in C:\Users\Иван\Documents\oneginProject\main.exe: reconfiguration() at C:/Users/Иван/Documents/oneginProject/./sort.cpp:17:

     15:     int left = 0;
     16:     int right = size - 1;
=>   17:     printf("arr = %c\n", **((char**) arr - 1));
     18:     assert(arr!=NULL);
     19:     assert(*(char**) arr!=NULL);

# 1 0x0041F19A in C:\Users\Иван\Documents\oneginProject\main.exe: qSort() at C:/Users/Иван/Documents/oneginProject/./sort.cpp:135:

    133: void qSort(void* arr, size_t size, size_t sizeOfElem, int (*comparator) (const void* a, const void* b)){
    134:     printf("b\n");
=>  135:     int newMiddleInd  = reconfiguration(arr, size, sizeOfElem, *comparator);
    136:     if(size > 1){
    137:         qSort((char*) arr, newMiddleInd, sizeOfElem, comparator);

# 2 0x0041F413 in C:\Users\Иван\Documents\oneginProject\main.exe: main() at C:/Users/Иван/Documents/oneginProject/./main.cpp:67:

     65:     printf("arr = %c\n", *(arrOfStrPtr));
     66:     printf("arr = %c\n", **(arrOfStrPtr + 1));
=>   67:     qSort(arrOfStrPtr, numLines, sizeof(arrOfStrPtr[0]), wordsComparatorUp);
     68:     printLines(arrOfStrPtr, numLines);
     69:     printf("\n\n");

--------------------------------------------------
Developed with:

The Dumb Artist Library (TX Library)
TXLib [Ver: 00173a, Rev: 175, Date: 2025-12-31 23:02:50 +0400]
Copyright (C) Ded (Ilya Dedinsky, http://txlib.ru) <mail@txlib.ru>
See license on: http://txlib.ru

TXLib file:	c:\users\иван\downloads\codeblocks\mingw\include\txlib.h
Compiled:	Sep 21 2026 21:38:58, GNU g++ 4.8.1, std=201103L, MinGW Runtime 3.20, 32-bit, Debug
Started:	Sep 21 2026 21:39:01

Run file:	C:\Users\Иван\Documents\oneginProject\main.exe
Directory:	C:\Users\Иван\Documents\oneginProject

--------------------------------------------------

--------------------------------------------------
TXLib предупреждает:

Программа: C:\Users\Иван\Documents\oneginProject\main.exe,

ВНЕЗАПНО: Нарушение доступа к памяти.

#1: Исключение EXCEPTION_ACCESS_VIOLATION (0xC0000005) при выполнении кода по адресу 0x0041EB25 в функции reconfiguration() в файле C:/Users/Иван/Documents/oneginProject/./sort.cpp на строке 42. Попытка прочесть данные по адресу 0x0C001903 в модуле C:\Users\Иван\Documents\oneginProject\main.exe. Спасибо _txUnhandledExceptionFilter(), что сообщил. Люблю его <3

#1: TXLib [Ver: 00173a, Rev: 175, Date: 2025-12-31 23:02:50 +0400], Instance: 0x004F71DC (32-bit), Flags: Cmdre0, Thread: 0x4D54 (Main). 

--------------------------------------------------
Стек вызовов:

# 0 0x0041EB25 in C:\Users\Иван\Documents\oneginProject\main.exe: reconfiguration() at C:/Users/Иван/Documents/oneginProject/./sort.cpp:42:

     40:         printf("right = %d\n", right);
     41:         printf("left = %c\n", **(char**)((char*)arr + (left) * sizeOfElem));
=>   42:         printf("right = %c\n", **(char**)((char*)arr + (right - 1) * sizeOfElem));
     43:         getchar();
     44:         if (left >= right){

# 1 0x0041F197 in C:\Users\Иван\Documents\oneginProject\main.exe: qSort() at C:/Users/Иван/Documents/oneginProject/./sort.cpp:135:

    133: void qSort(void* arr, size_t size, size_t sizeOfElem, int (*comparator) (const void* a, const void* b)){
    134:     printf("b\n");
=>  135:     int newMiddleInd  = reconfiguration(arr, size, sizeOfElem, *comparator);
    136:     if(size > 1){
    137:         qSort((char*) arr, newMiddleInd, sizeOfElem, comparator);

# 2 0x0041F1C0 in C:\Users\Иван\Documents\oneginProject\main.exe: qSort() at C:/Users/Иван/Documents/oneginProject/./sort.cpp:137:

    135:     int newMiddleInd  = reconfiguration(arr, size, sizeOfElem, *comparator);
    136:     if(size > 1){
=>  137:         qSort((char*) arr, newMiddleInd, sizeOfElem, comparator);
    138:         qSort((char*) arr + (newMiddleInd + 1) * sizeOfElem, size - newMiddleInd - 1, sizeOfElem, comparator);
    139:     }

# 3 0x0041F410 in C:\Users\Иван\Documents\oneginProject\main.exe: main() at C:/Users/Иван/Documents/oneginProject/./main.cpp:67:

     65:     printf("arr = %c\n", *(arrOfStrPtr));
     66:     printf("arr = %c\n", **(arrOfStrPtr + 1));
=>   67:     qSort(arrOfStrPtr, numLines, sizeof(arrOfStrPtr[0]), wordsComparatorUp);
     68:     printLines(arrOfStrPtr, numLines);
     69:     printf("\n\n");

--------------------------------------------------
Developed with:

The Dumb Artist Library (TX Library)
TXLib [Ver: 00173a, Rev: 175, Date: 2025-12-31 23:02:50 +0400]
Copyright (C) Ded (Ilya Dedinsky, http://txlib.ru) <mail@txlib.ru>
See license on: http://txlib.ru

TXLib file:	c:\users\иван\downloads\codeblocks\mingw\include\txlib.h
Compiled:	Sep 21 2026 21:39:25, GNU g++ 4.8.1, std=201103L, MinGW Runtime 3.20, 32-bit, Debug
Started:	Sep 21 2026 21:39:27

Run file:	C:\Users\Иван\Documents\oneginProject\main.exe
Directory:	C:\Users\Иван\Documents\oneginProject

--------------------------------------------------

--------------------------------------------------
TXLib соболезнует...

Программа: C:\Users\Иван\Documents\oneginProject\main.exe,

ВНЕЗАПНО: signal (11, 0x00): SIGSEGV: Доступ по неверному указателю. Ставьте ассерты! 

Нарушение доступа к памяти.

#1: Исключение EXCEPTION_ACCESS_VIOLATION (0xC0000005) при выполнении кода по адресу 0x0041EB25 в функции reconfiguration() в файле C:/Users/Иван/Documents/oneginProject/./sort.cpp на строке 42. Попытка прочесть данные по адресу 0x0C001903 в модуле C:\Users\Иван\Documents\oneginProject\main.exe. Спасибо _txUnhandledExceptionFilter(), что сообщил. Люблю его <3

С помощью функции signal() вы можете сами обработать эту ошибку.

#2: TXLib [Ver: 00173a, Rev: 175, Date: 2025-12-31 23:02:50 +0400], Instance: 0x004F71DC (32-bit), Flags: Cmdre0, Thread: 0x4D54 (Main). 

--------------------------------------------------
Стек вызовов:

# 0 0x0041EB25 in C:\Users\Иван\Documents\oneginProject\main.exe: reconfiguration() at C:/Users/Иван/Documents/oneginProject/./sort.cpp:42:

     40:         printf("right = %d\n", right);
     41:         printf("left = %c\n", **(char**)((char*)arr + (left) * sizeOfElem));
=>   42:         printf("right = %c\n", **(char**)((char*)arr + (right - 1) * sizeOfElem));
     43:         getchar();
     44:         if (left >= right){

# 1 0x0041F197 in C:\Users\Иван\Documents\oneginProject\main.exe: qSort() at C:/Users/Иван/Documents/oneginProject/./sort.cpp:135:

    133: void qSort(void* arr, size_t size, size_t sizeOfElem, int (*comparator) (const void* a, const void* b)){
    134:     printf("b\n");
=>  135:     int newMiddleInd  = reconfiguration(arr, size, sizeOfElem, *comparator);
    136:     if(size > 1){
    137:         qSort((char*) arr, newMiddleInd, sizeOfElem, comparator);

# 2 0x0041F1C0 in C:\Users\Иван\Documents\oneginProject\main.exe: qSort() at C:/Users/Иван/Documents/oneginProject/./sort.cpp:137:

    135:     int newMiddleInd  = reconfiguration(arr, size, sizeOfElem, *comparator);
    136:     if(size > 1){
=>  137:         qSort((char*) arr, newMiddleInd, sizeOfElem, comparator);
    138:         qSort((char*) arr + (newMiddleInd + 1) * sizeOfElem, size - newMiddleInd - 1, sizeOfElem, comparator);
    139:     }

# 3 0x0041F410 in C:\Users\Иван\Documents\oneginProject\main.exe: main() at C:/Users/Иван/Documents/oneginProject/./main.cpp:67:

     65:     printf("arr = %c\n", *(arrOfStrPtr));
     66:     printf("arr = %c\n", **(arrOfStrPtr + 1));
=>   67:     qSort(arrOfStrPtr, numLines, sizeof(arrOfStrPtr[0]), wordsComparatorUp);
     68:     printLines(arrOfStrPtr, numLines);
     69:     printf("\n\n");

--------------------------------------------------
Developed with:

The Dumb Artist Library (TX Library)
TXLib [Ver: 00173a, Rev: 175, Date: 2025-12-31 23:02:50 +0400]
Copyright (C) Ded (Ilya Dedinsky, http://txlib.ru) <mail@txlib.ru>
See license on: http://txlib.ru

TXLib file:	c:\users\иван\downloads\codeblocks\mingw\include\txlib.h
Compiled:	Sep 21 2026 21:39:25, GNU g++ 4.8.1, std=201103L, MinGW Runtime 3.20, 32-bit, Debug
Started:	Sep 21 2026 21:39:27

Run file:	C:\Users\Иван\Documents\oneginProject\main.exe
Directory:	C:\Users\Иван\Documents\oneginProject

--------------------------------------------------

--------------------------------------------------
TXLib предупреждает:

Программа: C:\Users\Иван\Documents\oneginProject\main.exe,

ВНЕЗАПНО: Нарушение доступа к памяти.

#1: Исключение EXCEPTION_ACCESS_VIOLATION (0xC0000005) при выполнении кода по адресу 0x0041EAFF в функции reconfiguration() в файле C:/Users/Иван/Documents/oneginProject/./sort.cpp на строке 42. Попытка прочесть данные по адресу 0x0C00E911 в модуле C:\Users\Иван\Documents\oneginProject\main.exe. Спасибо _txUnhandledExceptionFilter(), что сообщил. Люблю его <3

#1: TXLib [Ver: 00173a, Rev: 175, Date: 2025-12-31 23:02:50 +0400], Instance: 0x004F71DC (32-bit), Flags: Cmdre0, Thread: 0x30B4 (Main). 

--------------------------------------------------
Стек вызовов:

# 0 0x0041EAFF in C:\Users\Иван\Documents\oneginProject\main.exe: reconfiguration() at C:/Users/Иван/Documents/oneginProject/./sort.cpp:42:

     40:         printf("right = %d\n", right);
     41:         //printf("left = %c\n", **(char**)((char*)arr + (left) * sizeOfElem));
=>   42:         printf("right = %c\n", **(char**)((char*)arr + (right - 1) * sizeOfElem));
     43:         getchar();
     44:         if (left >= right){

# 1 0x0041F171 in C:\Users\Иван\Documents\oneginProject\main.exe: qSort() at C:/Users/Иван/Documents/oneginProject/./sort.cpp:135:

    133: void qSort(void* arr, size_t size, size_t sizeOfElem, int (*comparator) (const void* a, const void* b)){
    134:     printf("b\n");
=>  135:     int newMiddleInd  = reconfiguration(arr, size, sizeOfElem, *comparator);
    136:     if(size > 1){
    137:         qSort((char*) arr, newMiddleInd, sizeOfElem, comparator);

# 2 0x0041F19A in C:\Users\Иван\Documents\oneginProject\main.exe: qSort() at C:/Users/Иван/Documents/oneginProject/./sort.cpp:137:

    135:     int newMiddleInd  = reconfiguration(arr, size, sizeOfElem, *comparator);
    136:     if(size > 1){
=>  137:         qSort((char*) arr, newMiddleInd, sizeOfElem, comparator);
    138:         qSort((char*) arr + (newMiddleInd + 1) * sizeOfElem, size - newMiddleInd - 1, sizeOfElem, comparator);
    139:     }

# 3 0x0041F3EA in C:\Users\Иван\Documents\oneginProject\main.exe: main() at C:/Users/Иван/Documents/oneginProject/./main.cpp:67:

     65:     printf("arr = %c\n", *(arrOfStrPtr));
     66:     printf("arr = %c\n", **(arrOfStrPtr + 1));
=>   67:     qSort(arrOfStrPtr, numLines, sizeof(arrOfStrPtr[0]), wordsComparatorUp);
     68:     printLines(arrOfStrPtr, numLines);
     69:     printf("\n\n");

--------------------------------------------------
Developed with:

The Dumb Artist Library (TX Library)
TXLib [Ver: 00173a, Rev: 175, Date: 2025-12-31 23:02:50 +0400]
Copyright (C) Ded (Ilya Dedinsky, http://txlib.ru) <mail@txlib.ru>
See license on: http://txlib.ru

TXLib file:	c:\users\иван\downloads\codeblocks\mingw\include\txlib.h
Compiled:	Sep 21 2026 21:40:16, GNU g++ 4.8.1, std=201103L, MinGW Runtime 3.20, 32-bit, Debug
Started:	Sep 21 2026 21:40:19

Run file:	C:\Users\Иван\Documents\oneginProject\main.exe
Directory:	C:\Users\Иван\Documents\oneginProject

--------------------------------------------------

--------------------------------------------------
TXLib соболезнует...

Программа: C:\Users\Иван\Documents\oneginProject\main.exe,

ВНЕЗАПНО: signal (11, 0x00): SIGSEGV: Доступ по неверному указателю. Ставьте ассерты! 

Нарушение доступа к памяти.

#1: Исключение EXCEPTION_ACCESS_VIOLATION (0xC0000005) при выполнении кода по адресу 0x0041EAFF в функции reconfiguration() в файле C:/Users/Иван/Documents/oneginProject/./sort.cpp на строке 42. Попытка прочесть данные по адресу 0x0C00E911 в модуле C:\Users\Иван\Documents\oneginProject\main.exe. Спасибо _txUnhandledExceptionFilter(), что сообщил. Люблю его <3

С помощью функции signal() вы можете сами обработать эту ошибку.

#2: TXLib [Ver: 00173a, Rev: 175, Date: 2025-12-31 23:02:50 +0400], Instance: 0x004F71DC (32-bit), Flags: Cmdre0, Thread: 0x30B4 (Main). 

--------------------------------------------------
Стек вызовов:

# 0 0x0041EAFF in C:\Users\Иван\Documents\oneginProject\main.exe: reconfiguration() at C:/Users/Иван/Documents/oneginProject/./sort.cpp:42:

     40:         printf("right = %d\n", right);
     41:         //printf("left = %c\n", **(char**)((char*)arr + (left) * sizeOfElem));
=>   42:         printf("right = %c\n", **(char**)((char*)arr + (right - 1) * sizeOfElem));
     43:         getchar();
     44:         if (left >= right){

# 1 0x0041F171 in C:\Users\Иван\Documents\oneginProject\main.exe: qSort() at C:/Users/Иван/Documents/oneginProject/./sort.cpp:135:

    133: void qSort(void* arr, size_t size, size_t sizeOfElem, int (*comparator) (const void* a, const void* b)){
    134:     printf("b\n");
=>  135:     int newMiddleInd  = reconfiguration(arr, size, sizeOfElem, *comparator);
    136:     if(size > 1){
    137:         qSort((char*) arr, newMiddleInd, sizeOfElem, comparator);

# 2 0x0041F19A in C:\Users\Иван\Documents\oneginProject\main.exe: qSort() at C:/Users/Иван/Documents/oneginProject/./sort.cpp:137:

    135:     int newMiddleInd  = reconfiguration(arr, size, sizeOfElem, *comparator);
    136:     if(size > 1){
=>  137:         qSort((char*) arr, newMiddleInd, sizeOfElem, comparator);
    138:         qSort((char*) arr + (newMiddleInd + 1) * sizeOfElem, size - newMiddleInd - 1, sizeOfElem, comparator);
    139:     }

# 3 0x0041F3EA in C:\Users\Иван\Documents\oneginProject\main.exe: main() at C:/Users/Иван/Documents/oneginProject/./main.cpp:67:

     65:     printf("arr = %c\n", *(arrOfStrPtr));
     66:     printf("arr = %c\n", **(arrOfStrPtr + 1));
=>   67:     qSort(arrOfStrPtr, numLines, sizeof(arrOfStrPtr[0]), wordsComparatorUp);
     68:     printLines(arrOfStrPtr, numLines);
     69:     printf("\n\n");

--------------------------------------------------
Developed with:

The Dumb Artist Library (TX Library)
TXLib [Ver: 00173a, Rev: 175, Date: 2025-12-31 23:02:50 +0400]
Copyright (C) Ded (Ilya Dedinsky, http://txlib.ru) <mail@txlib.ru>
See license on: http://txlib.ru

TXLib file:	c:\users\иван\downloads\codeblocks\mingw\include\txlib.h
Compiled:	Sep 21 2026 21:40:16, GNU g++ 4.8.1, std=201103L, MinGW Runtime 3.20, 32-bit, Debug
Started:	Sep 21 2026 21:40:19

Run file:	C:\Users\Иван\Documents\oneginProject\main.exe
Directory:	C:\Users\Иван\Documents\oneginProject

--------------------------------------------------

--------------------------------------------------
TXLib предупреждает:

Программа: C:\Users\Иван\Documents\oneginProject\main.exe,

ВНЕЗАПНО: Нарушение доступа к памяти.

#1: Исключение EXCEPTION_ACCESS_VIOLATION (0xC0000005) при выполнении кода по адресу 0x0041EB25 в функции reconfiguration() в файле C:/Users/Иван/Documents/oneginProject/./sort.cpp на строке 42. Попытка прочесть данные по адресу 0x0C00C5E3 в модуле C:\Users\Иван\Documents\oneginProject\main.exe. Спасибо _txUnhandledExceptionFilter(), что сообщил. Люблю его <3

#1: TXLib [Ver: 00173a, Rev: 175, Date: 2025-12-31 23:02:50 +0400], Instance: 0x004F71DC (32-bit), Flags: Cmdre0, Thread: 0x45B0 (Main). 

--------------------------------------------------
Стек вызовов:

# 0 0x0041EB25 in C:\Users\Иван\Documents\oneginProject\main.exe: reconfiguration() at C:/Users/Иван/Documents/oneginProject/./sort.cpp:42:

     40:         printf("right = %d\n", right);
     41:         printf("left = %c\n", **(char**)((char*)arr + (left) * sizeOfElem));
=>   42:         printf("right = %c\n", **(char**)((char*)arr + (right - 1) * sizeOfElem));
     43:         getchar();
     44:         if (left >= right){

# 1 0x0041F197 in C:\Users\Иван\Documents\oneginProject\main.exe: qSort() at C:/Users/Иван/Documents/oneginProject/./sort.cpp:135:

    133: void qSort(void* arr, size_t size, size_t sizeOfElem, int (*comparator) (const void* a, const void* b)){
    134:     printf("b\n");
=>  135:     int newMiddleInd  = reconfiguration(arr, size, sizeOfElem, *comparator);
    136:     if(size > 1){
    137:         qSort((char*) arr, newMiddleInd, sizeOfElem, comparator);

# 2 0x0041F1C0 in C:\Users\Иван\Documents\oneginProject\main.exe: qSort() at C:/Users/Иван/Documents/oneginProject/./sort.cpp:137:

    135:     int newMiddleInd  = reconfiguration(arr, size, sizeOfElem, *comparator);
    136:     if(size > 1){
=>  137:         qSort((char*) arr, newMiddleInd, sizeOfElem, comparator);
    138:         qSort((char*) arr + (newMiddleInd + 1) * sizeOfElem, size - newMiddleInd - 1, sizeOfElem, comparator);
    139:     }

# 3 0x0041F410 in C:\Users\Иван\Documents\oneginProject\main.exe: main() at C:/Users/Иван/Documents/oneginProject/./main.cpp:67:

     65:     printf("arr = %c\n", *(arrOfStrPtr));
     66:     printf("arr = %c\n", **(arrOfStrPtr + 1));
=>   67:     qSort(arrOfStrPtr, numLines, sizeof(arrOfStrPtr[0]), wordsComparatorUp);
     68:     printLines(arrOfStrPtr, numLines);
     69:     printf("\n\n");

--------------------------------------------------
Developed with:

The Dumb Artist Library (TX Library)
TXLib [Ver: 00173a, Rev: 175, Date: 2025-12-31 23:02:50 +0400]
Copyright (C) Ded (Ilya Dedinsky, http://txlib.ru) <mail@txlib.ru>
See license on: http://txlib.ru

TXLib file:	c:\users\иван\downloads\codeblocks\mingw\include\txlib.h
Compiled:	Sep 21 2026 21:42:25, GNU g++ 4.8.1, std=201103L, MinGW Runtime 3.20, 32-bit, Debug
Started:	Sep 21 2026 21:42:28

Run file:	C:\Users\Иван\Documents\oneginProject\main.exe
Directory:	C:\Users\Иван\Documents\oneginProject

--------------------------------------------------

--------------------------------------------------
TXLib соболезнует...

Программа: C:\Users\Иван\Documents\oneginProject\main.exe,

ВНЕЗАПНО: signal (11, 0x00): SIGSEGV: Доступ по неверному указателю. Ставьте ассерты! 

Нарушение доступа к памяти.

#1: Исключение EXCEPTION_ACCESS_VIOLATION (0xC0000005) при выполнении кода по адресу 0x0041EB25 в функции reconfiguration() в файле C:/Users/Иван/Documents/oneginProject/./sort.cpp на строке 42. Попытка прочесть данные по адресу 0x0C00C5E3 в модуле C:\Users\Иван\Documents\oneginProject\main.exe. Спасибо _txUnhandledExceptionFilter(), что сообщил. Люблю его <3

С помощью функции signal() вы можете сами обработать эту ошибку.

#2: TXLib [Ver: 00173a, Rev: 175, Date: 2025-12-31 23:02:50 +0400], Instance: 0x004F71DC (32-bit), Flags: Cmdre0, Thread: 0x45B0 (Main). 

--------------------------------------------------
Стек вызовов:

# 0 0x0041EB25 in C:\Users\Иван\Documents\oneginProject\main.exe: reconfiguration() at C:/Users/Иван/Documents/oneginProject/./sort.cpp:42:

     40:         printf("right = %d\n", right);
     41:         printf("left = %c\n", **(char**)((char*)arr + (left) * sizeOfElem));
=>   42:         printf("right = %c\n", **(char**)((char*)arr + (right - 1) * sizeOfElem));
     43:         getchar();
     44:         if (left >= right){

# 1 0x0041F197 in C:\Users\Иван\Documents\oneginProject\main.exe: qSort() at C:/Users/Иван/Documents/oneginProject/./sort.cpp:135:

    133: void qSort(void* arr, size_t size, size_t sizeOfElem, int (*comparator) (const void* a, const void* b)){
    134:     printf("b\n");
=>  135:     int newMiddleInd  = reconfiguration(arr, size, sizeOfElem, *comparator);
    136:     if(size > 1){
    137:         qSort((char*) arr, newMiddleInd, sizeOfElem, comparator);

# 2 0x0041F1C0 in C:\Users\Иван\Documents\oneginProject\main.exe: qSort() at C:/Users/Иван/Documents/oneginProject/./sort.cpp:137:

    135:     int newMiddleInd  = reconfiguration(arr, size, sizeOfElem, *comparator);
    136:     if(size > 1){
=>  137:         qSort((char*) arr, newMiddleInd, sizeOfElem, comparator);
    138:         qSort((char*) arr + (newMiddleInd + 1) * sizeOfElem, size - newMiddleInd - 1, sizeOfElem, comparator);
    139:     }

# 3 0x0041F410 in C:\Users\Иван\Documents\oneginProject\main.exe: main() at C:/Users/Иван/Documents/oneginProject/./main.cpp:67:

     65:     printf("arr = %c\n", *(arrOfStrPtr));
     66:     printf("arr = %c\n", **(arrOfStrPtr + 1));
=>   67:     qSort(arrOfStrPtr, numLines, sizeof(arrOfStrPtr[0]), wordsComparatorUp);
     68:     printLines(arrOfStrPtr, numLines);
     69:     printf("\n\n");

--------------------------------------------------
Developed with:

The Dumb Artist Library (TX Library)
TXLib [Ver: 00173a, Rev: 175, Date: 2025-12-31 23:02:50 +0400]
Copyright (C) Ded (Ilya Dedinsky, http://txlib.ru) <mail@txlib.ru>
See license on: http://txlib.ru

TXLib file:	c:\users\иван\downloads\codeblocks\mingw\include\txlib.h
Compiled:	Sep 21 2026 21:42:25, GNU g++ 4.8.1, std=201103L, MinGW Runtime 3.20, 32-bit, Debug
Started:	Sep 21 2026 21:42:28

Run file:	C:\Users\Иван\Documents\oneginProject\main.exe
Directory:	C:\Users\Иван\Documents\oneginProject

--------------------------------------------------

--------------------------------------------------
TXLib предупреждает:

Программа: C:\Users\Иван\Documents\oneginProjectCopy1\main.exe,

ВНЕЗАПНО: Нарушение доступа к памяти.

#1: Исключение EXCEPTION_ACCESS_VIOLATION (0xC0000005) при выполнении кода по адресу 0x765BE740 в функции strlen(). Попытка прочесть данные по адресу 0x1E990E54 в модуле C:\Windows\System32\msvcrt.dll. Спасибо _txUnhandledExceptionFilter(), что сообщил. Люблю его <3

#1: TXLib [Ver: 00173a, Rev: 175, Date: 2025-12-31 23:02:50 +0400], Instance: 0x004F71DC (32-bit), Flags: Cmdre0, Thread: 0x3DFC (Main). 

--------------------------------------------------
Стек вызовов:

# 0 0x765BE740 in C:\Windows\System32\msvcrt.dll: strlen()

# 1 0x0041F1C8 in C:\Users\Иван\Documents\oneginProjectCopy1\main.exe: wordsComparatorUp() at C:/Users/Иван/Documents/oneginProjectCopy1/./main.cpp:159:

    157:     char* str1 = *((char**) ptrstr1);
    158:     char* str2 = *((char**) ptrstr2);
=>  159:     char* copy1 = strCopyWithoutPunctuationMarks(str1);
    160:     char* copy2 = strCopyWithoutPunctuationMarks(str2);
    161:     char* copyCopy1 = strCopyWithLowLetters(copy1);

# 2 0x0041E995 in C:\Users\Иван\Documents\oneginProjectCopy1\main.exe: reconfiguration() at C:/Users/Иван/Documents/oneginProjectCopy1/./sort.cpp:21:

     19:         // int comp2 = comparator((char*)arr + right * sizeOfElem, (char*)arr + middleInd * sizeOfElem);
     20:         // printf("comp12 = %d\n", comp2);
=>   21:         while (comparator((char*)arr + left * sizeOfElem, (char*)arr + middleInd * sizeOfElem) <= 0
     22:                                                              && left < right && left < middleInd){
     23:             left++;

# 3 0x0041EAB3 in C:\Users\Иван\Documents\oneginProjectCopy1\main.exe: qSort() at C:/Users/Иван/Documents/oneginProjectCopy1/./sort.cpp:57:

     55: 
     56: void qSort(void* arr, size_t size, size_t sizeOfElem, int (*comparator) (const void* a, const void* b)){
=>   57:     int newMiddleInd  = reconfiguration(arr, size, sizeOfElem, *comparator);
     58:     if(size > 1){
     59:         qSort((char*) arr, newMiddleInd, sizeOfElem, comparator);

# 4 0x0041EB14 in C:\Users\Иван\Documents\oneginProjectCopy1\main.exe: qSort() at C:/Users/Иван/Documents/oneginProjectCopy1/./sort.cpp:60:

     58:     if(size > 1){
     59:         qSort((char*) arr, newMiddleInd, sizeOfElem, comparator);
=>   60:         qSort((char*) arr + (newMiddleInd + 1) * sizeOfElem, size - newMiddleInd - 1, sizeOfElem, comparator);
     61:     }
     62: }

# 5 0x0041EB14 in C:\Users\Иван\Documents\oneginProjectCopy1\main.exe: qSort() at C:/Users/Иван/Documents/oneginProjectCopy1/./sort.cpp:60:

     58:     if(size > 1){
     59:         qSort((char*) arr, newMiddleInd, sizeOfElem, comparator);
=>   60:         qSort((char*) arr + (newMiddleInd + 1) * sizeOfElem, size - newMiddleInd - 1, sizeOfElem, comparator);
     61:     }
     62: }

# 6 0x0041EB14 in C:\Users\Иван\Documents\oneginProjectCopy1\main.exe: qSort() at C:/Users/Иван/Documents/oneginProjectCopy1/./sort.cpp:60:

     58:     if(size > 1){
     59:         qSort((char*) arr, newMiddleInd, sizeOfElem, comparator);
=>   60:         qSort((char*) arr + (newMiddleInd + 1) * sizeOfElem, size - newMiddleInd - 1, sizeOfElem, comparator);
     61:     }
     62: }

# 7 0x0041EB14 in C:\Users\Иван\Documents\oneginProjectCopy1\main.exe: qSort() at C:/Users/Иван/Documents/oneginProjectCopy1/./sort.cpp:60:

     58:     if(size > 1){
     59:         qSort((char*) arr, newMiddleInd, sizeOfElem, comparator);
=>   60:         qSort((char*) arr + (newMiddleInd + 1) * sizeOfElem, size - newMiddleInd - 1, sizeOfElem, comparator);
     61:     }
     62: }

# 8 0x0041EB14 in C:\Users\Иван\Documents\oneginProjectCopy1\main.exe: qSort() at C:/Users/Иван/Documents/oneginProjectCopy1/./sort.cpp:60:

     58:     if(size > 1){
     59:         qSort((char*) arr, newMiddleInd, sizeOfElem, comparator);
=>   60:         qSort((char*) arr + (newMiddleInd + 1) * sizeOfElem, size - newMiddleInd - 1, sizeOfElem, comparator);
     61:     }
     62: }

# 9 0x0041EB14 in C:\Users\Иван\Documents\oneginProjectCopy1\main.exe: qSort() at C:/Users/Иван/Documents/oneginProjectCopy1/./sort.cpp:60:

     58:     if(size > 1){
     59:         qSort((char*) arr, newMiddleInd, sizeOfElem, comparator);
=>   60:         qSort((char*) arr + (newMiddleInd + 1) * sizeOfElem, size - newMiddleInd - 1, sizeOfElem, comparator);
     61:     }
     62: }

#10 0x0041ECD9 in C:\Users\Иван\Documents\oneginProjectCopy1\main.exe: main() at C:/Users/Иван/Documents/oneginProjectCopy1/./main.cpp:55:

     53:     //printf("arr = %c\n", **(arrOfStrPtr + 1));
     54: 
=>   55:     qSort(arrOfStrPtr, numLines, sizeof(arrOfStrPtr[0]), wordsComparatorUp);
     56:     txSetConsoleAttr(FOREGROUND_LIGHTGREEN);
     57:     printLinesInFile(filePtr, arrOfStrPtr, numLines);

--------------------------------------------------
Developed with:

The Dumb Artist Library (TX Library)
TXLib [Ver: 00173a, Rev: 175, Date: 2025-12-31 23:02:50 +0400]
Copyright (C) Ded (Ilya Dedinsky, http://txlib.ru) <mail@txlib.ru>
See license on: http://txlib.ru

TXLib file:	c:\users\иван\downloads\codeblocks\mingw\include\txlib.h
Compiled:	Sep 21 2026 23:09:24, GNU g++ 4.8.1, std=201103L, MinGW Runtime 3.20, 32-bit, Debug
Started:	Sep 21 2026 23:09:27

Run file:	C:\Users\Иван\Documents\oneginProjectCopy1\main.exe
Directory:	C:\Users\Иван\Documents\oneginProjectCopy1

--------------------------------------------------

--------------------------------------------------
TXLib соболезнует...

Программа: C:\Users\Иван\Documents\oneginProjectCopy1\main.exe,

ВНЕЗАПНО: signal (11, 0x00): SIGSEGV: Доступ по неверному указателю. Ставьте ассерты! 

Нарушение доступа к памяти.

#1: Исключение EXCEPTION_ACCESS_VIOLATION (0xC0000005) при выполнении кода по адресу 0x765BE740 в функции strlen(). Попытка прочесть данные по адресу 0x1E990E54 в модуле C:\Windows\System32\msvcrt.dll. Спасибо _txUnhandledExceptionFilter(), что сообщил. Люблю его <3

С помощью функции signal() вы можете сами обработать эту ошибку.

#2: TXLib [Ver: 00173a, Rev: 175, Date: 2025-12-31 23:02:50 +0400], Instance: 0x004F71DC (32-bit), Flags: Cmdre0, Thread: 0x3DFC (Main). 

--------------------------------------------------
Стек вызовов:

# 0 0x765BE740 in C:\Windows\System32\msvcrt.dll: strlen()

# 1 0x0041F1C8 in C:\Users\Иван\Documents\oneginProjectCopy1\main.exe: wordsComparatorUp() at C:/Users/Иван/Documents/oneginProjectCopy1/./main.cpp:159:

    157:     char* str1 = *((char**) ptrstr1);
    158:     char* str2 = *((char**) ptrstr2);
=>  159:     char* copy1 = strCopyWithoutPunctuationMarks(str1);
    160:     char* copy2 = strCopyWithoutPunctuationMarks(str2);
    161:     char* copyCopy1 = strCopyWithLowLetters(copy1);

# 2 0x0041E995 in C:\Users\Иван\Documents\oneginProjectCopy1\main.exe: reconfiguration() at C:/Users/Иван/Documents/oneginProjectCopy1/./sort.cpp:21:

     19:         // int comp2 = comparator((char*)arr + right * sizeOfElem, (char*)arr + middleInd * sizeOfElem);
     20:         // printf("comp12 = %d\n", comp2);
=>   21:         while (comparator((char*)arr + left * sizeOfElem, (char*)arr + middleInd * sizeOfElem) <= 0
     22:                                                              && left < right && left < middleInd){
     23:             left++;

# 3 0x0041EAB3 in C:\Users\Иван\Documents\oneginProjectCopy1\main.exe: qSort() at C:/Users/Иван/Documents/oneginProjectCopy1/./sort.cpp:57:

     55: 
     56: void qSort(void* arr, size_t size, size_t sizeOfElem, int (*comparator) (const void* a, const void* b)){
=>   57:     int newMiddleInd  = reconfiguration(arr, size, sizeOfElem, *comparator);
     58:     if(size > 1){
     59:         qSort((char*) arr, newMiddleInd, sizeOfElem, comparator);

# 4 0x0041EB14 in C:\Users\Иван\Documents\oneginProjectCopy1\main.exe: qSort() at C:/Users/Иван/Documents/oneginProjectCopy1/./sort.cpp:60:

     58:     if(size > 1){
     59:         qSort((char*) arr, newMiddleInd, sizeOfElem, comparator);
=>   60:         qSort((char*) arr + (newMiddleInd + 1) * sizeOfElem, size - newMiddleInd - 1, sizeOfElem, comparator);
     61:     }
     62: }

# 5 0x0041EB14 in C:\Users\Иван\Documents\oneginProjectCopy1\main.exe: qSort() at C:/Users/Иван/Documents/oneginProjectCopy1/./sort.cpp:60:

     58:     if(size > 1){
     59:         qSort((char*) arr, newMiddleInd, sizeOfElem, comparator);
=>   60:         qSort((char*) arr + (newMiddleInd + 1) * sizeOfElem, size - newMiddleInd - 1, sizeOfElem, comparator);
     61:     }
     62: }

# 6 0x0041EB14 in C:\Users\Иван\Documents\oneginProjectCopy1\main.exe: qSort() at C:/Users/Иван/Documents/oneginProjectCopy1/./sort.cpp:60:

     58:     if(size > 1){
     59:         qSort((char*) arr, newMiddleInd, sizeOfElem, comparator);
=>   60:         qSort((char*) arr + (newMiddleInd + 1) * sizeOfElem, size - newMiddleInd - 1, sizeOfElem, comparator);
     61:     }
     62: }

# 7 0x0041EB14 in C:\Users\Иван\Documents\oneginProjectCopy1\main.exe: qSort() at C:/Users/Иван/Documents/oneginProjectCopy1/./sort.cpp:60:

     58:     if(size > 1){
     59:         qSort((char*) arr, newMiddleInd, sizeOfElem, comparator);
=>   60:         qSort((char*) arr + (newMiddleInd + 1) * sizeOfElem, size - newMiddleInd - 1, sizeOfElem, comparator);
     61:     }
     62: }

# 8 0x0041EB14 in C:\Users\Иван\Documents\oneginProjectCopy1\main.exe: qSort() at C:/Users/Иван/Documents/oneginProjectCopy1/./sort.cpp:60:

     58:     if(size > 1){
     59:         qSort((char*) arr, newMiddleInd, sizeOfElem, comparator);
=>   60:         qSort((char*) arr + (newMiddleInd + 1) * sizeOfElem, size - newMiddleInd - 1, sizeOfElem, comparator);
     61:     }
     62: }

# 9 0x0041EB14 in C:\Users\Иван\Documents\oneginProjectCopy1\main.exe: qSort() at C:/Users/Иван/Documents/oneginProjectCopy1/./sort.cpp:60:

     58:     if(size > 1){
     59:         qSort((char*) arr, newMiddleInd, sizeOfElem, comparator);
=>   60:         qSort((char*) arr + (newMiddleInd + 1) * sizeOfElem, size - newMiddleInd - 1, sizeOfElem, comparator);
     61:     }
     62: }

#10 0x0041ECD9 in C:\Users\Иван\Documents\oneginProjectCopy1\main.exe: main() at C:/Users/Иван/Documents/oneginProjectCopy1/./main.cpp:55:

     53:     //printf("arr = %c\n", **(arrOfStrPtr + 1));
     54: 
=>   55:     qSort(arrOfStrPtr, numLines, sizeof(arrOfStrPtr[0]), wordsComparatorUp);
     56:     txSetConsoleAttr(FOREGROUND_LIGHTGREEN);
     57:     printLinesInFile(filePtr, arrOfStrPtr, numLines);

--------------------------------------------------
Developed with:

The Dumb Artist Library (TX Library)
TXLib [Ver: 00173a, Rev: 175, Date: 2025-12-31 23:02:50 +0400]
Copyright (C) Ded (Ilya Dedinsky, http://txlib.ru) <mail@txlib.ru>
See license on: http://txlib.ru

TXLib file:	c:\users\иван\downloads\codeblocks\mingw\include\txlib.h
Compiled:	Sep 21 2026 23:09:24, GNU g++ 4.8.1, std=201103L, MinGW Runtime 3.20, 32-bit, Debug
Started:	Sep 21 2026 23:09:27

Run file:	C:\Users\Иван\Documents\oneginProjectCopy1\main.exe
Directory:	C:\Users\Иван\Documents\oneginProjectCopy1

--------------------------------------------------

--------------------------------------------------
TXLib предупреждает:

Программа: C:\Users\Иван\Documents\oneginProjectCopy1\main.exe,

ВНЕЗАПНО: Нарушение доступа к памяти.

#1: Исключение EXCEPTION_ACCESS_VIOLATION (0xC0000005) при выполнении кода по адресу 0x765BE740 в функции strlen(). Попытка прочесть данные по адресу 0x63926314 в модуле C:\Windows\System32\msvcrt.dll. Спасибо _txUnhandledExceptionFilter(), что сообщил. Люблю его <3

#1: TXLib [Ver: 00173a, Rev: 175, Date: 2025-12-31 23:02:50 +0400], Instance: 0x004F71DC (32-bit), Flags: Cmdre0, Thread: 0x31DC (Main). 

--------------------------------------------------
Стек вызовов:

# 0 0x765BE740 in C:\Windows\System32\msvcrt.dll: strlen()

# 1 0x0041F1AC in C:\Users\Иван\Documents\oneginProjectCopy1\main.exe: wordsComparatorUp() at C:/Users/Иван/Documents/oneginProjectCopy1/./main.cpp:160:

    158:     char* str1 = *((char**) ptrstr1);
    159:     char* str2 = *((char**) ptrstr2);
=>  160:     char* copy1 = strCopyWithoutPunctuationMarks(str1);
    161:     char* copy2 = strCopyWithoutPunctuationMarks(str2);
    162:     char* copyCopy1 = strCopyWithLowLetters(copy1);

# 2 0x0041E995 in C:\Users\Иван\Documents\oneginProjectCopy1\main.exe: reconfiguration() at C:/Users/Иван/Documents/oneginProjectCopy1/./sort.cpp:21:

     19:         // int comp2 = comparator((char*)arr + right * sizeOfElem, (char*)arr + middleInd * sizeOfElem);
     20:         // printf("comp12 = %d\n", comp2);
=>   21:         while (comparator((char*)arr + left * sizeOfElem, (char*)arr + middleInd * sizeOfElem) <= 0
     22:                                                              && left < right && left < middleInd){
     23:             left++;

# 3 0x0041EAB3 in C:\Users\Иван\Documents\oneginProjectCopy1\main.exe: qSort() at C:/Users/Иван/Documents/oneginProjectCopy1/./sort.cpp:57:

     55: 
     56: void qSort(void* arr, size_t size, size_t sizeOfElem, int (*comparator) (const void* a, const void* b)){
=>   57:     int newMiddleInd  = reconfiguration(arr, size, sizeOfElem, *comparator);
     58:     if(size > 1){
     59:         qSort((char*) arr, newMiddleInd, sizeOfElem, comparator);

# 4 0x0041EB14 in C:\Users\Иван\Documents\oneginProjectCopy1\main.exe: qSort() at C:/Users/Иван/Documents/oneginProjectCopy1/./sort.cpp:60:

     58:     if(size > 1){
     59:         qSort((char*) arr, newMiddleInd, sizeOfElem, comparator);
=>   60:         qSort((char*) arr + (newMiddleInd + 1) * sizeOfElem, size - newMiddleInd - 1, sizeOfElem, comparator);
     61:     }
     62: }

# 5 0x0041EB14 in C:\Users\Иван\Documents\oneginProjectCopy1\main.exe: qSort() at C:/Users/Иван/Documents/oneginProjectCopy1/./sort.cpp:60:

     58:     if(size > 1){
     59:         qSort((char*) arr, newMiddleInd, sizeOfElem, comparator);
=>   60:         qSort((char*) arr + (newMiddleInd + 1) * sizeOfElem, size - newMiddleInd - 1, sizeOfElem, comparator);
     61:     }
     62: }

# 6 0x0041EB14 in C:\Users\Иван\Documents\oneginProjectCopy1\main.exe: qSort() at C:/Users/Иван/Documents/oneginProjectCopy1/./sort.cpp:60:

     58:     if(size > 1){
     59:         qSort((char*) arr, newMiddleInd, sizeOfElem, comparator);
=>   60:         qSort((char*) arr + (newMiddleInd + 1) * sizeOfElem, size - newMiddleInd - 1, sizeOfElem, comparator);
     61:     }
     62: }

# 7 0x0041EB14 in C:\Users\Иван\Documents\oneginProjectCopy1\main.exe: qSort() at C:/Users/Иван/Documents/oneginProjectCopy1/./sort.cpp:60:

     58:     if(size > 1){
     59:         qSort((char*) arr, newMiddleInd, sizeOfElem, comparator);
=>   60:         qSort((char*) arr + (newMiddleInd + 1) * sizeOfElem, size - newMiddleInd - 1, sizeOfElem, comparator);
     61:     }
     62: }

# 8 0x0041EB14 in C:\Users\Иван\Documents\oneginProjectCopy1\main.exe: qSort() at C:/Users/Иван/Documents/oneginProjectCopy1/./sort.cpp:60:

     58:     if(size > 1){
     59:         qSort((char*) arr, newMiddleInd, sizeOfElem, comparator);
=>   60:         qSort((char*) arr + (newMiddleInd + 1) * sizeOfElem, size - newMiddleInd - 1, sizeOfElem, comparator);
     61:     }
     62: }

# 9 0x0041EB14 in C:\Users\Иван\Documents\oneginProjectCopy1\main.exe: qSort() at C:/Users/Иван/Documents/oneginProjectCopy1/./sort.cpp:60:

     58:     if(size > 1){
     59:         qSort((char*) arr, newMiddleInd, sizeOfElem, comparator);
=>   60:         qSort((char*) arr + (newMiddleInd + 1) * sizeOfElem, size - newMiddleInd - 1, sizeOfElem, comparator);
     61:     }
     62: }

#10 0x0041ECBD in C:\Users\Иван\Documents\oneginProjectCopy1\main.exe: main() at C:/Users/Иван/Documents/oneginProjectCopy1/./main.cpp:56:

     54:     //printf("arr = %c\n", **(arrOfStrPtr + 1));
     55: 
=>   56:     qSort(arrOfStrPtr, numLines, sizeof(arrOfStrPtr[0]), wordsComparatorUp);
     57:     txSetConsoleAttr(FOREGROUND_LIGHTGREEN);
     58:     printLinesInFile(filePtr, arrOfStrPtr, numLines);

--------------------------------------------------
Developed with:

The Dumb Artist Library (TX Library)
TXLib [Ver: 00173a, Rev: 175, Date: 2025-12-31 23:02:50 +0400]
Copyright (C) Ded (Ilya Dedinsky, http://txlib.ru) <mail@txlib.ru>
See license on: http://txlib.ru

TXLib file:	c:\users\иван\downloads\codeblocks\mingw\include\txlib.h
Compiled:	Sep 21 2026 23:12:24, GNU g++ 4.8.1, std=201103L, MinGW Runtime 3.20, 32-bit, Debug
Started:	Sep 21 2026 23:12:26

Run file:	C:\Users\Иван\Documents\oneginProjectCopy1\main.exe
Directory:	C:\Users\Иван\Documents\oneginProjectCopy1

--------------------------------------------------

--------------------------------------------------
TXLib соболезнует...

Программа: C:\Users\Иван\Documents\oneginProjectCopy1\main.exe,

ВНЕЗАПНО: signal (11, 0x00): SIGSEGV: Доступ по неверному указателю. Ставьте ассерты! 

Нарушение доступа к памяти.

#1: Исключение EXCEPTION_ACCESS_VIOLATION (0xC0000005) при выполнении кода по адресу 0x765BE740 в функции strlen(). Попытка прочесть данные по адресу 0x63926314 в модуле C:\Windows\System32\msvcrt.dll. Спасибо _txUnhandledExceptionFilter(), что сообщил. Люблю его <3

С помощью функции signal() вы можете сами обработать эту ошибку.

#2: TXLib [Ver: 00173a, Rev: 175, Date: 2025-12-31 23:02:50 +0400], Instance: 0x004F71DC (32-bit), Flags: Cmdre0, Thread: 0x31DC (Main). 

--------------------------------------------------
Стек вызовов:

# 0 0x765BE740 in C:\Windows\System32\msvcrt.dll: strlen()

# 1 0x0041F1AC in C:\Users\Иван\Documents\oneginProjectCopy1\main.exe: wordsComparatorUp() at C:/Users/Иван/Documents/oneginProjectCopy1/./main.cpp:160:

    158:     char* str1 = *((char**) ptrstr1);
    159:     char* str2 = *((char**) ptrstr2);
=>  160:     char* copy1 = strCopyWithoutPunctuationMarks(str1);
    161:     char* copy2 = strCopyWithoutPunctuationMarks(str2);
    162:     char* copyCopy1 = strCopyWithLowLetters(copy1);

# 2 0x0041E995 in C:\Users\Иван\Documents\oneginProjectCopy1\main.exe: reconfiguration() at C:/Users/Иван/Documents/oneginProjectCopy1/./sort.cpp:21:

     19:         // int comp2 = comparator((char*)arr + right * sizeOfElem, (char*)arr + middleInd * sizeOfElem);
     20:         // printf("comp12 = %d\n", comp2);
=>   21:         while (comparator((char*)arr + left * sizeOfElem, (char*)arr + middleInd * sizeOfElem) <= 0
     22:                                                              && left < right && left < middleInd){
     23:             left++;

# 3 0x0041EAB3 in C:\Users\Иван\Documents\oneginProjectCopy1\main.exe: qSort() at C:/Users/Иван/Documents/oneginProjectCopy1/./sort.cpp:57:

     55: 
     56: void qSort(void* arr, size_t size, size_t sizeOfElem, int (*comparator) (const void* a, const void* b)){
=>   57:     int newMiddleInd  = reconfiguration(arr, size, sizeOfElem, *comparator);
     58:     if(size > 1){
     59:         qSort((char*) arr, newMiddleInd, sizeOfElem, comparator);

# 4 0x0041EB14 in C:\Users\Иван\Documents\oneginProjectCopy1\main.exe: qSort() at C:/Users/Иван/Documents/oneginProjectCopy1/./sort.cpp:60:

     58:     if(size > 1){
     59:         qSort((char*) arr, newMiddleInd, sizeOfElem, comparator);
=>   60:         qSort((char*) arr + (newMiddleInd + 1) * sizeOfElem, size - newMiddleInd - 1, sizeOfElem, comparator);
     61:     }
     62: }

# 5 0x0041EB14 in C:\Users\Иван\Documents\oneginProjectCopy1\main.exe: qSort() at C:/Users/Иван/Documents/oneginProjectCopy1/./sort.cpp:60:

     58:     if(size > 1){
     59:         qSort((char*) arr, newMiddleInd, sizeOfElem, comparator);
=>   60:         qSort((char*) arr + (newMiddleInd + 1) * sizeOfElem, size - newMiddleInd - 1, sizeOfElem, comparator);
     61:     }
     62: }

# 6 0x0041EB14 in C:\Users\Иван\Documents\oneginProjectCopy1\main.exe: qSort() at C:/Users/Иван/Documents/oneginProjectCopy1/./sort.cpp:60:

     58:     if(size > 1){
     59:         qSort((char*) arr, newMiddleInd, sizeOfElem, comparator);
=>   60:         qSort((char*) arr + (newMiddleInd + 1) * sizeOfElem, size - newMiddleInd - 1, sizeOfElem, comparator);
     61:     }
     62: }

# 7 0x0041EB14 in C:\Users\Иван\Documents\oneginProjectCopy1\main.exe: qSort() at C:/Users/Иван/Documents/oneginProjectCopy1/./sort.cpp:60:

     58:     if(size > 1){
     59:         qSort((char*) arr, newMiddleInd, sizeOfElem, comparator);
=>   60:         qSort((char*) arr + (newMiddleInd + 1) * sizeOfElem, size - newMiddleInd - 1, sizeOfElem, comparator);
     61:     }
     62: }

# 8 0x0041EB14 in C:\Users\Иван\Documents\oneginProjectCopy1\main.exe: qSort() at C:/Users/Иван/Documents/oneginProjectCopy1/./sort.cpp:60:

     58:     if(size > 1){
     59:         qSort((char*) arr, newMiddleInd, sizeOfElem, comparator);
=>   60:         qSort((char*) arr + (newMiddleInd + 1) * sizeOfElem, size - newMiddleInd - 1, sizeOfElem, comparator);
     61:     }
     62: }

# 9 0x0041EB14 in C:\Users\Иван\Documents\oneginProjectCopy1\main.exe: qSort() at C:/Users/Иван/Documents/oneginProjectCopy1/./sort.cpp:60:

     58:     if(size > 1){
     59:         qSort((char*) arr, newMiddleInd, sizeOfElem, comparator);
=>   60:         qSort((char*) arr + (newMiddleInd + 1) * sizeOfElem, size - newMiddleInd - 1, sizeOfElem, comparator);
     61:     }
     62: }

#10 0x0041ECBD in C:\Users\Иван\Documents\oneginProjectCopy1\main.exe: main() at C:/Users/Иван/Documents/oneginProjectCopy1/./main.cpp:56:

     54:     //printf("arr = %c\n", **(arrOfStrPtr + 1));
     55: 
=>   56:     qSort(arrOfStrPtr, numLines, sizeof(arrOfStrPtr[0]), wordsComparatorUp);
     57:     txSetConsoleAttr(FOREGROUND_LIGHTGREEN);
     58:     printLinesInFile(filePtr, arrOfStrPtr, numLines);

--------------------------------------------------
Developed with:

The Dumb Artist Library (TX Library)
TXLib [Ver: 00173a, Rev: 175, Date: 2025-12-31 23:02:50 +0400]
Copyright (C) Ded (Ilya Dedinsky, http://txlib.ru) <mail@txlib.ru>
See license on: http://txlib.ru

TXLib file:	c:\users\иван\downloads\codeblocks\mingw\include\txlib.h
Compiled:	Sep 21 2026 23:12:24, GNU g++ 4.8.1, std=201103L, MinGW Runtime 3.20, 32-bit, Debug
Started:	Sep 21 2026 23:12:26

Run file:	C:\Users\Иван\Documents\oneginProjectCopy1\main.exe
Directory:	C:\Users\Иван\Documents\oneginProjectCopy1

--------------------------------------------------

--------------------------------------------------
TXLib предупреждает:

Программа: C:\Users\Иван\Documents\oneginProjectCopy1\main.exe,

ВНЕЗАПНО: Нарушение доступа к памяти.

#1: Исключение EXCEPTION_ACCESS_VIOLATION (0xC0000005) при выполнении кода по адресу 0x765BE71C в функции strlen(). Попытка прочесть данные по адресу 0xAE5A8F36 в модуле C:\Windows\System32\msvcrt.dll. Спасибо _txUnhandledExceptionFilter(), что сообщил. Люблю его <3

#1: TXLib [Ver: 00173a, Rev: 175, Date: 2025-12-31 23:02:50 +0400], Instance: 0x004F71DC (32-bit), Flags: Cmdre0, Thread: 0x2DAC (Main). 

--------------------------------------------------
Стек вызовов:

# 0 0x765BE71C in C:\Windows\System32\msvcrt.dll: strlen()

# 1 0x0041F1AC in C:\Users\Иван\Documents\oneginProjectCopy1\main.exe: wordsComparatorUp() at C:/Users/Иван/Documents/oneginProjectCopy1/./main.cpp:160:

    158:     char* str1 = *((char**) ptrstr1);
    159:     char* str2 = *((char**) ptrstr2);
=>  160:     char* copy1 = strCopyWithoutPunctuationMarks(str1);
    161:     char* copy2 = strCopyWithoutPunctuationMarks(str2);
    162:     char* copyCopy1 = strCopyWithLowLetters(copy1);

# 2 0x0041E995 in C:\Users\Иван\Documents\oneginProjectCopy1\main.exe: reconfiguration() at C:/Users/Иван/Documents/oneginProjectCopy1/./sort.cpp:21:

     19:         // int comp2 = comparator((char*)arr + right * sizeOfElem, (char*)arr + middleInd * sizeOfElem);
     20:         // printf("comp12 = %d\n", comp2);
=>   21:         while (comparator((char*)arr + left * sizeOfElem, (char*)arr + middleInd * sizeOfElem) <= 0
     22:                                                              && left < right && left < middleInd){
     23:             left++;

# 3 0x0041EAB3 in C:\Users\Иван\Documents\oneginProjectCopy1\main.exe: qSort() at C:/Users/Иван/Documents/oneginProjectCopy1/./sort.cpp:57:

     55: 
     56: void qSort(void* arr, size_t size, size_t sizeOfElem, int (*comparator) (const void* a, const void* b)){
=>   57:     int newMiddleInd  = reconfiguration(arr, size, sizeOfElem, *comparator);
     58:     if(size > 1){
     59:         qSort((char*) arr, newMiddleInd, sizeOfElem, comparator);

# 4 0x0041EB14 in C:\Users\Иван\Documents\oneginProjectCopy1\main.exe: qSort() at C:/Users/Иван/Documents/oneginProjectCopy1/./sort.cpp:60:

     58:     if(size > 1){
     59:         qSort((char*) arr, newMiddleInd, sizeOfElem, comparator);
=>   60:         qSort((char*) arr + (newMiddleInd + 1) * sizeOfElem, size - newMiddleInd - 1, sizeOfElem, comparator);
     61:     }
     62: }

# 5 0x0041EB14 in C:\Users\Иван\Documents\oneginProjectCopy1\main.exe: qSort() at C:/Users/Иван/Documents/oneginProjectCopy1/./sort.cpp:60:

     58:     if(size > 1){
     59:         qSort((char*) arr, newMiddleInd, sizeOfElem, comparator);
=>   60:         qSort((char*) arr + (newMiddleInd + 1) * sizeOfElem, size - newMiddleInd - 1, sizeOfElem, comparator);
     61:     }
     62: }

# 6 0x0041EB14 in C:\Users\Иван\Documents\oneginProjectCopy1\main.exe: qSort() at C:/Users/Иван/Documents/oneginProjectCopy1/./sort.cpp:60:

     58:     if(size > 1){
     59:         qSort((char*) arr, newMiddleInd, sizeOfElem, comparator);
=>   60:         qSort((char*) arr + (newMiddleInd + 1) * sizeOfElem, size - newMiddleInd - 1, sizeOfElem, comparator);
     61:     }
     62: }

# 7 0x0041EB14 in C:\Users\Иван\Documents\oneginProjectCopy1\main.exe: qSort() at C:/Users/Иван/Documents/oneginProjectCopy1/./sort.cpp:60:

     58:     if(size > 1){
     59:         qSort((char*) arr, newMiddleInd, sizeOfElem, comparator);
=>   60:         qSort((char*) arr + (newMiddleInd + 1) * sizeOfElem, size - newMiddleInd - 1, sizeOfElem, comparator);
     61:     }
     62: }

# 8 0x0041EB14 in C:\Users\Иван\Documents\oneginProjectCopy1\main.exe: qSort() at C:/Users/Иван/Documents/oneginProjectCopy1/./sort.cpp:60:

     58:     if(size > 1){
     59:         qSort((char*) arr, newMiddleInd, sizeOfElem, comparator);
=>   60:         qSort((char*) arr + (newMiddleInd + 1) * sizeOfElem, size - newMiddleInd - 1, sizeOfElem, comparator);
     61:     }
     62: }

# 9 0x0041EB14 in C:\Users\Иван\Documents\oneginProjectCopy1\main.exe: qSort() at C:/Users/Иван/Documents/oneginProjectCopy1/./sort.cpp:60:

     58:     if(size > 1){
     59:         qSort((char*) arr, newMiddleInd, sizeOfElem, comparator);
=>   60:         qSort((char*) arr + (newMiddleInd + 1) * sizeOfElem, size - newMiddleInd - 1, sizeOfElem, comparator);
     61:     }
     62: }

#10 0x0041ECBD in C:\Users\Иван\Documents\oneginProjectCopy1\main.exe: main() at C:/Users/Иван/Documents/oneginProjectCopy1/./main.cpp:56:

     54:     //printf("arr = %c\n", **(arrOfStrPtr + 1));
     55: 
=>   56:     qSort(arrOfStrPtr, numLines, sizeof(arrOfStrPtr[0]), wordsComparatorUp);
     57:     txSetConsoleAttr(FOREGROUND_LIGHTGREEN);
     58:     printLinesInFile(filePtr, arrOfStrPtr, numLines);

--------------------------------------------------
Developed with:

The Dumb Artist Library (TX Library)
TXLib [Ver: 00173a, Rev: 175, Date: 2025-12-31 23:02:50 +0400]
Copyright (C) Ded (Ilya Dedinsky, http://txlib.ru) <mail@txlib.ru>
See license on: http://txlib.ru

TXLib file:	c:\users\иван\downloads\codeblocks\mingw\include\txlib.h
Compiled:	Sep 21 2026 23:12:39, GNU g++ 4.8.1, std=201103L, MinGW Runtime 3.20, 32-bit, Debug
Started:	Sep 21 2026 23:12:42

Run file:	C:\Users\Иван\Documents\oneginProjectCopy1\main.exe
Directory:	C:\Users\Иван\Documents\oneginProjectCopy1

--------------------------------------------------

--------------------------------------------------
TXLib соболезнует...

Программа: C:\Users\Иван\Documents\oneginProjectCopy1\main.exe,

ВНЕЗАПНО: signal (11, 0x00): SIGSEGV: Доступ по неверному указателю. Ставьте ассерты! 

Нарушение доступа к памяти.

#1: Исключение EXCEPTION_ACCESS_VIOLATION (0xC0000005) при выполнении кода по адресу 0x765BE71C в функции strlen(). Попытка прочесть данные по адресу 0xAE5A8F36 в модуле C:\Windows\System32\msvcrt.dll. Спасибо _txUnhandledExceptionFilter(), что сообщил. Люблю его <3

С помощью функции signal() вы можете сами обработать эту ошибку.

#2: TXLib [Ver: 00173a, Rev: 175, Date: 2025-12-31 23:02:50 +0400], Instance: 0x004F71DC (32-bit), Flags: Cmdre0, Thread: 0x2DAC (Main). 

--------------------------------------------------
Стек вызовов:

# 0 0x765BE71C in C:\Windows\System32\msvcrt.dll: strlen()

# 1 0x0041F1AC in C:\Users\Иван\Documents\oneginProjectCopy1\main.exe: wordsComparatorUp() at C:/Users/Иван/Documents/oneginProjectCopy1/./main.cpp:160:

    158:     char* str1 = *((char**) ptrstr1);
    159:     char* str2 = *((char**) ptrstr2);
=>  160:     char* copy1 = strCopyWithoutPunctuationMarks(str1);
    161:     char* copy2 = strCopyWithoutPunctuationMarks(str2);
    162:     char* copyCopy1 = strCopyWithLowLetters(copy1);

# 2 0x0041E995 in C:\Users\Иван\Documents\oneginProjectCopy1\main.exe: reconfiguration() at C:/Users/Иван/Documents/oneginProjectCopy1/./sort.cpp:21:

     19:         // int comp2 = comparator((char*)arr + right * sizeOfElem, (char*)arr + middleInd * sizeOfElem);
     20:         // printf("comp12 = %d\n", comp2);
=>   21:         while (comparator((char*)arr + left * sizeOfElem, (char*)arr + middleInd * sizeOfElem) <= 0
     22:                                                              && left < right && left < middleInd){
     23:             left++;

# 3 0x0041EAB3 in C:\Users\Иван\Documents\oneginProjectCopy1\main.exe: qSort() at C:/Users/Иван/Documents/oneginProjectCopy1/./sort.cpp:57:

     55: 
     56: void qSort(void* arr, size_t size, size_t sizeOfElem, int (*comparator) (const void* a, const void* b)){
=>   57:     int newMiddleInd  = reconfiguration(arr, size, sizeOfElem, *comparator);
     58:     if(size > 1){
     59:         qSort((char*) arr, newMiddleInd, sizeOfElem, comparator);

# 4 0x0041EB14 in C:\Users\Иван\Documents\oneginProjectCopy1\main.exe: qSort() at C:/Users/Иван/Documents/oneginProjectCopy1/./sort.cpp:60:

     58:     if(size > 1){
     59:         qSort((char*) arr, newMiddleInd, sizeOfElem, comparator);
=>   60:         qSort((char*) arr + (newMiddleInd + 1) * sizeOfElem, size - newMiddleInd - 1, sizeOfElem, comparator);
     61:     }
     62: }

# 5 0x0041EB14 in C:\Users\Иван\Documents\oneginProjectCopy1\main.exe: qSort() at C:/Users/Иван/Documents/oneginProjectCopy1/./sort.cpp:60:

     58:     if(size > 1){
     59:         qSort((char*) arr, newMiddleInd, sizeOfElem, comparator);
=>   60:         qSort((char*) arr + (newMiddleInd + 1) * sizeOfElem, size - newMiddleInd - 1, sizeOfElem, comparator);
     61:     }
     62: }

# 6 0x0041EB14 in C:\Users\Иван\Documents\oneginProjectCopy1\main.exe: qSort() at C:/Users/Иван/Documents/oneginProjectCopy1/./sort.cpp:60:

     58:     if(size > 1){
     59:         qSort((char*) arr, newMiddleInd, sizeOfElem, comparator);
=>   60:         qSort((char*) arr + (newMiddleInd + 1) * sizeOfElem, size - newMiddleInd - 1, sizeOfElem, comparator);
     61:     }
     62: }

# 7 0x0041EB14 in C:\Users\Иван\Documents\oneginProjectCopy1\main.exe: qSort() at C:/Users/Иван/Documents/oneginProjectCopy1/./sort.cpp:60:

     58:     if(size > 1){
     59:         qSort((char*) arr, newMiddleInd, sizeOfElem, comparator);
=>   60:         qSort((char*) arr + (newMiddleInd + 1) * sizeOfElem, size - newMiddleInd - 1, sizeOfElem, comparator);
     61:     }
     62: }

# 8 0x0041EB14 in C:\Users\Иван\Documents\oneginProjectCopy1\main.exe: qSort() at C:/Users/Иван/Documents/oneginProjectCopy1/./sort.cpp:60:

     58:     if(size > 1){
     59:         qSort((char*) arr, newMiddleInd, sizeOfElem, comparator);
=>   60:         qSort((char*) arr + (newMiddleInd + 1) * sizeOfElem, size - newMiddleInd - 1, sizeOfElem, comparator);
     61:     }
     62: }

# 9 0x0041EB14 in C:\Users\Иван\Documents\oneginProjectCopy1\main.exe: qSort() at C:/Users/Иван/Documents/oneginProjectCopy1/./sort.cpp:60:

     58:     if(size > 1){
     59:         qSort((char*) arr, newMiddleInd, sizeOfElem, comparator);
=>   60:         qSort((char*) arr + (newMiddleInd + 1) * sizeOfElem, size - newMiddleInd - 1, sizeOfElem, comparator);
     61:     }
     62: }

#10 0x0041ECBD in C:\Users\Иван\Documents\oneginProjectCopy1\main.exe: main() at C:/Users/Иван/Documents/oneginProjectCopy1/./main.cpp:56:

     54:     //printf("arr = %c\n", **(arrOfStrPtr + 1));
     55: 
=>   56:     qSort(arrOfStrPtr, numLines, sizeof(arrOfStrPtr[0]), wordsComparatorUp);
     57:     txSetConsoleAttr(FOREGROUND_LIGHTGREEN);
     58:     printLinesInFile(filePtr, arrOfStrPtr, numLines);

--------------------------------------------------
Developed with:

The Dumb Artist Library (TX Library)
TXLib [Ver: 00173a, Rev: 175, Date: 2025-12-31 23:02:50 +0400]
Copyright (C) Ded (Ilya Dedinsky, http://txlib.ru) <mail@txlib.ru>
See license on: http://txlib.ru

TXLib file:	c:\users\иван\downloads\codeblocks\mingw\include\txlib.h
Compiled:	Sep 21 2026 23:12:39, GNU g++ 4.8.1, std=201103L, MinGW Runtime 3.20, 32-bit, Debug
Started:	Sep 21 2026 23:12:42

Run file:	C:\Users\Иван\Documents\oneginProjectCopy1\main.exe
Directory:	C:\Users\Иван\Documents\oneginProjectCopy1

--------------------------------------------------

--------------------------------------------------
TXLib предупреждает:

Программа: C:\Users\Иван\Documents\oneginProjectCopy1\main.exe,

ВНЕЗАПНО: Нарушение доступа к памяти.

#1: Исключение EXCEPTION_ACCESS_VIOLATION (0xC0000005) при выполнении кода по адресу 0x765BE740 в функции strlen(). Попытка прочесть данные по адресу 0x6B5E5458 в модуле C:\Windows\System32\msvcrt.dll. Спасибо _txUnhandledExceptionFilter(), что сообщил. Люблю его <3

#1: TXLib [Ver: 00173a, Rev: 175, Date: 2025-12-31 23:02:50 +0400], Instance: 0x004F71DC (32-bit), Flags: Cmdre0, Thread: 0x205C (Main). 

--------------------------------------------------
Стек вызовов:

# 0 0x765BE740 in C:\Windows\System32\msvcrt.dll: strlen()

# 1 0x0041F1AC in C:\Users\Иван\Documents\oneginProjectCopy1\main.exe: wordsComparatorUp() at C:/Users/Иван/Documents/oneginProjectCopy1/./main.cpp:160:

    158:     char* str1 = *((char**) ptrstr1);
    159:     char* str2 = *((char**) ptrstr2);
=>  160:     char* copy1 = strCopyWithoutPunctuationMarks(str1);
    161:     char* copy2 = strCopyWithoutPunctuationMarks(str2);
    162:     char* copyCopy1 = strCopyWithLowLetters(copy1);

# 2 0x0041E995 in C:\Users\Иван\Documents\oneginProjectCopy1\main.exe: reconfiguration() at C:/Users/Иван/Documents/oneginProjectCopy1/./sort.cpp:21:

     19:         // int comp2 = comparator((char*)arr + right * sizeOfElem, (char*)arr + middleInd * sizeOfElem);
     20:         // printf("comp12 = %d\n", comp2);
=>   21:         while (comparator((char*)arr + left * sizeOfElem, (char*)arr + middleInd * sizeOfElem) <= 0
     22:                                                              && left < right && left < middleInd){
     23:             left++;

# 3 0x0041EAB3 in C:\Users\Иван\Documents\oneginProjectCopy1\main.exe: qSort() at C:/Users/Иван/Documents/oneginProjectCopy1/./sort.cpp:57:

     55: 
     56: void qSort(void* arr, size_t size, size_t sizeOfElem, int (*comparator) (const void* a, const void* b)){
=>   57:     int newMiddleInd  = reconfiguration(arr, size, sizeOfElem, *comparator);
     58:     if(size > 1){
     59:         qSort((char*) arr, newMiddleInd, sizeOfElem, comparator);

# 4 0x0041EB14 in C:\Users\Иван\Documents\oneginProjectCopy1\main.exe: qSort() at C:/Users/Иван/Documents/oneginProjectCopy1/./sort.cpp:60:

     58:     if(size > 1){
     59:         qSort((char*) arr, newMiddleInd, sizeOfElem, comparator);
=>   60:         qSort((char*) arr + (newMiddleInd + 1) * sizeOfElem, size - newMiddleInd - 1, sizeOfElem, comparator);
     61:     }
     62: }

# 5 0x0041EB14 in C:\Users\Иван\Documents\oneginProjectCopy1\main.exe: qSort() at C:/Users/Иван/Documents/oneginProjectCopy1/./sort.cpp:60:

     58:     if(size > 1){
     59:         qSort((char*) arr, newMiddleInd, sizeOfElem, comparator);
=>   60:         qSort((char*) arr + (newMiddleInd + 1) * sizeOfElem, size - newMiddleInd - 1, sizeOfElem, comparator);
     61:     }
     62: }

# 6 0x0041EB14 in C:\Users\Иван\Documents\oneginProjectCopy1\main.exe: qSort() at C:/Users/Иван/Documents/oneginProjectCopy1/./sort.cpp:60:

     58:     if(size > 1){
     59:         qSort((char*) arr, newMiddleInd, sizeOfElem, comparator);
=>   60:         qSort((char*) arr + (newMiddleInd + 1) * sizeOfElem, size - newMiddleInd - 1, sizeOfElem, comparator);
     61:     }
     62: }

# 7 0x0041EB14 in C:\Users\Иван\Documents\oneginProjectCopy1\main.exe: qSort() at C:/Users/Иван/Documents/oneginProjectCopy1/./sort.cpp:60:

     58:     if(size > 1){
     59:         qSort((char*) arr, newMiddleInd, sizeOfElem, comparator);
=>   60:         qSort((char*) arr + (newMiddleInd + 1) * sizeOfElem, size - newMiddleInd - 1, sizeOfElem, comparator);
     61:     }
     62: }

# 8 0x0041EB14 in C:\Users\Иван\Documents\oneginProjectCopy1\main.exe: qSort() at C:/Users/Иван/Documents/oneginProjectCopy1/./sort.cpp:60:

     58:     if(size > 1){
     59:         qSort((char*) arr, newMiddleInd, sizeOfElem, comparator);
=>   60:         qSort((char*) arr + (newMiddleInd + 1) * sizeOfElem, size - newMiddleInd - 1, sizeOfElem, comparator);
     61:     }
     62: }

# 9 0x0041EB14 in C:\Users\Иван\Documents\oneginProjectCopy1\main.exe: qSort() at C:/Users/Иван/Documents/oneginProjectCopy1/./sort.cpp:60:

     58:     if(size > 1){
     59:         qSort((char*) arr, newMiddleInd, sizeOfElem, comparator);
=>   60:         qSort((char*) arr + (newMiddleInd + 1) * sizeOfElem, size - newMiddleInd - 1, sizeOfElem, comparator);
     61:     }
     62: }

#10 0x0041ECBD in C:\Users\Иван\Documents\oneginProjectCopy1\main.exe: main() at C:/Users/Иван/Documents/oneginProjectCopy1/./main.cpp:56:

     54:     //printf("arr = %c\n", **(arrOfStrPtr + 1));
     55: 
=>   56:     qSort(arrOfStrPtr, numLines, sizeof(arrOfStrPtr[0]), wordsComparatorUp);
     57:     txSetConsoleAttr(FOREGROUND_LIGHTGREEN);
     58:     printLinesInFile(filePtr, arrOfStrPtr, numLines);

--------------------------------------------------
Developed with:

The Dumb Artist Library (TX Library)
TXLib [Ver: 00173a, Rev: 175, Date: 2025-12-31 23:02:50 +0400]
Copyright (C) Ded (Ilya Dedinsky, http://txlib.ru) <mail@txlib.ru>
See license on: http://txlib.ru

TXLib file:	c:\users\иван\downloads\codeblocks\mingw\include\txlib.h
Compiled:	Sep 21 2026 23:12:51, GNU g++ 4.8.1, std=201103L, MinGW Runtime 3.20, 32-bit, Debug
Started:	Sep 21 2026 23:12:53

Run file:	C:\Users\Иван\Documents\oneginProjectCopy1\main.exe
Directory:	C:\Users\Иван\Documents\oneginProjectCopy1

--------------------------------------------------

--------------------------------------------------
TXLib соболезнует...

Программа: C:\Users\Иван\Documents\oneginProjectCopy1\main.exe,

ВНЕЗАПНО: signal (11, 0x00): SIGSEGV: Доступ по неверному указателю. Ставьте ассерты! 

Нарушение доступа к памяти.

#1: Исключение EXCEPTION_ACCESS_VIOLATION (0xC0000005) при выполнении кода по адресу 0x765BE740 в функции strlen(). Попытка прочесть данные по адресу 0x6B5E5458 в модуле C:\Windows\System32\msvcrt.dll. Спасибо _txUnhandledExceptionFilter(), что сообщил. Люблю его <3

С помощью функции signal() вы можете сами обработать эту ошибку.

#2: TXLib [Ver: 00173a, Rev: 175, Date: 2025-12-31 23:02:50 +0400], Instance: 0x004F71DC (32-bit), Flags: Cmdre0, Thread: 0x205C (Main). 

--------------------------------------------------
Стек вызовов:

# 0 0x765BE740 in C:\Windows\System32\msvcrt.dll: strlen()

# 1 0x0041F1AC in C:\Users\Иван\Documents\oneginProjectCopy1\main.exe: wordsComparatorUp() at C:/Users/Иван/Documents/oneginProjectCopy1/./main.cpp:160:

    158:     char* str1 = *((char**) ptrstr1);
    159:     char* str2 = *((char**) ptrstr2);
=>  160:     char* copy1 = strCopyWithoutPunctuationMarks(str1);
    161:     char* copy2 = strCopyWithoutPunctuationMarks(str2);
    162:     char* copyCopy1 = strCopyWithLowLetters(copy1);

# 2 0x0041E995 in C:\Users\Иван\Documents\oneginProjectCopy1\main.exe: reconfiguration() at C:/Users/Иван/Documents/oneginProjectCopy1/./sort.cpp:21:

     19:         // int comp2 = comparator((char*)arr + right * sizeOfElem, (char*)arr + middleInd * sizeOfElem);
     20:         // printf("comp12 = %d\n", comp2);
=>   21:         while (comparator((char*)arr + left * sizeOfElem, (char*)arr + middleInd * sizeOfElem) <= 0
     22:                                                              && left < right && left < middleInd){
     23:             left++;

# 3 0x0041EAB3 in C:\Users\Иван\Documents\oneginProjectCopy1\main.exe: qSort() at C:/Users/Иван/Documents/oneginProjectCopy1/./sort.cpp:57:

     55: 
     56: void qSort(void* arr, size_t size, size_t sizeOfElem, int (*comparator) (const void* a, const void* b)){
=>   57:     int newMiddleInd  = reconfiguration(arr, size, sizeOfElem, *comparator);
     58:     if(size > 1){
     59:         qSort((char*) arr, newMiddleInd, sizeOfElem, comparator);

# 4 0x0041EB14 in C:\Users\Иван\Documents\oneginProjectCopy1\main.exe: qSort() at C:/Users/Иван/Documents/oneginProjectCopy1/./sort.cpp:60:

     58:     if(size > 1){
     59:         qSort((char*) arr, newMiddleInd, sizeOfElem, comparator);
=>   60:         qSort((char*) arr + (newMiddleInd + 1) * sizeOfElem, size - newMiddleInd - 1, sizeOfElem, comparator);
     61:     }
     62: }

# 5 0x0041EB14 in C:\Users\Иван\Documents\oneginProjectCopy1\main.exe: qSort() at C:/Users/Иван/Documents/oneginProjectCopy1/./sort.cpp:60:

     58:     if(size > 1){
     59:         qSort((char*) arr, newMiddleInd, sizeOfElem, comparator);
=>   60:         qSort((char*) arr + (newMiddleInd + 1) * sizeOfElem, size - newMiddleInd - 1, sizeOfElem, comparator);
     61:     }
     62: }

# 6 0x0041EB14 in C:\Users\Иван\Documents\oneginProjectCopy1\main.exe: qSort() at C:/Users/Иван/Documents/oneginProjectCopy1/./sort.cpp:60:

     58:     if(size > 1){
     59:         qSort((char*) arr, newMiddleInd, sizeOfElem, comparator);
=>   60:         qSort((char*) arr + (newMiddleInd + 1) * sizeOfElem, size - newMiddleInd - 1, sizeOfElem, comparator);
     61:     }
     62: }

# 7 0x0041EB14 in C:\Users\Иван\Documents\oneginProjectCopy1\main.exe: qSort() at C:/Users/Иван/Documents/oneginProjectCopy1/./sort.cpp:60:

     58:     if(size > 1){
     59:         qSort((char*) arr, newMiddleInd, sizeOfElem, comparator);
=>   60:         qSort((char*) arr + (newMiddleInd + 1) * sizeOfElem, size - newMiddleInd - 1, sizeOfElem, comparator);
     61:     }
     62: }

# 8 0x0041EB14 in C:\Users\Иван\Documents\oneginProjectCopy1\main.exe: qSort() at C:/Users/Иван/Documents/oneginProjectCopy1/./sort.cpp:60:

     58:     if(size > 1){
     59:         qSort((char*) arr, newMiddleInd, sizeOfElem, comparator);
=>   60:         qSort((char*) arr + (newMiddleInd + 1) * sizeOfElem, size - newMiddleInd - 1, sizeOfElem, comparator);
     61:     }
     62: }

# 9 0x0041EB14 in C:\Users\Иван\Documents\oneginProjectCopy1\main.exe: qSort() at C:/Users/Иван/Documents/oneginProjectCopy1/./sort.cpp:60:

     58:     if(size > 1){
     59:         qSort((char*) arr, newMiddleInd, sizeOfElem, comparator);
=>   60:         qSort((char*) arr + (newMiddleInd + 1) * sizeOfElem, size - newMiddleInd - 1, sizeOfElem, comparator);
     61:     }
     62: }

#10 0x0041ECBD in C:\Users\Иван\Documents\oneginProjectCopy1\main.exe: main() at C:/Users/Иван/Documents/oneginProjectCopy1/./main.cpp:56:

     54:     //printf("arr = %c\n", **(arrOfStrPtr + 1));
     55: 
=>   56:     qSort(arrOfStrPtr, numLines, sizeof(arrOfStrPtr[0]), wordsComparatorUp);
     57:     txSetConsoleAttr(FOREGROUND_LIGHTGREEN);
     58:     printLinesInFile(filePtr, arrOfStrPtr, numLines);

--------------------------------------------------
Developed with:

The Dumb Artist Library (TX Library)
TXLib [Ver: 00173a, Rev: 175, Date: 2025-12-31 23:02:50 +0400]
Copyright (C) Ded (Ilya Dedinsky, http://txlib.ru) <mail@txlib.ru>
See license on: http://txlib.ru

TXLib file:	c:\users\иван\downloads\codeblocks\mingw\include\txlib.h
Compiled:	Sep 21 2026 23:12:51, GNU g++ 4.8.1, std=201103L, MinGW Runtime 3.20, 32-bit, Debug
Started:	Sep 21 2026 23:12:53

Run file:	C:\Users\Иван\Documents\oneginProjectCopy1\main.exe
Directory:	C:\Users\Иван\Documents\oneginProjectCopy1

--------------------------------------------------

--------------------------------------------------
TXLib предупреждает:

Программа: C:\Users\Иван\Documents\oneginProjectCopy1\main.exe,

ВНЕЗАПНО: Нарушение доступа к памяти.

#1: Исключение EXCEPTION_ACCESS_VIOLATION (0xC0000005) при выполнении кода по адресу 0x765BE71C в функции strlen(). Попытка прочесть данные по адресу 0xA6DAA806 в модуле C:\Windows\System32\msvcrt.dll. Спасибо _txUnhandledExceptionFilter(), что сообщил. Люблю его <3

#1: TXLib [Ver: 00173a, Rev: 175, Date: 2025-12-31 23:02:50 +0400], Instance: 0x004F71DC (32-bit), Flags: Cmdre0, Thread: 0x52EC (Main). 

--------------------------------------------------
Стек вызовов:

# 0 0x765BE71C in C:\Windows\System32\msvcrt.dll: strlen()

# 1 0x0041F1C8 in C:\Users\Иван\Documents\oneginProjectCopy1\main.exe: wordsComparatorUp() at C:/Users/Иван/Documents/oneginProjectCopy1/./main.cpp:160:

    158:     char* str1 = *((char**) ptrstr1);
    159:     char* str2 = *((char**) ptrstr2);
=>  160:     char* copy1 = strCopyWithoutPunctuationMarks(str1);
    161:     char* copy2 = strCopyWithoutPunctuationMarks(str2);
    162:     char* copyCopy1 = strCopyWithLowLetters(copy1);

# 2 0x0041E995 in C:\Users\Иван\Documents\oneginProjectCopy1\main.exe: reconfiguration() at C:/Users/Иван/Documents/oneginProjectCopy1/./sort.cpp:21:

     19:         // int comp2 = comparator((char*)arr + right * sizeOfElem, (char*)arr + middleInd * sizeOfElem);
     20:         // printf("comp12 = %d\n", comp2);
=>   21:         while (comparator((char*)arr + left * sizeOfElem, (char*)arr + middleInd * sizeOfElem) <= 0
     22:                                                              && left < right && left < middleInd){
     23:             left++;

# 3 0x0041EAB3 in C:\Users\Иван\Documents\oneginProjectCopy1\main.exe: qSort() at C:/Users/Иван/Documents/oneginProjectCopy1/./sort.cpp:57:

     55: 
     56: void qSort(void* arr, size_t size, size_t sizeOfElem, int (*comparator) (const void* a, const void* b)){
=>   57:     int newMiddleInd  = reconfiguration(arr, size, sizeOfElem, *comparator);
     58:     if(size > 1){
     59:         qSort((char*) arr, newMiddleInd, sizeOfElem, comparator);

# 4 0x0041EB14 in C:\Users\Иван\Documents\oneginProjectCopy1\main.exe: qSort() at C:/Users/Иван/Documents/oneginProjectCopy1/./sort.cpp:60:

     58:     if(size > 1){
     59:         qSort((char*) arr, newMiddleInd, sizeOfElem, comparator);
=>   60:         qSort((char*) arr + (newMiddleInd + 1) * sizeOfElem, size - newMiddleInd - 1, sizeOfElem, comparator);
     61:     }
     62: }

# 5 0x0041EB14 in C:\Users\Иван\Documents\oneginProjectCopy1\main.exe: qSort() at C:/Users/Иван/Documents/oneginProjectCopy1/./sort.cpp:60:

     58:     if(size > 1){
     59:         qSort((char*) arr, newMiddleInd, sizeOfElem, comparator);
=>   60:         qSort((char*) arr + (newMiddleInd + 1) * sizeOfElem, size - newMiddleInd - 1, sizeOfElem, comparator);
     61:     }
     62: }

# 6 0x0041EB14 in C:\Users\Иван\Documents\oneginProjectCopy1\main.exe: qSort() at C:/Users/Иван/Documents/oneginProjectCopy1/./sort.cpp:60:

     58:     if(size > 1){
     59:         qSort((char*) arr, newMiddleInd, sizeOfElem, comparator);
=>   60:         qSort((char*) arr + (newMiddleInd + 1) * sizeOfElem, size - newMiddleInd - 1, sizeOfElem, comparator);
     61:     }
     62: }

# 7 0x0041EB14 in C:\Users\Иван\Documents\oneginProjectCopy1\main.exe: qSort() at C:/Users/Иван/Documents/oneginProjectCopy1/./sort.cpp:60:

     58:     if(size > 1){
     59:         qSort((char*) arr, newMiddleInd, sizeOfElem, comparator);
=>   60:         qSort((char*) arr + (newMiddleInd + 1) * sizeOfElem, size - newMiddleInd - 1, sizeOfElem, comparator);
     61:     }
     62: }

# 8 0x0041EB14 in C:\Users\Иван\Documents\oneginProjectCopy1\main.exe: qSort() at C:/Users/Иван/Documents/oneginProjectCopy1/./sort.cpp:60:

     58:     if(size > 1){
     59:         qSort((char*) arr, newMiddleInd, sizeOfElem, comparator);
=>   60:         qSort((char*) arr + (newMiddleInd + 1) * sizeOfElem, size - newMiddleInd - 1, sizeOfElem, comparator);
     61:     }
     62: }

# 9 0x0041EB14 in C:\Users\Иван\Documents\oneginProjectCopy1\main.exe: qSort() at C:/Users/Иван/Documents/oneginProjectCopy1/./sort.cpp:60:

     58:     if(size > 1){
     59:         qSort((char*) arr, newMiddleInd, sizeOfElem, comparator);
=>   60:         qSort((char*) arr + (newMiddleInd + 1) * sizeOfElem, size - newMiddleInd - 1, sizeOfElem, comparator);
     61:     }
     62: }

#10 0x0041ECD9 in C:\Users\Иван\Documents\oneginProjectCopy1\main.exe: main() at C:/Users/Иван/Documents/oneginProjectCopy1/./main.cpp:56:

     54:     //printf("arr = %c\n", **(arrOfStrPtr + 1));
     55: 
=>   56:     qSort(arrOfStrPtr, numLines, sizeof(arrOfStrPtr[0]), wordsComparatorUp);
     57:     txSetConsoleAttr(FOREGROUND_LIGHTGREEN);
     58:     printLinesInFile(filePtr, arrOfStrPtr, numLines);

--------------------------------------------------
Developed with:

The Dumb Artist Library (TX Library)
TXLib [Ver: 00173a, Rev: 175, Date: 2025-12-31 23:02:50 +0400]
Copyright (C) Ded (Ilya Dedinsky, http://txlib.ru) <mail@txlib.ru>
See license on: http://txlib.ru

TXLib file:	c:\users\иван\downloads\codeblocks\mingw\include\txlib.h
Compiled:	Sep 21 2026 23:13:10, GNU g++ 4.8.1, std=201103L, MinGW Runtime 3.20, 32-bit, Debug
Started:	Sep 21 2026 23:13:13

Run file:	C:\Users\Иван\Documents\oneginProjectCopy1\main.exe
Directory:	C:\Users\Иван\Documents\oneginProjectCopy1

--------------------------------------------------

--------------------------------------------------
TXLib соболезнует...

Программа: C:\Users\Иван\Documents\oneginProjectCopy1\main.exe,

ВНЕЗАПНО: signal (11, 0x00): SIGSEGV: Доступ по неверному указателю. Ставьте ассерты! 

Нарушение доступа к памяти.

#1: Исключение EXCEPTION_ACCESS_VIOLATION (0xC0000005) при выполнении кода по адресу 0x765BE71C в функции strlen(). Попытка прочесть данные по адресу 0xA6DAA806 в модуле C:\Windows\System32\msvcrt.dll. Спасибо _txUnhandledExceptionFilter(), что сообщил. Люблю его <3

С помощью функции signal() вы можете сами обработать эту ошибку.

#2: TXLib [Ver: 00173a, Rev: 175, Date: 2025-12-31 23:02:50 +0400], Instance: 0x004F71DC (32-bit), Flags: Cmdre0, Thread: 0x52EC (Main). 

--------------------------------------------------
Стек вызовов:

# 0 0x765BE71C in C:\Windows\System32\msvcrt.dll: strlen()

# 1 0x0041F1C8 in C:\Users\Иван\Documents\oneginProjectCopy1\main.exe: wordsComparatorUp() at C:/Users/Иван/Documents/oneginProjectCopy1/./main.cpp:160:

    158:     char* str1 = *((char**) ptrstr1);
    159:     char* str2 = *((char**) ptrstr2);
=>  160:     char* copy1 = strCopyWithoutPunctuationMarks(str1);
    161:     char* copy2 = strCopyWithoutPunctuationMarks(str2);
    162:     char* copyCopy1 = strCopyWithLowLetters(copy1);

# 2 0x0041E995 in C:\Users\Иван\Documents\oneginProjectCopy1\main.exe: reconfiguration() at C:/Users/Иван/Documents/oneginProjectCopy1/./sort.cpp:21:

     19:         // int comp2 = comparator((char*)arr + right * sizeOfElem, (char*)arr + middleInd * sizeOfElem);
     20:         // printf("comp12 = %d\n", comp2);
=>   21:         while (comparator((char*)arr + left * sizeOfElem, (char*)arr + middleInd * sizeOfElem) <= 0
     22:                                                              && left < right && left < middleInd){
     23:             left++;

# 3 0x0041EAB3 in C:\Users\Иван\Documents\oneginProjectCopy1\main.exe: qSort() at C:/Users/Иван/Documents/oneginProjectCopy1/./sort.cpp:57:

     55: 
     56: void qSort(void* arr, size_t size, size_t sizeOfElem, int (*comparator) (const void* a, const void* b)){
=>   57:     int newMiddleInd  = reconfiguration(arr, size, sizeOfElem, *comparator);
     58:     if(size > 1){
     59:         qSort((char*) arr, newMiddleInd, sizeOfElem, comparator);

# 4 0x0041EB14 in C:\Users\Иван\Documents\oneginProjectCopy1\main.exe: qSort() at C:/Users/Иван/Documents/oneginProjectCopy1/./sort.cpp:60:

     58:     if(size > 1){
     59:         qSort((char*) arr, newMiddleInd, sizeOfElem, comparator);
=>   60:         qSort((char*) arr + (newMiddleInd + 1) * sizeOfElem, size - newMiddleInd - 1, sizeOfElem, comparator);
     61:     }
     62: }

# 5 0x0041EB14 in C:\Users\Иван\Documents\oneginProjectCopy1\main.exe: qSort() at C:/Users/Иван/Documents/oneginProjectCopy1/./sort.cpp:60:

     58:     if(size > 1){
     59:         qSort((char*) arr, newMiddleInd, sizeOfElem, comparator);
=>   60:         qSort((char*) arr + (newMiddleInd + 1) * sizeOfElem, size - newMiddleInd - 1, sizeOfElem, comparator);
     61:     }
     62: }

# 6 0x0041EB14 in C:\Users\Иван\Documents\oneginProjectCopy1\main.exe: qSort() at C:/Users/Иван/Documents/oneginProjectCopy1/./sort.cpp:60:

     58:     if(size > 1){
     59:         qSort((char*) arr, newMiddleInd, sizeOfElem, comparator);
=>   60:         qSort((char*) arr + (newMiddleInd + 1) * sizeOfElem, size - newMiddleInd - 1, sizeOfElem, comparator);
     61:     }
     62: }

# 7 0x0041EB14 in C:\Users\Иван\Documents\oneginProjectCopy1\main.exe: qSort() at C:/Users/Иван/Documents/oneginProjectCopy1/./sort.cpp:60:

     58:     if(size > 1){
     59:         qSort((char*) arr, newMiddleInd, sizeOfElem, comparator);
=>   60:         qSort((char*) arr + (newMiddleInd + 1) * sizeOfElem, size - newMiddleInd - 1, sizeOfElem, comparator);
     61:     }
     62: }

# 8 0x0041EB14 in C:\Users\Иван\Documents\oneginProjectCopy1\main.exe: qSort() at C:/Users/Иван/Documents/oneginProjectCopy1/./sort.cpp:60:

     58:     if(size > 1){
     59:         qSort((char*) arr, newMiddleInd, sizeOfElem, comparator);
=>   60:         qSort((char*) arr + (newMiddleInd + 1) * sizeOfElem, size - newMiddleInd - 1, sizeOfElem, comparator);
     61:     }
     62: }

# 9 0x0041EB14 in C:\Users\Иван\Documents\oneginProjectCopy1\main.exe: qSort() at C:/Users/Иван/Documents/oneginProjectCopy1/./sort.cpp:60:

     58:     if(size > 1){
     59:         qSort((char*) arr, newMiddleInd, sizeOfElem, comparator);
=>   60:         qSort((char*) arr + (newMiddleInd + 1) * sizeOfElem, size - newMiddleInd - 1, sizeOfElem, comparator);
     61:     }
     62: }

#10 0x0041ECD9 in C:\Users\Иван\Documents\oneginProjectCopy1\main.exe: main() at C:/Users/Иван/Documents/oneginProjectCopy1/./main.cpp:56:

     54:     //printf("arr = %c\n", **(arrOfStrPtr + 1));
     55: 
=>   56:     qSort(arrOfStrPtr, numLines, sizeof(arrOfStrPtr[0]), wordsComparatorUp);
     57:     txSetConsoleAttr(FOREGROUND_LIGHTGREEN);
     58:     printLinesInFile(filePtr, arrOfStrPtr, numLines);

--------------------------------------------------
Developed with:

The Dumb Artist Library (TX Library)
TXLib [Ver: 00173a, Rev: 175, Date: 2025-12-31 23:02:50 +0400]
Copyright (C) Ded (Ilya Dedinsky, http://txlib.ru) <mail@txlib.ru>
See license on: http://txlib.ru

TXLib file:	c:\users\иван\downloads\codeblocks\mingw\include\txlib.h
Compiled:	Sep 21 2026 23:13:10, GNU g++ 4.8.1, std=201103L, MinGW Runtime 3.20, 32-bit, Debug
Started:	Sep 21 2026 23:13:13

Run file:	C:\Users\Иван\Documents\oneginProjectCopy1\main.exe
Directory:	C:\Users\Иван\Documents\oneginProjectCopy1

--------------------------------------------------

--------------------------------------------------
TXLib предупреждает:

Программа: C:\Users\Иван\Documents\oneginProjectCopy1\main.exe,

ВНЕЗАПНО: Нарушение доступа к памяти.

#1: Исключение EXCEPTION_ACCESS_VIOLATION (0xC0000005) при выполнении кода по адресу 0x765BE71C в функции strlen(). Попытка прочесть данные по адресу 0x3AF4F537 в модуле C:\Windows\System32\msvcrt.dll. Спасибо _txUnhandledExceptionFilter(), что сообщил. Люблю его <3

#1: TXLib [Ver: 00173a, Rev: 175, Date: 2025-12-31 23:02:50 +0400], Instance: 0x004F71DC (32-bit), Flags: Cmdre0, Thread: 0x480C (Main). 

--------------------------------------------------
Стек вызовов:

# 0 0x765BE71C in C:\Windows\System32\msvcrt.dll: strlen()

# 1 0x0041F1C8 in C:\Users\Иван\Documents\oneginProjectCopy1\main.exe: wordsComparatorUp() at C:/Users/Иван/Documents/oneginProjectCopy1/./main.cpp:160:

    158:     char* str1 = *((char**) ptrstr1);
    159:     char* str2 = *((char**) ptrstr2);
=>  160:     char* copy1 = strCopyWithoutPunctuationMarks(str1);
    161:     char* copy2 = strCopyWithoutPunctuationMarks(str2);
    162:     char* copyCopy1 = strCopyWithLowLetters(copy1);

# 2 0x0041E995 in C:\Users\Иван\Documents\oneginProjectCopy1\main.exe: reconfiguration() at C:/Users/Иван/Documents/oneginProjectCopy1/./sort.cpp:21:

     19:         // int comp2 = comparator((char*)arr + right * sizeOfElem, (char*)arr + middleInd * sizeOfElem);
     20:         // printf("comp12 = %d\n", comp2);
=>   21:         while (comparator((char*)arr + left * sizeOfElem, (char*)arr + middleInd * sizeOfElem) <= 0
     22:                                                              && left < right && left < middleInd){
     23:             left++;

# 3 0x0041EAB3 in C:\Users\Иван\Documents\oneginProjectCopy1\main.exe: qSort() at C:/Users/Иван/Documents/oneginProjectCopy1/./sort.cpp:57:

     55: 
     56: void qSort(void* arr, size_t size, size_t sizeOfElem, int (*comparator) (const void* a, const void* b)){
=>   57:     int newMiddleInd  = reconfiguration(arr, size, sizeOfElem, *comparator);
     58:     if(size > 1){
     59:         qSort((char*) arr, newMiddleInd, sizeOfElem, comparator);

# 4 0x0041EB14 in C:\Users\Иван\Documents\oneginProjectCopy1\main.exe: qSort() at C:/Users/Иван/Documents/oneginProjectCopy1/./sort.cpp:60:

     58:     if(size > 1){
     59:         qSort((char*) arr, newMiddleInd, sizeOfElem, comparator);
=>   60:         qSort((char*) arr + (newMiddleInd + 1) * sizeOfElem, size - newMiddleInd - 1, sizeOfElem, comparator);
     61:     }
     62: }

# 5 0x0041EB14 in C:\Users\Иван\Documents\oneginProjectCopy1\main.exe: qSort() at C:/Users/Иван/Documents/oneginProjectCopy1/./sort.cpp:60:

     58:     if(size > 1){
     59:         qSort((char*) arr, newMiddleInd, sizeOfElem, comparator);
=>   60:         qSort((char*) arr + (newMiddleInd + 1) * sizeOfElem, size - newMiddleInd - 1, sizeOfElem, comparator);
     61:     }
     62: }

# 6 0x0041EB14 in C:\Users\Иван\Documents\oneginProjectCopy1\main.exe: qSort() at C:/Users/Иван/Documents/oneginProjectCopy1/./sort.cpp:60:

     58:     if(size > 1){
     59:         qSort((char*) arr, newMiddleInd, sizeOfElem, comparator);
=>   60:         qSort((char*) arr + (newMiddleInd + 1) * sizeOfElem, size - newMiddleInd - 1, sizeOfElem, comparator);
     61:     }
     62: }

# 7 0x0041EB14 in C:\Users\Иван\Documents\oneginProjectCopy1\main.exe: qSort() at C:/Users/Иван/Documents/oneginProjectCopy1/./sort.cpp:60:

     58:     if(size > 1){
     59:         qSort((char*) arr, newMiddleInd, sizeOfElem, comparator);
=>   60:         qSort((char*) arr + (newMiddleInd + 1) * sizeOfElem, size - newMiddleInd - 1, sizeOfElem, comparator);
     61:     }
     62: }

# 8 0x0041EB14 in C:\Users\Иван\Documents\oneginProjectCopy1\main.exe: qSort() at C:/Users/Иван/Documents/oneginProjectCopy1/./sort.cpp:60:

     58:     if(size > 1){
     59:         qSort((char*) arr, newMiddleInd, sizeOfElem, comparator);
=>   60:         qSort((char*) arr + (newMiddleInd + 1) * sizeOfElem, size - newMiddleInd - 1, sizeOfElem, comparator);
     61:     }
     62: }

# 9 0x0041EB14 in C:\Users\Иван\Documents\oneginProjectCopy1\main.exe: qSort() at C:/Users/Иван/Documents/oneginProjectCopy1/./sort.cpp:60:

     58:     if(size > 1){
     59:         qSort((char*) arr, newMiddleInd, sizeOfElem, comparator);
=>   60:         qSort((char*) arr + (newMiddleInd + 1) * sizeOfElem, size - newMiddleInd - 1, sizeOfElem, comparator);
     61:     }
     62: }

#10 0x0041ECD9 in C:\Users\Иван\Documents\oneginProjectCopy1\main.exe: main() at C:/Users/Иван/Documents/oneginProjectCopy1/./main.cpp:56:

     54:     //printf("arr = %c\n", **(arrOfStrPtr + 1));
     55: 
=>   56:     qSort(arrOfStrPtr, numLines, sizeof(arrOfStrPtr[0]), wordsComparatorUp);
     57:     txSetConsoleAttr(FOREGROUND_LIGHTGREEN);
     58:     printLinesInFile(filePtr, arrOfStrPtr, numLines);

--------------------------------------------------
Developed with:

The Dumb Artist Library (TX Library)
TXLib [Ver: 00173a, Rev: 175, Date: 2025-12-31 23:02:50 +0400]
Copyright (C) Ded (Ilya Dedinsky, http://txlib.ru) <mail@txlib.ru>
See license on: http://txlib.ru

TXLib file:	c:\users\иван\downloads\codeblocks\mingw\include\txlib.h
Compiled:	Sep 21 2026 23:14:09, GNU g++ 4.8.1, std=201103L, MinGW Runtime 3.20, 32-bit, Debug
Started:	Sep 21 2026 23:14:11

Run file:	C:\Users\Иван\Documents\oneginProjectCopy1\main.exe
Directory:	C:\Users\Иван\Documents\oneginProjectCopy1

--------------------------------------------------

--------------------------------------------------
TXLib соболезнует...

Программа: C:\Users\Иван\Documents\oneginProjectCopy1\main.exe,

ВНЕЗАПНО: signal (11, 0x00): SIGSEGV: Доступ по неверному указателю. Ставьте ассерты! 

Нарушение доступа к памяти.

#1: Исключение EXCEPTION_ACCESS_VIOLATION (0xC0000005) при выполнении кода по адресу 0x765BE71C в функции strlen(). Попытка прочесть данные по адресу 0x3AF4F537 в модуле C:\Windows\System32\msvcrt.dll. Спасибо _txUnhandledExceptionFilter(), что сообщил. Люблю его <3

С помощью функции signal() вы можете сами обработать эту ошибку.

#2: TXLib [Ver: 00173a, Rev: 175, Date: 2025-12-31 23:02:50 +0400], Instance: 0x004F71DC (32-bit), Flags: Cmdre0, Thread: 0x480C (Main). 

--------------------------------------------------
Стек вызовов:

# 0 0x765BE71C in C:\Windows\System32\msvcrt.dll: strlen()

# 1 0x0041F1C8 in C:\Users\Иван\Documents\oneginProjectCopy1\main.exe: wordsComparatorUp() at C:/Users/Иван/Documents/oneginProjectCopy1/./main.cpp:160:

    158:     char* str1 = *((char**) ptrstr1);
    159:     char* str2 = *((char**) ptrstr2);
=>  160:     char* copy1 = strCopyWithoutPunctuationMarks(str1);
    161:     char* copy2 = strCopyWithoutPunctuationMarks(str2);
    162:     char* copyCopy1 = strCopyWithLowLetters(copy1);

# 2 0x0041E995 in C:\Users\Иван\Documents\oneginProjectCopy1\main.exe: reconfiguration() at C:/Users/Иван/Documents/oneginProjectCopy1/./sort.cpp:21:

     19:         // int comp2 = comparator((char*)arr + right * sizeOfElem, (char*)arr + middleInd * sizeOfElem);
     20:         // printf("comp12 = %d\n", comp2);
=>   21:         while (comparator((char*)arr + left * sizeOfElem, (char*)arr + middleInd * sizeOfElem) <= 0
     22:                                                              && left < right && left < middleInd){
     23:             left++;

# 3 0x0041EAB3 in C:\Users\Иван\Documents\oneginProjectCopy1\main.exe: qSort() at C:/Users/Иван/Documents/oneginProjectCopy1/./sort.cpp:57:

     55: 
     56: void qSort(void* arr, size_t size, size_t sizeOfElem, int (*comparator) (const void* a, const void* b)){
=>   57:     int newMiddleInd  = reconfiguration(arr, size, sizeOfElem, *comparator);
     58:     if(size > 1){
     59:         qSort((char*) arr, newMiddleInd, sizeOfElem, comparator);

# 4 0x0041EB14 in C:\Users\Иван\Documents\oneginProjectCopy1\main.exe: qSort() at C:/Users/Иван/Documents/oneginProjectCopy1/./sort.cpp:60:

     58:     if(size > 1){
     59:         qSort((char*) arr, newMiddleInd, sizeOfElem, comparator);
=>   60:         qSort((char*) arr + (newMiddleInd + 1) * sizeOfElem, size - newMiddleInd - 1, sizeOfElem, comparator);
     61:     }
     62: }

# 5 0x0041EB14 in C:\Users\Иван\Documents\oneginProjectCopy1\main.exe: qSort() at C:/Users/Иван/Documents/oneginProjectCopy1/./sort.cpp:60:

     58:     if(size > 1){
     59:         qSort((char*) arr, newMiddleInd, sizeOfElem, comparator);
=>   60:         qSort((char*) arr + (newMiddleInd + 1) * sizeOfElem, size - newMiddleInd - 1, sizeOfElem, comparator);
     61:     }
     62: }

# 6 0x0041EB14 in C:\Users\Иван\Documents\oneginProjectCopy1\main.exe: qSort() at C:/Users/Иван/Documents/oneginProjectCopy1/./sort.cpp:60:

     58:     if(size > 1){
     59:         qSort((char*) arr, newMiddleInd, sizeOfElem, comparator);
=>   60:         qSort((char*) arr + (newMiddleInd + 1) * sizeOfElem, size - newMiddleInd - 1, sizeOfElem, comparator);
     61:     }
     62: }

# 7 0x0041EB14 in C:\Users\Иван\Documents\oneginProjectCopy1\main.exe: qSort() at C:/Users/Иван/Documents/oneginProjectCopy1/./sort.cpp:60:

     58:     if(size > 1){
     59:         qSort((char*) arr, newMiddleInd, sizeOfElem, comparator);
=>   60:         qSort((char*) arr + (newMiddleInd + 1) * sizeOfElem, size - newMiddleInd - 1, sizeOfElem, comparator);
     61:     }
     62: }

# 8 0x0041EB14 in C:\Users\Иван\Documents\oneginProjectCopy1\main.exe: qSort() at C:/Users/Иван/Documents/oneginProjectCopy1/./sort.cpp:60:

     58:     if(size > 1){
     59:         qSort((char*) arr, newMiddleInd, sizeOfElem, comparator);
=>   60:         qSort((char*) arr + (newMiddleInd + 1) * sizeOfElem, size - newMiddleInd - 1, sizeOfElem, comparator);
     61:     }
     62: }

# 9 0x0041EB14 in C:\Users\Иван\Documents\oneginProjectCopy1\main.exe: qSort() at C:/Users/Иван/Documents/oneginProjectCopy1/./sort.cpp:60:

     58:     if(size > 1){
     59:         qSort((char*) arr, newMiddleInd, sizeOfElem, comparator);
=>   60:         qSort((char*) arr + (newMiddleInd + 1) * sizeOfElem, size - newMiddleInd - 1, sizeOfElem, comparator);
     61:     }
     62: }

#10 0x0041ECD9 in C:\Users\Иван\Documents\oneginProjectCopy1\main.exe: main() at C:/Users/Иван/Documents/oneginProjectCopy1/./main.cpp:56:

     54:     //printf("arr = %c\n", **(arrOfStrPtr + 1));
     55: 
=>   56:     qSort(arrOfStrPtr, numLines, sizeof(arrOfStrPtr[0]), wordsComparatorUp);
     57:     txSetConsoleAttr(FOREGROUND_LIGHTGREEN);
     58:     printLinesInFile(filePtr, arrOfStrPtr, numLines);

--------------------------------------------------
Developed with:

The Dumb Artist Library (TX Library)
TXLib [Ver: 00173a, Rev: 175, Date: 2025-12-31 23:02:50 +0400]
Copyright (C) Ded (Ilya Dedinsky, http://txlib.ru) <mail@txlib.ru>
See license on: http://txlib.ru

TXLib file:	c:\users\иван\downloads\codeblocks\mingw\include\txlib.h
Compiled:	Sep 21 2026 23:14:09, GNU g++ 4.8.1, std=201103L, MinGW Runtime 3.20, 32-bit, Debug
Started:	Sep 21 2026 23:14:12

Run file:	C:\Users\Иван\Documents\oneginProjectCopy1\main.exe
Directory:	C:\Users\Иван\Documents\oneginProjectCopy1

--------------------------------------------------

--------------------------------------------------
TXLib предупреждает:

Программа: C:\Users\Иван\Documents\oneginProjectCopy1\main.exe,

ВНЕЗАПНО: Нарушение доступа к памяти.

#1: Исключение EXCEPTION_ACCESS_VIOLATION (0xC0000005) при выполнении кода по адресу 0x765BE71C в функции strlen(). Попытка прочесть данные по адресу 0xC7F1FA2D в модуле C:\Windows\System32\msvcrt.dll. Спасибо _txUnhandledExceptionFilter(), что сообщил. Люблю его <3

#1: TXLib [Ver: 00173a, Rev: 175, Date: 2025-12-31 23:02:50 +0400], Instance: 0x004F71DC (32-bit), Flags: Cmdre0, Thread: 0x2008 (Main). 

--------------------------------------------------
Стек вызовов:

# 0 0x765BE71C in C:\Windows\System32\msvcrt.dll: strlen()

# 1 0x0041F1D0 in C:\Users\Иван\Documents\oneginProjectCopy1\main.exe: wordsComparatorUp() at C:/Users/Иван/Documents/oneginProjectCopy1/./main.cpp:162:

    160:     char* str1 = *((char**) ptrstr1);
    161:     char* str2 = *((char**) ptrstr2);
=>  162:     char* copy1 = strCopyWithoutPunctuationMarks(str1);
    163:     char* copy2 = strCopyWithoutPunctuationMarks(str2);
    164:     char* copyCopy1 = strCopyWithLowLetters(copy1);

# 2 0x0041E995 in C:\Users\Иван\Documents\oneginProjectCopy1\main.exe: reconfiguration() at C:/Users/Иван/Documents/oneginProjectCopy1/./sort.cpp:21:

     19:         // int comp2 = comparator((char*)arr + right * sizeOfElem, (char*)arr + middleInd * sizeOfElem);
     20:         // printf("comp12 = %d\n", comp2);
=>   21:         while (comparator((char*)arr + left * sizeOfElem, (char*)arr + middleInd * sizeOfElem) <= 0
     22:                                                              && left < right && left < middleInd){
     23:             left++;

# 3 0x0041EAB3 in C:\Users\Иван\Documents\oneginProjectCopy1\main.exe: qSort() at C:/Users/Иван/Documents/oneginProjectCopy1/./sort.cpp:57:

     55: 
     56: void qSort(void* arr, size_t size, size_t sizeOfElem, int (*comparator) (const void* a, const void* b)){
=>   57:     int newMiddleInd  = reconfiguration(arr, size, sizeOfElem, *comparator);
     58:     if(size > 1){
     59:         qSort((char*) arr, newMiddleInd, sizeOfElem, comparator);

# 4 0x0041EB14 in C:\Users\Иван\Documents\oneginProjectCopy1\main.exe: qSort() at C:/Users/Иван/Documents/oneginProjectCopy1/./sort.cpp:60:

     58:     if(size > 1){
     59:         qSort((char*) arr, newMiddleInd, sizeOfElem, comparator);
=>   60:         qSort((char*) arr + (newMiddleInd + 1) * sizeOfElem, size - newMiddleInd - 1, sizeOfElem, comparator);
     61:     }
     62: }

# 5 0x0041EB14 in C:\Users\Иван\Documents\oneginProjectCopy1\main.exe: qSort() at C:/Users/Иван/Documents/oneginProjectCopy1/./sort.cpp:60:

     58:     if(size > 1){
     59:         qSort((char*) arr, newMiddleInd, sizeOfElem, comparator);
=>   60:         qSort((char*) arr + (newMiddleInd + 1) * sizeOfElem, size - newMiddleInd - 1, sizeOfElem, comparator);
     61:     }
     62: }

# 6 0x0041EB14 in C:\Users\Иван\Documents\oneginProjectCopy1\main.exe: qSort() at C:/Users/Иван/Documents/oneginProjectCopy1/./sort.cpp:60:

     58:     if(size > 1){
     59:         qSort((char*) arr, newMiddleInd, sizeOfElem, comparator);
=>   60:         qSort((char*) arr + (newMiddleInd + 1) * sizeOfElem, size - newMiddleInd - 1, sizeOfElem, comparator);
     61:     }
     62: }

# 7 0x0041EB14 in C:\Users\Иван\Documents\oneginProjectCopy1\main.exe: qSort() at C:/Users/Иван/Documents/oneginProjectCopy1/./sort.cpp:60:

     58:     if(size > 1){
     59:         qSort((char*) arr, newMiddleInd, sizeOfElem, comparator);
=>   60:         qSort((char*) arr + (newMiddleInd + 1) * sizeOfElem, size - newMiddleInd - 1, sizeOfElem, comparator);
     61:     }
     62: }

# 8 0x0041EB14 in C:\Users\Иван\Documents\oneginProjectCopy1\main.exe: qSort() at C:/Users/Иван/Documents/oneginProjectCopy1/./sort.cpp:60:

     58:     if(size > 1){
     59:         qSort((char*) arr, newMiddleInd, sizeOfElem, comparator);
=>   60:         qSort((char*) arr + (newMiddleInd + 1) * sizeOfElem, size - newMiddleInd - 1, sizeOfElem, comparator);
     61:     }
     62: }

# 9 0x0041EB14 in C:\Users\Иван\Documents\oneginProjectCopy1\main.exe: qSort() at C:/Users/Иван/Documents/oneginProjectCopy1/./sort.cpp:60:

     58:     if(size > 1){
     59:         qSort((char*) arr, newMiddleInd, sizeOfElem, comparator);
=>   60:         qSort((char*) arr + (newMiddleInd + 1) * sizeOfElem, size - newMiddleInd - 1, sizeOfElem, comparator);
     61:     }
     62: }

#10 0x0041ECE1 in C:\Users\Иван\Documents\oneginProjectCopy1\main.exe: main() at C:/Users/Иван/Documents/oneginProjectCopy1/./main.cpp:58:

     56:     //printf("arr = %c\n", **(arrOfStrPtr + 1));
     57: 
=>   58:     qSort(arrOfStrPtr, numLines, sizeof(arrOfStrPtr[0]), wordsComparatorUp);
     59:     txSetConsoleAttr(FOREGROUND_LIGHTGREEN);
     60:     printLinesInFile(filePtr, arrOfStrPtr, numLines);

--------------------------------------------------
Developed with:

The Dumb Artist Library (TX Library)
TXLib [Ver: 00173a, Rev: 175, Date: 2025-12-31 23:02:50 +0400]
Copyright (C) Ded (Ilya Dedinsky, http://txlib.ru) <mail@txlib.ru>
See license on: http://txlib.ru

TXLib file:	c:\users\иван\downloads\codeblocks\mingw\include\txlib.h
Compiled:	Sep 21 2026 23:19:05, GNU g++ 4.8.1, std=201103L, MinGW Runtime 3.20, 32-bit, Debug
Started:	Sep 21 2026 23:19:07

Run file:	C:\Users\Иван\Documents\oneginProjectCopy1\main.exe
Directory:	C:\Users\Иван\Documents\oneginProjectCopy1

--------------------------------------------------

--------------------------------------------------
TXLib соболезнует...

Программа: C:\Users\Иван\Documents\oneginProjectCopy1\main.exe,

ВНЕЗАПНО: signal (11, 0x00): SIGSEGV: Доступ по неверному указателю. Ставьте ассерты! 

Нарушение доступа к памяти.

#1: Исключение EXCEPTION_ACCESS_VIOLATION (0xC0000005) при выполнении кода по адресу 0x765BE71C в функции strlen(). Попытка прочесть данные по адресу 0xC7F1FA2D в модуле C:\Windows\System32\msvcrt.dll. Спасибо _txUnhandledExceptionFilter(), что сообщил. Люблю его <3

С помощью функции signal() вы можете сами обработать эту ошибку.

#2: TXLib [Ver: 00173a, Rev: 175, Date: 2025-12-31 23:02:50 +0400], Instance: 0x004F71DC (32-bit), Flags: Cmdre0, Thread: 0x2008 (Main). 

--------------------------------------------------
Стек вызовов:

# 0 0x765BE71C in C:\Windows\System32\msvcrt.dll: strlen()

# 1 0x0041F1D0 in C:\Users\Иван\Documents\oneginProjectCopy1\main.exe: wordsComparatorUp() at C:/Users/Иван/Documents/oneginProjectCopy1/./main.cpp:162:

    160:     char* str1 = *((char**) ptrstr1);
    161:     char* str2 = *((char**) ptrstr2);
=>  162:     char* copy1 = strCopyWithoutPunctuationMarks(str1);
    163:     char* copy2 = strCopyWithoutPunctuationMarks(str2);
    164:     char* copyCopy1 = strCopyWithLowLetters(copy1);

# 2 0x0041E995 in C:\Users\Иван\Documents\oneginProjectCopy1\main.exe: reconfiguration() at C:/Users/Иван/Documents/oneginProjectCopy1/./sort.cpp:21:

     19:         // int comp2 = comparator((char*)arr + right * sizeOfElem, (char*)arr + middleInd * sizeOfElem);
     20:         // printf("comp12 = %d\n", comp2);
=>   21:         while (comparator((char*)arr + left * sizeOfElem, (char*)arr + middleInd * sizeOfElem) <= 0
     22:                                                              && left < right && left < middleInd){
     23:             left++;

# 3 0x0041EAB3 in C:\Users\Иван\Documents\oneginProjectCopy1\main.exe: qSort() at C:/Users/Иван/Documents/oneginProjectCopy1/./sort.cpp:57:

     55: 
     56: void qSort(void* arr, size_t size, size_t sizeOfElem, int (*comparator) (const void* a, const void* b)){
=>   57:     int newMiddleInd  = reconfiguration(arr, size, sizeOfElem, *comparator);
     58:     if(size > 1){
     59:         qSort((char*) arr, newMiddleInd, sizeOfElem, comparator);

# 4 0x0041EB14 in C:\Users\Иван\Documents\oneginProjectCopy1\main.exe: qSort() at C:/Users/Иван/Documents/oneginProjectCopy1/./sort.cpp:60:

     58:     if(size > 1){
     59:         qSort((char*) arr, newMiddleInd, sizeOfElem, comparator);
=>   60:         qSort((char*) arr + (newMiddleInd + 1) * sizeOfElem, size - newMiddleInd - 1, sizeOfElem, comparator);
     61:     }
     62: }

# 5 0x0041EB14 in C:\Users\Иван\Documents\oneginProjectCopy1\main.exe: qSort() at C:/Users/Иван/Documents/oneginProjectCopy1/./sort.cpp:60:

     58:     if(size > 1){
     59:         qSort((char*) arr, newMiddleInd, sizeOfElem, comparator);
=>   60:         qSort((char*) arr + (newMiddleInd + 1) * sizeOfElem, size - newMiddleInd - 1, sizeOfElem, comparator);
     61:     }
     62: }

# 6 0x0041EB14 in C:\Users\Иван\Documents\oneginProjectCopy1\main.exe: qSort() at C:/Users/Иван/Documents/oneginProjectCopy1/./sort.cpp:60:

     58:     if(size > 1){
     59:         qSort((char*) arr, newMiddleInd, sizeOfElem, comparator);
=>   60:         qSort((char*) arr + (newMiddleInd + 1) * sizeOfElem, size - newMiddleInd - 1, sizeOfElem, comparator);
     61:     }
     62: }

# 7 0x0041EB14 in C:\Users\Иван\Documents\oneginProjectCopy1\main.exe: qSort() at C:/Users/Иван/Documents/oneginProjectCopy1/./sort.cpp:60:

     58:     if(size > 1){
     59:         qSort((char*) arr, newMiddleInd, sizeOfElem, comparator);
=>   60:         qSort((char*) arr + (newMiddleInd + 1) * sizeOfElem, size - newMiddleInd - 1, sizeOfElem, comparator);
     61:     }
     62: }

# 8 0x0041EB14 in C:\Users\Иван\Documents\oneginProjectCopy1\main.exe: qSort() at C:/Users/Иван/Documents/oneginProjectCopy1/./sort.cpp:60:

     58:     if(size > 1){
     59:         qSort((char*) arr, newMiddleInd, sizeOfElem, comparator);
=>   60:         qSort((char*) arr + (newMiddleInd + 1) * sizeOfElem, size - newMiddleInd - 1, sizeOfElem, comparator);
     61:     }
     62: }

# 9 0x0041EB14 in C:\Users\Иван\Documents\oneginProjectCopy1\main.exe: qSort() at C:/Users/Иван/Documents/oneginProjectCopy1/./sort.cpp:60:

     58:     if(size > 1){
     59:         qSort((char*) arr, newMiddleInd, sizeOfElem, comparator);
=>   60:         qSort((char*) arr + (newMiddleInd + 1) * sizeOfElem, size - newMiddleInd - 1, sizeOfElem, comparator);
     61:     }
     62: }

#10 0x0041ECE1 in C:\Users\Иван\Documents\oneginProjectCopy1\main.exe: main() at C:/Users/Иван/Documents/oneginProjectCopy1/./main.cpp:58:

     56:     //printf("arr = %c\n", **(arrOfStrPtr + 1));
     57: 
=>   58:     qSort(arrOfStrPtr, numLines, sizeof(arrOfStrPtr[0]), wordsComparatorUp);
     59:     txSetConsoleAttr(FOREGROUND_LIGHTGREEN);
     60:     printLinesInFile(filePtr, arrOfStrPtr, numLines);

--------------------------------------------------
Developed with:

The Dumb Artist Library (TX Library)
TXLib [Ver: 00173a, Rev: 175, Date: 2025-12-31 23:02:50 +0400]
Copyright (C) Ded (Ilya Dedinsky, http://txlib.ru) <mail@txlib.ru>
See license on: http://txlib.ru

TXLib file:	c:\users\иван\downloads\codeblocks\mingw\include\txlib.h
Compiled:	Sep 21 2026 23:19:05, GNU g++ 4.8.1, std=201103L, MinGW Runtime 3.20, 32-bit, Debug
Started:	Sep 21 2026 23:19:07

Run file:	C:\Users\Иван\Documents\oneginProjectCopy1\main.exe
Directory:	C:\Users\Иван\Documents\oneginProjectCopy1

--------------------------------------------------

--------------------------------------------------
TXLib предупреждает:

Программа: C:\Users\Иван\Documents\oneginProjectCopy1\main.exe,

ВНЕЗАПНО: Нарушение доступа к памяти.

#1: Исключение EXCEPTION_ACCESS_VIOLATION (0xC0000005) при выполнении кода по адресу 0x765BE740 в функции strlen(). Попытка прочесть данные по адресу 0x531420CC в модуле C:\Windows\System32\msvcrt.dll. Спасибо _txUnhandledExceptionFilter(), что сообщил. Люблю его <3

#1: TXLib [Ver: 00173a, Rev: 175, Date: 2025-12-31 23:02:50 +0400], Instance: 0x004F71DC (32-bit), Flags: Cmdre0, Thread: 0x18F8 (Main). 

--------------------------------------------------
Стек вызовов:

# 0 0x765BE740 in C:\Windows\System32\msvcrt.dll: strlen()

# 1 0x0041F198 in C:\Users\Иван\Documents\oneginProjectCopy1\main.exe: wordsComparatorUp() at C:/Users/Иван/Documents/oneginProjectCopy1/./main.cpp:162:

    160:     char* str1 = *((char**) ptrstr1);
    161:     char* str2 = *((char**) ptrstr2);
=>  162:     char* copy1 = strCopyWithoutPunctuationMarks(str1);
    163:     char* copy2 = strCopyWithoutPunctuationMarks(str2);
    164:     char* copyCopy1 = strCopyWithLowLetters(copy1);

# 2 0x0041E995 in C:\Users\Иван\Documents\oneginProjectCopy1\main.exe: reconfiguration() at C:/Users/Иван/Documents/oneginProjectCopy1/./sort.cpp:21:

     19:         // int comp2 = comparator((char*)arr + right * sizeOfElem, (char*)arr + middleInd * sizeOfElem);
     20:         // printf("comp12 = %d\n", comp2);
=>   21:         while (comparator((char*)arr + left * sizeOfElem, (char*)arr + middleInd * sizeOfElem) <= 0
     22:                                                              && left < right && left < middleInd){
     23:             left++;

# 3 0x0041EAB3 in C:\Users\Иван\Documents\oneginProjectCopy1\main.exe: qSort() at C:/Users/Иван/Documents/oneginProjectCopy1/./sort.cpp:57:

     55: 
     56: void qSort(void* arr, size_t size, size_t sizeOfElem, int (*comparator) (const void* a, const void* b)){
=>   57:     int newMiddleInd  = reconfiguration(arr, size, sizeOfElem, *comparator);
     58:     if(size > 1){
     59:         qSort((char*) arr, newMiddleInd, sizeOfElem, comparator);

# 4 0x0041EB14 in C:\Users\Иван\Documents\oneginProjectCopy1\main.exe: qSort() at C:/Users/Иван/Documents/oneginProjectCopy1/./sort.cpp:60:

     58:     if(size > 1){
     59:         qSort((char*) arr, newMiddleInd, sizeOfElem, comparator);
=>   60:         qSort((char*) arr + (newMiddleInd + 1) * sizeOfElem, size - newMiddleInd - 1, sizeOfElem, comparator);
     61:     }
     62: }

# 5 0x0041EB14 in C:\Users\Иван\Documents\oneginProjectCopy1\main.exe: qSort() at C:/Users/Иван/Documents/oneginProjectCopy1/./sort.cpp:60:

     58:     if(size > 1){
     59:         qSort((char*) arr, newMiddleInd, sizeOfElem, comparator);
=>   60:         qSort((char*) arr + (newMiddleInd + 1) * sizeOfElem, size - newMiddleInd - 1, sizeOfElem, comparator);
     61:     }
     62: }

# 6 0x0041EB14 in C:\Users\Иван\Documents\oneginProjectCopy1\main.exe: qSort() at C:/Users/Иван/Documents/oneginProjectCopy1/./sort.cpp:60:

     58:     if(size > 1){
     59:         qSort((char*) arr, newMiddleInd, sizeOfElem, comparator);
=>   60:         qSort((char*) arr + (newMiddleInd + 1) * sizeOfElem, size - newMiddleInd - 1, sizeOfElem, comparator);
     61:     }
     62: }

# 7 0x0041EB14 in C:\Users\Иван\Documents\oneginProjectCopy1\main.exe: qSort() at C:/Users/Иван/Documents/oneginProjectCopy1/./sort.cpp:60:

     58:     if(size > 1){
     59:         qSort((char*) arr, newMiddleInd, sizeOfElem, comparator);
=>   60:         qSort((char*) arr + (newMiddleInd + 1) * sizeOfElem, size - newMiddleInd - 1, sizeOfElem, comparator);
     61:     }
     62: }

# 8 0x0041EB14 in C:\Users\Иван\Documents\oneginProjectCopy1\main.exe: qSort() at C:/Users/Иван/Documents/oneginProjectCopy1/./sort.cpp:60:

     58:     if(size > 1){
     59:         qSort((char*) arr, newMiddleInd, sizeOfElem, comparator);
=>   60:         qSort((char*) arr + (newMiddleInd + 1) * sizeOfElem, size - newMiddleInd - 1, sizeOfElem, comparator);
     61:     }
     62: }

# 9 0x0041EB14 in C:\Users\Иван\Documents\oneginProjectCopy1\main.exe: qSort() at C:/Users/Иван/Documents/oneginProjectCopy1/./sort.cpp:60:

     58:     if(size > 1){
     59:         qSort((char*) arr, newMiddleInd, sizeOfElem, comparator);
=>   60:         qSort((char*) arr + (newMiddleInd + 1) * sizeOfElem, size - newMiddleInd - 1, sizeOfElem, comparator);
     61:     }
     62: }

#10 0x0041ECC5 in C:\Users\Иван\Documents\oneginProjectCopy1\main.exe: main() at C:/Users/Иван/Documents/oneginProjectCopy1/./main.cpp:58:

     56:     //printf("arr = %c\n", **(arrOfStrPtr + 1));
     57: 
=>   58:     qSort(arrOfStrPtr, numLines, sizeof(arrOfStrPtr[0]), wordsComparatorUp);
     59:     txSetConsoleAttr(FOREGROUND_LIGHTGREEN);
     60:     //printLinesInFile(filePtr, arrOfStrPtr, numLines);

--------------------------------------------------
Developed with:

The Dumb Artist Library (TX Library)
TXLib [Ver: 00173a, Rev: 175, Date: 2025-12-31 23:02:50 +0400]
Copyright (C) Ded (Ilya Dedinsky, http://txlib.ru) <mail@txlib.ru>
See license on: http://txlib.ru

TXLib file:	c:\users\иван\downloads\codeblocks\mingw\include\txlib.h
Compiled:	Sep 21 2026 23:38:15, GNU g++ 4.8.1, std=201103L, MinGW Runtime 3.20, 32-bit, Debug
Started:	Sep 21 2026 23:38:18

Run file:	C:\Users\Иван\Documents\oneginProjectCopy1\main.exe
Directory:	C:\Users\Иван\Documents\oneginProjectCopy1

--------------------------------------------------

--------------------------------------------------
TXLib соболезнует...

Программа: C:\Users\Иван\Documents\oneginProjectCopy1\main.exe,

ВНЕЗАПНО: signal (11, 0x00): SIGSEGV: Доступ по неверному указателю. Ставьте ассерты! 

Нарушение доступа к памяти.

#1: Исключение EXCEPTION_ACCESS_VIOLATION (0xC0000005) при выполнении кода по адресу 0x765BE740 в функции strlen(). Попытка прочесть данные по адресу 0x531420CC в модуле C:\Windows\System32\msvcrt.dll. Спасибо _txUnhandledExceptionFilter(), что сообщил. Люблю его <3

С помощью функции signal() вы можете сами обработать эту ошибку.

#2: TXLib [Ver: 00173a, Rev: 175, Date: 2025-12-31 23:02:50 +0400], Instance: 0x004F71DC (32-bit), Flags: Cmdre0, Thread: 0x18F8 (Main). 

--------------------------------------------------
Стек вызовов:

# 0 0x765BE740 in C:\Windows\System32\msvcrt.dll: strlen()

# 1 0x0041F198 in C:\Users\Иван\Documents\oneginProjectCopy1\main.exe: wordsComparatorUp() at C:/Users/Иван/Documents/oneginProjectCopy1/./main.cpp:162:

    160:     char* str1 = *((char**) ptrstr1);
    161:     char* str2 = *((char**) ptrstr2);
=>  162:     char* copy1 = strCopyWithoutPunctuationMarks(str1);
    163:     char* copy2 = strCopyWithoutPunctuationMarks(str2);
    164:     char* copyCopy1 = strCopyWithLowLetters(copy1);

# 2 0x0041E995 in C:\Users\Иван\Documents\oneginProjectCopy1\main.exe: reconfiguration() at C:/Users/Иван/Documents/oneginProjectCopy1/./sort.cpp:21:

     19:         // int comp2 = comparator((char*)arr + right * sizeOfElem, (char*)arr + middleInd * sizeOfElem);
     20:         // printf("comp12 = %d\n", comp2);
=>   21:         while (comparator((char*)arr + left * sizeOfElem, (char*)arr + middleInd * sizeOfElem) <= 0
     22:                                                              && left < right && left < middleInd){
     23:             left++;

# 3 0x0041EAB3 in C:\Users\Иван\Documents\oneginProjectCopy1\main.exe: qSort() at C:/Users/Иван/Documents/oneginProjectCopy1/./sort.cpp:57:

     55: 
     56: void qSort(void* arr, size_t size, size_t sizeOfElem, int (*comparator) (const void* a, const void* b)){
=>   57:     int newMiddleInd  = reconfiguration(arr, size, sizeOfElem, *comparator);
     58:     if(size > 1){
     59:         qSort((char*) arr, newMiddleInd, sizeOfElem, comparator);

# 4 0x0041EB14 in C:\Users\Иван\Documents\oneginProjectCopy1\main.exe: qSort() at C:/Users/Иван/Documents/oneginProjectCopy1/./sort.cpp:60:

     58:     if(size > 1){
     59:         qSort((char*) arr, newMiddleInd, sizeOfElem, comparator);
=>   60:         qSort((char*) arr + (newMiddleInd + 1) * sizeOfElem, size - newMiddleInd - 1, sizeOfElem, comparator);
     61:     }
     62: }

# 5 0x0041EB14 in C:\Users\Иван\Documents\oneginProjectCopy1\main.exe: qSort() at C:/Users/Иван/Documents/oneginProjectCopy1/./sort.cpp:60:

     58:     if(size > 1){
     59:         qSort((char*) arr, newMiddleInd, sizeOfElem, comparator);
=>   60:         qSort((char*) arr + (newMiddleInd + 1) * sizeOfElem, size - newMiddleInd - 1, sizeOfElem, comparator);
     61:     }
     62: }

# 6 0x0041EB14 in C:\Users\Иван\Documents\oneginProjectCopy1\main.exe: qSort() at C:/Users/Иван/Documents/oneginProjectCopy1/./sort.cpp:60:

     58:     if(size > 1){
     59:         qSort((char*) arr, newMiddleInd, sizeOfElem, comparator);
=>   60:         qSort((char*) arr + (newMiddleInd + 1) * sizeOfElem, size - newMiddleInd - 1, sizeOfElem, comparator);
     61:     }
     62: }

# 7 0x0041EB14 in C:\Users\Иван\Documents\oneginProjectCopy1\main.exe: qSort() at C:/Users/Иван/Documents/oneginProjectCopy1/./sort.cpp:60:

     58:     if(size > 1){
     59:         qSort((char*) arr, newMiddleInd, sizeOfElem, comparator);
=>   60:         qSort((char*) arr + (newMiddleInd + 1) * sizeOfElem, size - newMiddleInd - 1, sizeOfElem, comparator);
     61:     }
     62: }

# 8 0x0041EB14 in C:\Users\Иван\Documents\oneginProjectCopy1\main.exe: qSort() at C:/Users/Иван/Documents/oneginProjectCopy1/./sort.cpp:60:

     58:     if(size > 1){
     59:         qSort((char*) arr, newMiddleInd, sizeOfElem, comparator);
=>   60:         qSort((char*) arr + (newMiddleInd + 1) * sizeOfElem, size - newMiddleInd - 1, sizeOfElem, comparator);
     61:     }
     62: }

# 9 0x0041EB14 in C:\Users\Иван\Documents\oneginProjectCopy1\main.exe: qSort() at C:/Users/Иван/Documents/oneginProjectCopy1/./sort.cpp:60:

     58:     if(size > 1){
     59:         qSort((char*) arr, newMiddleInd, sizeOfElem, comparator);
=>   60:         qSort((char*) arr + (newMiddleInd + 1) * sizeOfElem, size - newMiddleInd - 1, sizeOfElem, comparator);
     61:     }
     62: }

#10 0x0041ECC5 in C:\Users\Иван\Documents\oneginProjectCopy1\main.exe: main() at C:/Users/Иван/Documents/oneginProjectCopy1/./main.cpp:58:

     56:     //printf("arr = %c\n", **(arrOfStrPtr + 1));
     57: 
=>   58:     qSort(arrOfStrPtr, numLines, sizeof(arrOfStrPtr[0]), wordsComparatorUp);
     59:     txSetConsoleAttr(FOREGROUND_LIGHTGREEN);
     60:     //printLinesInFile(filePtr, arrOfStrPtr, numLines);

--------------------------------------------------
Developed with:

The Dumb Artist Library (TX Library)
TXLib [Ver: 00173a, Rev: 175, Date: 2025-12-31 23:02:50 +0400]
Copyright (C) Ded (Ilya Dedinsky, http://txlib.ru) <mail@txlib.ru>
See license on: http://txlib.ru

TXLib file:	c:\users\иван\downloads\codeblocks\mingw\include\txlib.h
Compiled:	Sep 21 2026 23:38:15, GNU g++ 4.8.1, std=201103L, MinGW Runtime 3.20, 32-bit, Debug
Started:	Sep 21 2026 23:38:18

Run file:	C:\Users\Иван\Documents\oneginProjectCopy1\main.exe
Directory:	C:\Users\Иван\Documents\oneginProjectCopy1

--------------------------------------------------

--------------------------------------------------
TXLib предупреждает:

Программа: C:\Users\Иван\Documents\oneginProjectCopy1\main.exe,

ВНЕЗАПНО: Нарушение доступа к памяти.

#1: Исключение EXCEPTION_ACCESS_VIOLATION (0xC0000005) при выполнении кода по адресу 0x765BE71C в функции strlen(). Попытка прочесть данные по адресу 0x241E282A в модуле C:\Windows\System32\msvcrt.dll. Спасибо _txUnhandledExceptionFilter(), что сообщил. Люблю его <3

#1: TXLib [Ver: 00173a, Rev: 175, Date: 2025-12-31 23:02:50 +0400], Instance: 0x004F71DC (32-bit), Flags: Cmdre0, Thread: 0x382C (Main). 

--------------------------------------------------
Стек вызовов:

# 0 0x765BE71C in C:\Windows\System32\msvcrt.dll: strlen()

# 1 0x0041F198 in C:\Users\Иван\Documents\oneginProjectCopy1\main.exe: wordsComparatorUp() at C:/Users/Иван/Documents/oneginProjectCopy1/./main.cpp:162:

    160:     char* str1 = *((char**) ptrstr1);
    161:     char* str2 = *((char**) ptrstr2);
=>  162:     char* copy1 = strCopyWithoutPunctuationMarks(str1);
    163:     char* copy2 = strCopyWithoutPunctuationMarks(str2);
    164:     char* copyCopy1 = strCopyWithLowLetters(copy1);

# 2 0x0041E995 in C:\Users\Иван\Documents\oneginProjectCopy1\main.exe: reconfiguration() at C:/Users/Иван/Documents/oneginProjectCopy1/./sort.cpp:21:

     19:         // int comp2 = comparator((char*)arr + right * sizeOfElem, (char*)arr + middleInd * sizeOfElem);
     20:         // printf("comp12 = %d\n", comp2);
=>   21:         while (comparator((char*)arr + left * sizeOfElem, (char*)arr + middleInd * sizeOfElem) <= 0
     22:                                                              && left < right && left < middleInd){
     23:             left++;

# 3 0x0041EAB3 in C:\Users\Иван\Documents\oneginProjectCopy1\main.exe: qSort() at C:/Users/Иван/Documents/oneginProjectCopy1/./sort.cpp:57:

     55: 
     56: void qSort(void* arr, size_t size, size_t sizeOfElem, int (*comparator) (const void* a, const void* b)){
=>   57:     unsigned int newMiddleInd  = reconfiguration(arr, size, sizeOfElem, *comparator);
     58:     if(size > 1){
     59:         qSort((char*) arr, newMiddleInd, sizeOfElem, comparator);

# 4 0x0041EB14 in C:\Users\Иван\Documents\oneginProjectCopy1\main.exe: qSort() at C:/Users/Иван/Documents/oneginProjectCopy1/./sort.cpp:60:

     58:     if(size > 1){
     59:         qSort((char*) arr, newMiddleInd, sizeOfElem, comparator);
=>   60:         qSort((char*) arr + (newMiddleInd + 1) * sizeOfElem, size - newMiddleInd - 1, sizeOfElem, comparator);
     61:     }
     62: }

# 5 0x0041EB14 in C:\Users\Иван\Documents\oneginProjectCopy1\main.exe: qSort() at C:/Users/Иван/Documents/oneginProjectCopy1/./sort.cpp:60:

     58:     if(size > 1){
     59:         qSort((char*) arr, newMiddleInd, sizeOfElem, comparator);
=>   60:         qSort((char*) arr + (newMiddleInd + 1) * sizeOfElem, size - newMiddleInd - 1, sizeOfElem, comparator);
     61:     }
     62: }

# 6 0x0041EB14 in C:\Users\Иван\Documents\oneginProjectCopy1\main.exe: qSort() at C:/Users/Иван/Documents/oneginProjectCopy1/./sort.cpp:60:

     58:     if(size > 1){
     59:         qSort((char*) arr, newMiddleInd, sizeOfElem, comparator);
=>   60:         qSort((char*) arr + (newMiddleInd + 1) * sizeOfElem, size - newMiddleInd - 1, sizeOfElem, comparator);
     61:     }
     62: }

# 7 0x0041EB14 in C:\Users\Иван\Documents\oneginProjectCopy1\main.exe: qSort() at C:/Users/Иван/Documents/oneginProjectCopy1/./sort.cpp:60:

     58:     if(size > 1){
     59:         qSort((char*) arr, newMiddleInd, sizeOfElem, comparator);
=>   60:         qSort((char*) arr + (newMiddleInd + 1) * sizeOfElem, size - newMiddleInd - 1, sizeOfElem, comparator);
     61:     }
     62: }

# 8 0x0041EB14 in C:\Users\Иван\Documents\oneginProjectCopy1\main.exe: qSort() at C:/Users/Иван/Documents/oneginProjectCopy1/./sort.cpp:60:

     58:     if(size > 1){
     59:         qSort((char*) arr, newMiddleInd, sizeOfElem, comparator);
=>   60:         qSort((char*) arr + (newMiddleInd + 1) * sizeOfElem, size - newMiddleInd - 1, sizeOfElem, comparator);
     61:     }
     62: }

# 9 0x0041EB14 in C:\Users\Иван\Documents\oneginProjectCopy1\main.exe: qSort() at C:/Users/Иван/Documents/oneginProjectCopy1/./sort.cpp:60:

     58:     if(size > 1){
     59:         qSort((char*) arr, newMiddleInd, sizeOfElem, comparator);
=>   60:         qSort((char*) arr + (newMiddleInd + 1) * sizeOfElem, size - newMiddleInd - 1, sizeOfElem, comparator);
     61:     }
     62: }

#10 0x0041ECC5 in C:\Users\Иван\Documents\oneginProjectCopy1\main.exe: main() at C:/Users/Иван/Documents/oneginProjectCopy1/./main.cpp:58:

     56:     //printf("arr = %c\n", **(arrOfStrPtr + 1));
     57: 
=>   58:     qSort(arrOfStrPtr, numLines, sizeof(arrOfStrPtr[0]), wordsComparatorUp);
     59:     txSetConsoleAttr(FOREGROUND_LIGHTGREEN);
     60:     //printLinesInFile(filePtr, arrOfStrPtr, numLines);

--------------------------------------------------
Developed with:

The Dumb Artist Library (TX Library)
TXLib [Ver: 00173a, Rev: 175, Date: 2025-12-31 23:02:50 +0400]
Copyright (C) Ded (Ilya Dedinsky, http://txlib.ru) <mail@txlib.ru>
See license on: http://txlib.ru

TXLib file:	c:\users\иван\downloads\codeblocks\mingw\include\txlib.h
Compiled:	Sep 21 2026 23:40:30, GNU g++ 4.8.1, std=201103L, MinGW Runtime 3.20, 32-bit, Debug
Started:	Sep 21 2026 23:40:32

Run file:	C:\Users\Иван\Documents\oneginProjectCopy1\main.exe
Directory:	C:\Users\Иван\Documents\oneginProjectCopy1

--------------------------------------------------

--------------------------------------------------
TXLib соболезнует...

Программа: C:\Users\Иван\Documents\oneginProjectCopy1\main.exe,

ВНЕЗАПНО: signal (11, 0x00): SIGSEGV: Доступ по неверному указателю. Ставьте ассерты! 

Нарушение доступа к памяти.

#1: Исключение EXCEPTION_ACCESS_VIOLATION (0xC0000005) при выполнении кода по адресу 0x765BE71C в функции strlen(). Попытка прочесть данные по адресу 0x241E282A в модуле C:\Windows\System32\msvcrt.dll. Спасибо _txUnhandledExceptionFilter(), что сообщил. Люблю его <3

С помощью функции signal() вы можете сами обработать эту ошибку.

#2: TXLib [Ver: 00173a, Rev: 175, Date: 2025-12-31 23:02:50 +0400], Instance: 0x004F71DC (32-bit), Flags: Cmdre0, Thread: 0x382C (Main). 

--------------------------------------------------
Стек вызовов:

# 0 0x765BE71C in C:\Windows\System32\msvcrt.dll: strlen()

# 1 0x0041F198 in C:\Users\Иван\Documents\oneginProjectCopy1\main.exe: wordsComparatorUp() at C:/Users/Иван/Documents/oneginProjectCopy1/./main.cpp:162:

    160:     char* str1 = *((char**) ptrstr1);
    161:     char* str2 = *((char**) ptrstr2);
=>  162:     char* copy1 = strCopyWithoutPunctuationMarks(str1);
    163:     char* copy2 = strCopyWithoutPunctuationMarks(str2);
    164:     char* copyCopy1 = strCopyWithLowLetters(copy1);

# 2 0x0041E995 in C:\Users\Иван\Documents\oneginProjectCopy1\main.exe: reconfiguration() at C:/Users/Иван/Documents/oneginProjectCopy1/./sort.cpp:21:

     19:         // int comp2 = comparator((char*)arr + right * sizeOfElem, (char*)arr + middleInd * sizeOfElem);
     20:         // printf("comp12 = %d\n", comp2);
=>   21:         while (comparator((char*)arr + left * sizeOfElem, (char*)arr + middleInd * sizeOfElem) <= 0
     22:                                                              && left < right && left < middleInd){
     23:             left++;

# 3 0x0041EAB3 in C:\Users\Иван\Documents\oneginProjectCopy1\main.exe: qSort() at C:/Users/Иван/Documents/oneginProjectCopy1/./sort.cpp:57:

     55: 
     56: void qSort(void* arr, size_t size, size_t sizeOfElem, int (*comparator) (const void* a, const void* b)){
=>   57:     unsigned int newMiddleInd  = reconfiguration(arr, size, sizeOfElem, *comparator);
     58:     if(size > 1){
     59:         qSort((char*) arr, newMiddleInd, sizeOfElem, comparator);

# 4 0x0041EB14 in C:\Users\Иван\Documents\oneginProjectCopy1\main.exe: qSort() at C:/Users/Иван/Documents/oneginProjectCopy1/./sort.cpp:60:

     58:     if(size > 1){
     59:         qSort((char*) arr, newMiddleInd, sizeOfElem, comparator);
=>   60:         qSort((char*) arr + (newMiddleInd + 1) * sizeOfElem, size - newMiddleInd - 1, sizeOfElem, comparator);
     61:     }
     62: }

# 5 0x0041EB14 in C:\Users\Иван\Documents\oneginProjectCopy1\main.exe: qSort() at C:/Users/Иван/Documents/oneginProjectCopy1/./sort.cpp:60:

     58:     if(size > 1){
     59:         qSort((char*) arr, newMiddleInd, sizeOfElem, comparator);
=>   60:         qSort((char*) arr + (newMiddleInd + 1) * sizeOfElem, size - newMiddleInd - 1, sizeOfElem, comparator);
     61:     }
     62: }

# 6 0x0041EB14 in C:\Users\Иван\Documents\oneginProjectCopy1\main.exe: qSort() at C:/Users/Иван/Documents/oneginProjectCopy1/./sort.cpp:60:

     58:     if(size > 1){
     59:         qSort((char*) arr, newMiddleInd, sizeOfElem, comparator);
=>   60:         qSort((char*) arr + (newMiddleInd + 1) * sizeOfElem, size - newMiddleInd - 1, sizeOfElem, comparator);
     61:     }
     62: }

# 7 0x0041EB14 in C:\Users\Иван\Documents\oneginProjectCopy1\main.exe: qSort() at C:/Users/Иван/Documents/oneginProjectCopy1/./sort.cpp:60:

     58:     if(size > 1){
     59:         qSort((char*) arr, newMiddleInd, sizeOfElem, comparator);
=>   60:         qSort((char*) arr + (newMiddleInd + 1) * sizeOfElem, size - newMiddleInd - 1, sizeOfElem, comparator);
     61:     }
     62: }

# 8 0x0041EB14 in C:\Users\Иван\Documents\oneginProjectCopy1\main.exe: qSort() at C:/Users/Иван/Documents/oneginProjectCopy1/./sort.cpp:60:

     58:     if(size > 1){
     59:         qSort((char*) arr, newMiddleInd, sizeOfElem, comparator);
=>   60:         qSort((char*) arr + (newMiddleInd + 1) * sizeOfElem, size - newMiddleInd - 1, sizeOfElem, comparator);
     61:     }
     62: }

# 9 0x0041EB14 in C:\Users\Иван\Documents\oneginProjectCopy1\main.exe: qSort() at C:/Users/Иван/Documents/oneginProjectCopy1/./sort.cpp:60:

     58:     if(size > 1){
     59:         qSort((char*) arr, newMiddleInd, sizeOfElem, comparator);
=>   60:         qSort((char*) arr + (newMiddleInd + 1) * sizeOfElem, size - newMiddleInd - 1, sizeOfElem, comparator);
     61:     }
     62: }

#10 0x0041ECC5 in C:\Users\Иван\Documents\oneginProjectCopy1\main.exe: main() at C:/Users/Иван/Documents/oneginProjectCopy1/./main.cpp:58:

     56:     //printf("arr = %c\n", **(arrOfStrPtr + 1));
     57: 
=>   58:     qSort(arrOfStrPtr, numLines, sizeof(arrOfStrPtr[0]), wordsComparatorUp);
     59:     txSetConsoleAttr(FOREGROUND_LIGHTGREEN);
     60:     //printLinesInFile(filePtr, arrOfStrPtr, numLines);

--------------------------------------------------
Developed with:

The Dumb Artist Library (TX Library)
TXLib [Ver: 00173a, Rev: 175, Date: 2025-12-31 23:02:50 +0400]
Copyright (C) Ded (Ilya Dedinsky, http://txlib.ru) <mail@txlib.ru>
See license on: http://txlib.ru

TXLib file:	c:\users\иван\downloads\codeblocks\mingw\include\txlib.h
Compiled:	Sep 21 2026 23:40:30, GNU g++ 4.8.1, std=201103L, MinGW Runtime 3.20, 32-bit, Debug
Started:	Sep 21 2026 23:40:33

Run file:	C:\Users\Иван\Documents\oneginProjectCopy1\main.exe
Directory:	C:\Users\Иван\Documents\oneginProjectCopy1

--------------------------------------------------

--------------------------------------------------
TXLib предупреждает:

Программа: C:\Users\Иван\Documents\oneginProjectCopy1\main.exe,

ВНЕЗАПНО: Нарушение доступа к памяти.

#1: Исключение EXCEPTION_ACCESS_VIOLATION (0xC0000005) при выполнении кода по адресу 0x765BE71C в функции strlen(). Попытка прочесть данные по адресу 0x65B5BCBB в модуле C:\Windows\System32\msvcrt.dll. Спасибо _txUnhandledExceptionFilter(), что сообщил. Люблю его <3

#1: TXLib [Ver: 00173a, Rev: 175, Date: 2025-12-31 23:02:50 +0400], Instance: 0x004F71DC (32-bit), Flags: Cmdre0, Thread: 0xF3C (Main). 

--------------------------------------------------
Стек вызовов:

# 0 0x765BE71C in C:\Windows\System32\msvcrt.dll: strlen()

# 1 0x0041F198 in C:\Users\Иван\Documents\oneginProjectCopy1\main.exe: wordsComparatorUp() at C:/Users/Иван/Documents/oneginProjectCopy1/./main.cpp:162:

    160:     char* str1 = *((char**) ptrstr1);
    161:     char* str2 = *((char**) ptrstr2);
=>  162:     char* copy1 = strCopyWithoutPunctuationMarks(str1);
    163:     char* copy2 = strCopyWithoutPunctuationMarks(str2);
    164:     char* copyCopy1 = strCopyWithLowLetters(copy1);

# 2 0x0041E995 in C:\Users\Иван\Documents\oneginProjectCopy1\main.exe: reconfiguration() at C:/Users/Иван/Documents/oneginProjectCopy1/./sort.cpp:21:

     19:         // int comp2 = comparator((char*)arr + right * sizeOfElem, (char*)arr + middleInd * sizeOfElem);
     20:         // printf("comp12 = %d\n", comp2);
=>   21:         while (comparator((char*)arr + left * sizeOfElem, (char*)arr + middleInd * sizeOfElem) <= 0
     22:                                                              && left < right && left < middleInd){
     23:             left++;

# 3 0x0041EAB3 in C:\Users\Иван\Documents\oneginProjectCopy1\main.exe: qSort() at C:/Users/Иван/Documents/oneginProjectCopy1/./sort.cpp:57:

     55: 
     56: void qSort(void* arr, size_t size, size_t sizeOfElem, int (*comparator) (const void* a, const void* b)){
=>   57:     int newMiddleInd  = reconfiguration(arr, size, sizeOfElem, *comparator);
     58:     if(size > 1){
     59:         qSort((char*) arr, newMiddleInd, sizeOfElem, comparator);

# 4 0x0041EB14 in C:\Users\Иван\Documents\oneginProjectCopy1\main.exe: qSort() at C:/Users/Иван/Documents/oneginProjectCopy1/./sort.cpp:60:

     58:     if(size > 1){
     59:         qSort((char*) arr, newMiddleInd, sizeOfElem, comparator);
=>   60:         qSort((char*) arr + (newMiddleInd + 1) * sizeOfElem, size - newMiddleInd - 1, sizeOfElem, comparator);
     61:     }
     62: }

# 5 0x0041EB14 in C:\Users\Иван\Documents\oneginProjectCopy1\main.exe: qSort() at C:/Users/Иван/Documents/oneginProjectCopy1/./sort.cpp:60:

     58:     if(size > 1){
     59:         qSort((char*) arr, newMiddleInd, sizeOfElem, comparator);
=>   60:         qSort((char*) arr + (newMiddleInd + 1) * sizeOfElem, size - newMiddleInd - 1, sizeOfElem, comparator);
     61:     }
     62: }

# 6 0x0041EB14 in C:\Users\Иван\Documents\oneginProjectCopy1\main.exe: qSort() at C:/Users/Иван/Documents/oneginProjectCopy1/./sort.cpp:60:

     58:     if(size > 1){
     59:         qSort((char*) arr, newMiddleInd, sizeOfElem, comparator);
=>   60:         qSort((char*) arr + (newMiddleInd + 1) * sizeOfElem, size - newMiddleInd - 1, sizeOfElem, comparator);
     61:     }
     62: }

# 7 0x0041EB14 in C:\Users\Иван\Documents\oneginProjectCopy1\main.exe: qSort() at C:/Users/Иван/Documents/oneginProjectCopy1/./sort.cpp:60:

     58:     if(size > 1){
     59:         qSort((char*) arr, newMiddleInd, sizeOfElem, comparator);
=>   60:         qSort((char*) arr + (newMiddleInd + 1) * sizeOfElem, size - newMiddleInd - 1, sizeOfElem, comparator);
     61:     }
     62: }

# 8 0x0041EB14 in C:\Users\Иван\Documents\oneginProjectCopy1\main.exe: qSort() at C:/Users/Иван/Documents/oneginProjectCopy1/./sort.cpp:60:

     58:     if(size > 1){
     59:         qSort((char*) arr, newMiddleInd, sizeOfElem, comparator);
=>   60:         qSort((char*) arr + (newMiddleInd + 1) * sizeOfElem, size - newMiddleInd - 1, sizeOfElem, comparator);
     61:     }
     62: }

# 9 0x0041EB14 in C:\Users\Иван\Documents\oneginProjectCopy1\main.exe: qSort() at C:/Users/Иван/Documents/oneginProjectCopy1/./sort.cpp:60:

     58:     if(size > 1){
     59:         qSort((char*) arr, newMiddleInd, sizeOfElem, comparator);
=>   60:         qSort((char*) arr + (newMiddleInd + 1) * sizeOfElem, size - newMiddleInd - 1, sizeOfElem, comparator);
     61:     }
     62: }

#10 0x0041ECC5 in C:\Users\Иван\Documents\oneginProjectCopy1\main.exe: main() at C:/Users/Иван/Documents/oneginProjectCopy1/./main.cpp:58:

     56:     //printf("arr = %c\n", **(arrOfStrPtr + 1));
     57: 
=>   58:     qSort(arrOfStrPtr, numLines, sizeof(arrOfStrPtr[0]), wordsComparatorUp);
     59:     txSetConsoleAttr(FOREGROUND_LIGHTGREEN);
     60:     //printLinesInFile(filePtr, arrOfStrPtr, numLines);

--------------------------------------------------
Developed with:

The Dumb Artist Library (TX Library)
TXLib [Ver: 00173a, Rev: 175, Date: 2025-12-31 23:02:50 +0400]
Copyright (C) Ded (Ilya Dedinsky, http://txlib.ru) <mail@txlib.ru>
See license on: http://txlib.ru

TXLib file:	c:\users\иван\downloads\codeblocks\mingw\include\txlib.h
Compiled:	Sep 21 2026 23:42:35, GNU g++ 4.8.1, std=201103L, MinGW Runtime 3.20, 32-bit, Debug
Started:	Sep 21 2026 23:42:37

Run file:	C:\Users\Иван\Documents\oneginProjectCopy1\main.exe
Directory:	C:\Users\Иван\Documents\oneginProjectCopy1

--------------------------------------------------

--------------------------------------------------
TXLib соболезнует...

Программа: C:\Users\Иван\Documents\oneginProjectCopy1\main.exe,

ВНЕЗАПНО: signal (11, 0x00): SIGSEGV: Доступ по неверному указателю. Ставьте ассерты! 

Нарушение доступа к памяти.

#1: Исключение EXCEPTION_ACCESS_VIOLATION (0xC0000005) при выполнении кода по адресу 0x765BE71C в функции strlen(). Попытка прочесть данные по адресу 0x65B5BCBB в модуле C:\Windows\System32\msvcrt.dll. Спасибо _txUnhandledExceptionFilter(), что сообщил. Люблю его <3

С помощью функции signal() вы можете сами обработать эту ошибку.

#2: TXLib [Ver: 00173a, Rev: 175, Date: 2025-12-31 23:02:50 +0400], Instance: 0x004F71DC (32-bit), Flags: Cmdre0, Thread: 0xF3C (Main). 

--------------------------------------------------
Стек вызовов:

# 0 0x765BE71C in C:\Windows\System32\msvcrt.dll: strlen()

# 1 0x0041F198 in C:\Users\Иван\Documents\oneginProjectCopy1\main.exe: wordsComparatorUp() at C:/Users/Иван/Documents/oneginProjectCopy1/./main.cpp:162:

    160:     char* str1 = *((char**) ptrstr1);
    161:     char* str2 = *((char**) ptrstr2);
=>  162:     char* copy1 = strCopyWithoutPunctuationMarks(str1);
    163:     char* copy2 = strCopyWithoutPunctuationMarks(str2);
    164:     char* copyCopy1 = strCopyWithLowLetters(copy1);

# 2 0x0041E995 in C:\Users\Иван\Documents\oneginProjectCopy1\main.exe: reconfiguration() at C:/Users/Иван/Documents/oneginProjectCopy1/./sort.cpp:21:

     19:         // int comp2 = comparator((char*)arr + right * sizeOfElem, (char*)arr + middleInd * sizeOfElem);
     20:         // printf("comp12 = %d\n", comp2);
=>   21:         while (comparator((char*)arr + left * sizeOfElem, (char*)arr + middleInd * sizeOfElem) <= 0
     22:                                                              && left < right && left < middleInd){
     23:             left++;

# 3 0x0041EAB3 in C:\Users\Иван\Documents\oneginProjectCopy1\main.exe: qSort() at C:/Users/Иван/Documents/oneginProjectCopy1/./sort.cpp:57:

     55: 
     56: void qSort(void* arr, size_t size, size_t sizeOfElem, int (*comparator) (const void* a, const void* b)){
=>   57:     int newMiddleInd  = reconfiguration(arr, size, sizeOfElem, *comparator);
     58:     if(size > 1){
     59:         qSort((char*) arr, newMiddleInd, sizeOfElem, comparator);

# 4 0x0041EB14 in C:\Users\Иван\Documents\oneginProjectCopy1\main.exe: qSort() at C:/Users/Иван/Documents/oneginProjectCopy1/./sort.cpp:60:

     58:     if(size > 1){
     59:         qSort((char*) arr, newMiddleInd, sizeOfElem, comparator);
=>   60:         qSort((char*) arr + (newMiddleInd + 1) * sizeOfElem, size - newMiddleInd - 1, sizeOfElem, comparator);
     61:     }
     62: }

# 5 0x0041EB14 in C:\Users\Иван\Documents\oneginProjectCopy1\main.exe: qSort() at C:/Users/Иван/Documents/oneginProjectCopy1/./sort.cpp:60:

     58:     if(size > 1){
     59:         qSort((char*) arr, newMiddleInd, sizeOfElem, comparator);
=>   60:         qSort((char*) arr + (newMiddleInd + 1) * sizeOfElem, size - newMiddleInd - 1, sizeOfElem, comparator);
     61:     }
     62: }

# 6 0x0041EB14 in C:\Users\Иван\Documents\oneginProjectCopy1\main.exe: qSort() at C:/Users/Иван/Documents/oneginProjectCopy1/./sort.cpp:60:

     58:     if(size > 1){
     59:         qSort((char*) arr, newMiddleInd, sizeOfElem, comparator);
=>   60:         qSort((char*) arr + (newMiddleInd + 1) * sizeOfElem, size - newMiddleInd - 1, sizeOfElem, comparator);
     61:     }
     62: }

# 7 0x0041EB14 in C:\Users\Иван\Documents\oneginProjectCopy1\main.exe: qSort() at C:/Users/Иван/Documents/oneginProjectCopy1/./sort.cpp:60:

     58:     if(size > 1){
     59:         qSort((char*) arr, newMiddleInd, sizeOfElem, comparator);
=>   60:         qSort((char*) arr + (newMiddleInd + 1) * sizeOfElem, size - newMiddleInd - 1, sizeOfElem, comparator);
     61:     }
     62: }

# 8 0x0041EB14 in C:\Users\Иван\Documents\oneginProjectCopy1\main.exe: qSort() at C:/Users/Иван/Documents/oneginProjectCopy1/./sort.cpp:60:

     58:     if(size > 1){
     59:         qSort((char*) arr, newMiddleInd, sizeOfElem, comparator);
=>   60:         qSort((char*) arr + (newMiddleInd + 1) * sizeOfElem, size - newMiddleInd - 1, sizeOfElem, comparator);
     61:     }
     62: }

# 9 0x0041EB14 in C:\Users\Иван\Documents\oneginProjectCopy1\main.exe: qSort() at C:/Users/Иван/Documents/oneginProjectCopy1/./sort.cpp:60:

     58:     if(size > 1){
     59:         qSort((char*) arr, newMiddleInd, sizeOfElem, comparator);
=>   60:         qSort((char*) arr + (newMiddleInd + 1) * sizeOfElem, size - newMiddleInd - 1, sizeOfElem, comparator);
     61:     }
     62: }

#10 0x0041ECC5 in C:\Users\Иван\Documents\oneginProjectCopy1\main.exe: main() at C:/Users/Иван/Documents/oneginProjectCopy1/./main.cpp:58:

     56:     //printf("arr = %c\n", **(arrOfStrPtr + 1));
     57: 
=>   58:     qSort(arrOfStrPtr, numLines, sizeof(arrOfStrPtr[0]), wordsComparatorUp);
     59:     txSetConsoleAttr(FOREGROUND_LIGHTGREEN);
     60:     //printLinesInFile(filePtr, arrOfStrPtr, numLines);

--------------------------------------------------
Developed with:

The Dumb Artist Library (TX Library)
TXLib [Ver: 00173a, Rev: 175, Date: 2025-12-31 23:02:50 +0400]
Copyright (C) Ded (Ilya Dedinsky, http://txlib.ru) <mail@txlib.ru>
See license on: http://txlib.ru

TXLib file:	c:\users\иван\downloads\codeblocks\mingw\include\txlib.h
Compiled:	Sep 21 2026 23:42:35, GNU g++ 4.8.1, std=201103L, MinGW Runtime 3.20, 32-bit, Debug
Started:	Sep 21 2026 23:42:37

Run file:	C:\Users\Иван\Documents\oneginProjectCopy1\main.exe
Directory:	C:\Users\Иван\Documents\oneginProjectCopy1

--------------------------------------------------

--------------------------------------------------
TXLib соболезнует...

Программа: C:\Users\Иван\Documents\oneginProjectCopy1\main.exe, файл: .\sort.cpp, строка: 15, функция: int reconfiguration(void*, size_t, size_t, int (*)(const void*, const void*)),

Сообщение: ВНЕЗАПНО: Логическая ошибка: Неверно, что "*(char**) arr != __null".

#1: TXLib [Ver: 00173a, Rev: 175, Date: 2025-12-31 23:02:50 +0400], Instance: 0x004F71DC (32-bit), Flags: Cmdre0, Thread: 0x4C34 (Main), GetLastError(): 183 (Невозможно создать файл, так как он уже существует). 

--------------------------------------------------
Стек вызовов:

# 0 0x0041E93B in C:\Users\Иван\Documents\oneginProjectCopy1\main.exe: reconfiguration() at C:/Users/Иван/Documents/oneginProjectCopy1/./sort.cpp:15:

     13:     //printf("arr = %c\n", **((char**) arr));
     14:     assert(arr != NULL);
=>   15:     assert(*(char**) arr != NULL);
     16:     while (true) {
     17:         // int comp1 = comparator((char*)arr + left * sizeOfElem, (char*)arr + middleInd * sizeOfElem);

# 1 0x0041EAB3 in C:\Users\Иван\Documents\oneginProjectCopy1\main.exe: qSort() at C:/Users/Иван/Documents/oneginProjectCopy1/./sort.cpp:57:

     55: 
     56: void qSort(void* arr, size_t size, size_t sizeOfElem, int (*comparator) (const void* a, const void* b)){
=>   57:     int newMiddleInd  = reconfiguration(arr, size, sizeOfElem, *comparator);
     58:     if(size > 1){
     59:         qSort((char*) arr, newMiddleInd, sizeOfElem, comparator);

# 2 0x0041EB14 in C:\Users\Иван\Documents\oneginProjectCopy1\main.exe: qSort() at C:/Users/Иван/Documents/oneginProjectCopy1/./sort.cpp:60:

     58:     if(size > 1){
     59:         qSort((char*) arr, newMiddleInd, sizeOfElem, comparator);
=>   60:         qSort((char*) arr + (newMiddleInd + 1) * sizeOfElem, size - newMiddleInd - 1, sizeOfElem, comparator);
     61:     }
     62: }

# 3 0x0041EB14 in C:\Users\Иван\Documents\oneginProjectCopy1\main.exe: qSort() at C:/Users/Иван/Documents/oneginProjectCopy1/./sort.cpp:60:

     58:     if(size > 1){
     59:         qSort((char*) arr, newMiddleInd, sizeOfElem, comparator);
=>   60:         qSort((char*) arr + (newMiddleInd + 1) * sizeOfElem, size - newMiddleInd - 1, sizeOfElem, comparator);
     61:     }
     62: }

# 4 0x0041EB14 in C:\Users\Иван\Documents\oneginProjectCopy1\main.exe: qSort() at C:/Users/Иван/Documents/oneginProjectCopy1/./sort.cpp:60:

     58:     if(size > 1){
     59:         qSort((char*) arr, newMiddleInd, sizeOfElem, comparator);
=>   60:         qSort((char*) arr + (newMiddleInd + 1) * sizeOfElem, size - newMiddleInd - 1, sizeOfElem, comparator);
     61:     }
     62: }

# 5 0x0041EB14 in C:\Users\Иван\Documents\oneginProjectCopy1\main.exe: qSort() at C:/Users/Иван/Documents/oneginProjectCopy1/./sort.cpp:60:

     58:     if(size > 1){
     59:         qSort((char*) arr, newMiddleInd, sizeOfElem, comparator);
=>   60:         qSort((char*) arr + (newMiddleInd + 1) * sizeOfElem, size - newMiddleInd - 1, sizeOfElem, comparator);
     61:     }
     62: }

# 6 0x0041EB14 in C:\Users\Иван\Documents\oneginProjectCopy1\main.exe: qSort() at C:/Users/Иван/Documents/oneginProjectCopy1/./sort.cpp:60:

     58:     if(size > 1){
     59:         qSort((char*) arr, newMiddleInd, sizeOfElem, comparator);
=>   60:         qSort((char*) arr + (newMiddleInd + 1) * sizeOfElem, size - newMiddleInd - 1, sizeOfElem, comparator);
     61:     }
     62: }

# 7 0x0041EB14 in C:\Users\Иван\Documents\oneginProjectCopy1\main.exe: qSort() at C:/Users/Иван/Documents/oneginProjectCopy1/./sort.cpp:60:

     58:     if(size > 1){
     59:         qSort((char*) arr, newMiddleInd, sizeOfElem, comparator);
=>   60:         qSort((char*) arr + (newMiddleInd + 1) * sizeOfElem, size - newMiddleInd - 1, sizeOfElem, comparator);
     61:     }
     62: }

# 8 0x0041EB14 in C:\Users\Иван\Documents\oneginProjectCopy1\main.exe: qSort() at C:/Users/Иван/Documents/oneginProjectCopy1/./sort.cpp:60:

     58:     if(size > 1){
     59:         qSort((char*) arr, newMiddleInd, sizeOfElem, comparator);
=>   60:         qSort((char*) arr + (newMiddleInd + 1) * sizeOfElem, size - newMiddleInd - 1, sizeOfElem, comparator);
     61:     }
     62: }

# 9 0x0041EB14 in C:\Users\Иван\Documents\oneginProjectCopy1\main.exe: qSort() at C:/Users/Иван/Documents/oneginProjectCopy1/./sort.cpp:60:

     58:     if(size > 1){
     59:         qSort((char*) arr, newMiddleInd, sizeOfElem, comparator);
=>   60:         qSort((char*) arr + (newMiddleInd + 1) * sizeOfElem, size - newMiddleInd - 1, sizeOfElem, comparator);
     61:     }
     62: }

#10 0x0041ECC5 in C:\Users\Иван\Documents\oneginProjectCopy1\main.exe: main() at C:/Users/Иван/Documents/oneginProjectCopy1/./main.cpp:58:

     56:     //printf("arr = %c\n", **(arrOfStrPtr + 1));
     57: 
=>   58:     qSort(arrOfStrPtr, numLines, sizeof(arrOfStrPtr[0]), wordsComparatorUp);
     59:     txSetConsoleAttr(FOREGROUND_LIGHTGREEN);
     60:     //printLinesInFile(filePtr, arrOfStrPtr, numLines);

--------------------------------------------------
Developed with:

The Dumb Artist Library (TX Library)
TXLib [Ver: 00173a, Rev: 175, Date: 2025-12-31 23:02:50 +0400]
Copyright (C) Ded (Ilya Dedinsky, http://txlib.ru) <mail@txlib.ru>
See license on: http://txlib.ru

TXLib file:	c:\users\иван\downloads\codeblocks\mingw\include\txlib.h
Compiled:	Sep 21 2026 23:43:23, GNU g++ 4.8.1, std=201103L, MinGW Runtime 3.20, 32-bit, Debug
Started:	Sep 21 2026 23:43:25

Run file:	C:\Users\Иван\Documents\oneginProjectCopy1\main.exe
Directory:	C:\Users\Иван\Documents\oneginProjectCopy1

--------------------------------------------------

--------------------------------------------------
TXLib соболезнует...

Программа: C:\Users\Иван\Documents\oneginProjectCopy1\main.exe, файл: .\sort.cpp, строка: 15, функция: int reconfiguration(void*, size_t, size_t, int (*)(const void*, const void*)),

Сообщение: ВНЕЗАПНО: Логическая ошибка: Неверно, что "*(char**) arr != __null".

#1: TXLib [Ver: 00173a, Rev: 175, Date: 2025-12-31 23:02:50 +0400], Instance: 0x004F71DC (32-bit), Flags: Cmdre0, Thread: 0x2A78 (Main), GetLastError(): 183 (Невозможно создать файл, так как он уже существует). 

--------------------------------------------------
Стек вызовов:

# 0 0x0041E93B in C:\Users\Иван\Documents\oneginProjectCopy1\main.exe: reconfiguration() at C:/Users/Иван/Documents/oneginProjectCopy1/./sort.cpp:15:

     13:     //printf("arr = %c\n", **((char**) arr));
     14:     assert(arr != NULL);
=>   15:     assert(*(char**) arr != NULL);
     16:     while (true) {
     17:         // int comp1 = comparator((char*)arr + left * sizeOfElem, (char*)arr + middleInd * sizeOfElem);

# 1 0x0041EAB3 in C:\Users\Иван\Documents\oneginProjectCopy1\main.exe: qSort() at C:/Users/Иван/Documents/oneginProjectCopy1/./sort.cpp:57:

     55: 
     56: void qSort(void* arr, size_t size, size_t sizeOfElem, int (*comparator) (const void* a, const void* b)){
=>   57:     int newMiddleInd  = reconfiguration(arr, size, sizeOfElem, *comparator);
     58:     if(size > 1){
     59:         qSort((char*) arr, newMiddleInd, sizeOfElem, comparator);

# 2 0x0041EB14 in C:\Users\Иван\Documents\oneginProjectCopy1\main.exe: qSort() at C:/Users/Иван/Documents/oneginProjectCopy1/./sort.cpp:60:

     58:     if(size > 1){
     59:         qSort((char*) arr, newMiddleInd, sizeOfElem, comparator);
=>   60:         qSort((char*) arr + (newMiddleInd + 1) * sizeOfElem, size - newMiddleInd - 1, sizeOfElem, comparator);
     61:     }
     62: }

# 3 0x0041EB14 in C:\Users\Иван\Documents\oneginProjectCopy1\main.exe: qSort() at C:/Users/Иван/Documents/oneginProjectCopy1/./sort.cpp:60:

     58:     if(size > 1){
     59:         qSort((char*) arr, newMiddleInd, sizeOfElem, comparator);
=>   60:         qSort((char*) arr + (newMiddleInd + 1) * sizeOfElem, size - newMiddleInd - 1, sizeOfElem, comparator);
     61:     }
     62: }

# 4 0x0041EB14 in C:\Users\Иван\Documents\oneginProjectCopy1\main.exe: qSort() at C:/Users/Иван/Documents/oneginProjectCopy1/./sort.cpp:60:

     58:     if(size > 1){
     59:         qSort((char*) arr, newMiddleInd, sizeOfElem, comparator);
=>   60:         qSort((char*) arr + (newMiddleInd + 1) * sizeOfElem, size - newMiddleInd - 1, sizeOfElem, comparator);
     61:     }
     62: }

# 5 0x0041EB14 in C:\Users\Иван\Documents\oneginProjectCopy1\main.exe: qSort() at C:/Users/Иван/Documents/oneginProjectCopy1/./sort.cpp:60:

     58:     if(size > 1){
     59:         qSort((char*) arr, newMiddleInd, sizeOfElem, comparator);
=>   60:         qSort((char*) arr + (newMiddleInd + 1) * sizeOfElem, size - newMiddleInd - 1, sizeOfElem, comparator);
     61:     }
     62: }

# 6 0x0041EB14 in C:\Users\Иван\Documents\oneginProjectCopy1\main.exe: qSort() at C:/Users/Иван/Documents/oneginProjectCopy1/./sort.cpp:60:

     58:     if(size > 1){
     59:         qSort((char*) arr, newMiddleInd, sizeOfElem, comparator);
=>   60:         qSort((char*) arr + (newMiddleInd + 1) * sizeOfElem, size - newMiddleInd - 1, sizeOfElem, comparator);
     61:     }
     62: }

# 7 0x0041EB14 in C:\Users\Иван\Documents\oneginProjectCopy1\main.exe: qSort() at C:/Users/Иван/Documents/oneginProjectCopy1/./sort.cpp:60:

     58:     if(size > 1){
     59:         qSort((char*) arr, newMiddleInd, sizeOfElem, comparator);
=>   60:         qSort((char*) arr + (newMiddleInd + 1) * sizeOfElem, size - newMiddleInd - 1, sizeOfElem, comparator);
     61:     }
     62: }

# 8 0x0041EB14 in C:\Users\Иван\Documents\oneginProjectCopy1\main.exe: qSort() at C:/Users/Иван/Documents/oneginProjectCopy1/./sort.cpp:60:

     58:     if(size > 1){
     59:         qSort((char*) arr, newMiddleInd, sizeOfElem, comparator);
=>   60:         qSort((char*) arr + (newMiddleInd + 1) * sizeOfElem, size - newMiddleInd - 1, sizeOfElem, comparator);
     61:     }
     62: }

# 9 0x0041EB14 in C:\Users\Иван\Documents\oneginProjectCopy1\main.exe: qSort() at C:/Users/Иван/Documents/oneginProjectCopy1/./sort.cpp:60:

     58:     if(size > 1){
     59:         qSort((char*) arr, newMiddleInd, sizeOfElem, comparator);
=>   60:         qSort((char*) arr + (newMiddleInd + 1) * sizeOfElem, size - newMiddleInd - 1, sizeOfElem, comparator);
     61:     }
     62: }

#10 0x0041ECC5 in C:\Users\Иван\Documents\oneginProjectCopy1\main.exe: main() at C:/Users/Иван/Documents/oneginProjectCopy1/./main.cpp:58:

     56:     //printf("arr = %c\n", **(arrOfStrPtr + 1));
     57: 
=>   58:     qSort(arrOfStrPtr, numLines, sizeof(arrOfStrPtr[0]), wordsComparatorUp);
     59:     txSetConsoleAttr(FOREGROUND_LIGHTGREEN);
     60:     //printLinesInFile(filePtr, arrOfStrPtr, numLines);

--------------------------------------------------
Developed with:

The Dumb Artist Library (TX Library)
TXLib [Ver: 00173a, Rev: 175, Date: 2025-12-31 23:02:50 +0400]
Copyright (C) Ded (Ilya Dedinsky, http://txlib.ru) <mail@txlib.ru>
See license on: http://txlib.ru

TXLib file:	c:\users\иван\downloads\codeblocks\mingw\include\txlib.h
Compiled:	Sep 21 2026 23:45:00, GNU g++ 4.8.1, std=201103L, MinGW Runtime 3.20, 32-bit, Debug
Started:	Sep 21 2026 23:45:02

Run file:	C:\Users\Иван\Documents\oneginProjectCopy1\main.exe
Directory:	C:\Users\Иван\Documents\oneginProjectCopy1

--------------------------------------------------

--------------------------------------------------
TXLib предупреждает:

Программа: C:\Users\Иван\Documents\oneginProjectCopy1\main.exe,

ВНЕЗАПНО: Нарушение доступа к памяти.

#1: Исключение EXCEPTION_ACCESS_VIOLATION (0xC0000005) при выполнении кода по адресу 0x765BE740 в функции strlen(). Попытка прочесть данные по адресу 0xFA9963F4 в модуле C:\Windows\System32\msvcrt.dll. Спасибо _txUnhandledExceptionFilter(), что сообщил. Люблю его <3

#1: TXLib [Ver: 00173a, Rev: 175, Date: 2025-12-31 23:02:50 +0400], Instance: 0x004F71DC (32-bit), Flags: Cmdre0, Thread: 0x2F08 (Main). 

--------------------------------------------------
Стек вызовов:

# 0 0x765BE740 in C:\Windows\System32\msvcrt.dll: strlen()

# 1 0x0041F198 in C:\Users\Иван\Documents\oneginProjectCopy1\main.exe: wordsComparatorUp() at C:/Users/Иван/Documents/oneginProjectCopy1/./main.cpp:162:

    160:     char* str1 = *((char**) ptrstr1);
    161:     char* str2 = *((char**) ptrstr2);
=>  162:     char* copy1 = strCopyWithoutPunctuationMarks(str1);
    163:     char* copy2 = strCopyWithoutPunctuationMarks(str2);
    164:     char* copyCopy1 = strCopyWithLowLetters(copy1);

# 2 0x0041E995 in C:\Users\Иван\Documents\oneginProjectCopy1\main.exe: reconfiguration() at C:/Users/Иван/Documents/oneginProjectCopy1/./sort.cpp:21:

     19:         // int comp2 = comparator((char*)arr + right * sizeOfElem, (char*)arr + middleInd * sizeOfElem);
     20:         // printf("comp12 = %d\n", comp2);
=>   21:         while (comparator((char*)arr + left * sizeOfElem, (char*)arr + middleInd * sizeOfElem) <= 0
     22:                                                              && left < right && left < middleInd){
     23:             left++;

# 3 0x0041EAB3 in C:\Users\Иван\Documents\oneginProjectCopy1\main.exe: qSort() at C:/Users/Иван/Documents/oneginProjectCopy1/./sort.cpp:57:

     55: 
     56: void qSort(void* arr, size_t size, size_t sizeOfElem, int (*comparator) (const void* a, const void* b)){
=>   57:     int newMiddleInd  = reconfiguration(arr, size, sizeOfElem, *comparator);
     58:     if(size > 1){
     59:         qSort((char*) arr, newMiddleInd, sizeOfElem, comparator);

# 4 0x0041EB14 in C:\Users\Иван\Documents\oneginProjectCopy1\main.exe: qSort() at C:/Users/Иван/Documents/oneginProjectCopy1/./sort.cpp:60:

     58:     if(size > 1){
     59:         qSort((char*) arr, newMiddleInd, sizeOfElem, comparator);
=>   60:         qSort((char*) arr + (newMiddleInd + 1) * sizeOfElem, size - newMiddleInd - 1, sizeOfElem, comparator);
     61:     }
     62: }

# 5 0x0041EB14 in C:\Users\Иван\Documents\oneginProjectCopy1\main.exe: qSort() at C:/Users/Иван/Documents/oneginProjectCopy1/./sort.cpp:60:

     58:     if(size > 1){
     59:         qSort((char*) arr, newMiddleInd, sizeOfElem, comparator);
=>   60:         qSort((char*) arr + (newMiddleInd + 1) * sizeOfElem, size - newMiddleInd - 1, sizeOfElem, comparator);
     61:     }
     62: }

# 6 0x0041EB14 in C:\Users\Иван\Documents\oneginProjectCopy1\main.exe: qSort() at C:/Users/Иван/Documents/oneginProjectCopy1/./sort.cpp:60:

     58:     if(size > 1){
     59:         qSort((char*) arr, newMiddleInd, sizeOfElem, comparator);
=>   60:         qSort((char*) arr + (newMiddleInd + 1) * sizeOfElem, size - newMiddleInd - 1, sizeOfElem, comparator);
     61:     }
     62: }

# 7 0x0041EB14 in C:\Users\Иван\Documents\oneginProjectCopy1\main.exe: qSort() at C:/Users/Иван/Documents/oneginProjectCopy1/./sort.cpp:60:

     58:     if(size > 1){
     59:         qSort((char*) arr, newMiddleInd, sizeOfElem, comparator);
=>   60:         qSort((char*) arr + (newMiddleInd + 1) * sizeOfElem, size - newMiddleInd - 1, sizeOfElem, comparator);
     61:     }
     62: }

# 8 0x0041EB14 in C:\Users\Иван\Documents\oneginProjectCopy1\main.exe: qSort() at C:/Users/Иван/Documents/oneginProjectCopy1/./sort.cpp:60:

     58:     if(size > 1){
     59:         qSort((char*) arr, newMiddleInd, sizeOfElem, comparator);
=>   60:         qSort((char*) arr + (newMiddleInd + 1) * sizeOfElem, size - newMiddleInd - 1, sizeOfElem, comparator);
     61:     }
     62: }

# 9 0x0041EB14 in C:\Users\Иван\Documents\oneginProjectCopy1\main.exe: qSort() at C:/Users/Иван/Documents/oneginProjectCopy1/./sort.cpp:60:

     58:     if(size > 1){
     59:         qSort((char*) arr, newMiddleInd, sizeOfElem, comparator);
=>   60:         qSort((char*) arr + (newMiddleInd + 1) * sizeOfElem, size - newMiddleInd - 1, sizeOfElem, comparator);
     61:     }
     62: }

#10 0x0041EB14 in C:\Users\Иван\Documents\oneginProjectCopy1\main.exe: qSort() at C:/Users/Иван/Documents/oneginProjectCopy1/./sort.cpp:60:

     58:     if(size > 1){
     59:         qSort((char*) arr, newMiddleInd, sizeOfElem, comparator);
=>   60:         qSort((char*) arr + (newMiddleInd + 1) * sizeOfElem, size - newMiddleInd - 1, sizeOfElem, comparator);
     61:     }
     62: }

#11 0x0041ECC5 in C:\Users\Иван\Documents\oneginProjectCopy1\main.exe: main() at C:/Users/Иван/Documents/oneginProjectCopy1/./main.cpp:58:

     56:     //printf("arr = %c\n", **(arrOfStrPtr + 1));
     57: 
=>   58:     qSort(arrOfStrPtr, numLines, sizeof(arrOfStrPtr[0]), wordsComparatorUp);
     59:     txSetConsoleAttr(FOREGROUND_LIGHTGREEN);
     60:     //printLinesInFile(filePtr, arrOfStrPtr, numLines);

--------------------------------------------------
Developed with:

The Dumb Artist Library (TX Library)
TXLib [Ver: 00173a, Rev: 175, Date: 2025-12-31 23:02:50 +0400]
Copyright (C) Ded (Ilya Dedinsky, http://txlib.ru) <mail@txlib.ru>
See license on: http://txlib.ru

TXLib file:	c:\users\иван\downloads\codeblocks\mingw\include\txlib.h
Compiled:	Sep 21 2026 23:45:57, GNU g++ 4.8.1, std=201103L, MinGW Runtime 3.20, 32-bit, Debug
Started:	Sep 21 2026 23:45:59

Run file:	C:\Users\Иван\Documents\oneginProjectCopy1\main.exe
Directory:	C:\Users\Иван\Documents\oneginProjectCopy1

--------------------------------------------------

--------------------------------------------------
TXLib соболезнует...

Программа: C:\Users\Иван\Documents\oneginProjectCopy1\main.exe,

ВНЕЗАПНО: signal (11, 0x00): SIGSEGV: Доступ по неверному указателю. Ставьте ассерты! 

Нарушение доступа к памяти.

#1: Исключение EXCEPTION_ACCESS_VIOLATION (0xC0000005) при выполнении кода по адресу 0x765BE740 в функции strlen(). Попытка прочесть данные по адресу 0xFA9963F4 в модуле C:\Windows\System32\msvcrt.dll. Спасибо _txUnhandledExceptionFilter(), что сообщил. Люблю его <3

С помощью функции signal() вы можете сами обработать эту ошибку.

#2: TXLib [Ver: 00173a, Rev: 175, Date: 2025-12-31 23:02:50 +0400], Instance: 0x004F71DC (32-bit), Flags: Cmdre0, Thread: 0x2F08 (Main). 

--------------------------------------------------
Стек вызовов:

# 0 0x765BE740 in C:\Windows\System32\msvcrt.dll: strlen()

# 1 0x0041F198 in C:\Users\Иван\Documents\oneginProjectCopy1\main.exe: wordsComparatorUp() at C:/Users/Иван/Documents/oneginProjectCopy1/./main.cpp:162:

    160:     char* str1 = *((char**) ptrstr1);
    161:     char* str2 = *((char**) ptrstr2);
=>  162:     char* copy1 = strCopyWithoutPunctuationMarks(str1);
    163:     char* copy2 = strCopyWithoutPunctuationMarks(str2);
    164:     char* copyCopy1 = strCopyWithLowLetters(copy1);

# 2 0x0041E995 in C:\Users\Иван\Documents\oneginProjectCopy1\main.exe: reconfiguration() at C:/Users/Иван/Documents/oneginProjectCopy1/./sort.cpp:21:

     19:         // int comp2 = comparator((char*)arr + right * sizeOfElem, (char*)arr + middleInd * sizeOfElem);
     20:         // printf("comp12 = %d\n", comp2);
=>   21:         while (comparator((char*)arr + left * sizeOfElem, (char*)arr + middleInd * sizeOfElem) <= 0
     22:                                                              && left < right && left < middleInd){
     23:             left++;

# 3 0x0041EAB3 in C:\Users\Иван\Documents\oneginProjectCopy1\main.exe: qSort() at C:/Users/Иван/Documents/oneginProjectCopy1/./sort.cpp:57:

     55: 
     56: void qSort(void* arr, size_t size, size_t sizeOfElem, int (*comparator) (const void* a, const void* b)){
=>   57:     int newMiddleInd  = reconfiguration(arr, size, sizeOfElem, *comparator);
     58:     if(size > 1){
     59:         qSort((char*) arr, newMiddleInd, sizeOfElem, comparator);

# 4 0x0041EB14 in C:\Users\Иван\Documents\oneginProjectCopy1\main.exe: qSort() at C:/Users/Иван/Documents/oneginProjectCopy1/./sort.cpp:60:

     58:     if(size > 1){
     59:         qSort((char*) arr, newMiddleInd, sizeOfElem, comparator);
=>   60:         qSort((char*) arr + (newMiddleInd + 1) * sizeOfElem, size - newMiddleInd - 1, sizeOfElem, comparator);
     61:     }
     62: }

# 5 0x0041EB14 in C:\Users\Иван\Documents\oneginProjectCopy1\main.exe: qSort() at C:/Users/Иван/Documents/oneginProjectCopy1/./sort.cpp:60:

     58:     if(size > 1){
     59:         qSort((char*) arr, newMiddleInd, sizeOfElem, comparator);
=>   60:         qSort((char*) arr + (newMiddleInd + 1) * sizeOfElem, size - newMiddleInd - 1, sizeOfElem, comparator);
     61:     }
     62: }

# 6 0x0041EB14 in C:\Users\Иван\Documents\oneginProjectCopy1\main.exe: qSort() at C:/Users/Иван/Documents/oneginProjectCopy1/./sort.cpp:60:

     58:     if(size > 1){
     59:         qSort((char*) arr, newMiddleInd, sizeOfElem, comparator);
=>   60:         qSort((char*) arr + (newMiddleInd + 1) * sizeOfElem, size - newMiddleInd - 1, sizeOfElem, comparator);
     61:     }
     62: }

# 7 0x0041EB14 in C:\Users\Иван\Documents\oneginProjectCopy1\main.exe: qSort() at C:/Users/Иван/Documents/oneginProjectCopy1/./sort.cpp:60:

     58:     if(size > 1){
     59:         qSort((char*) arr, newMiddleInd, sizeOfElem, comparator);
=>   60:         qSort((char*) arr + (newMiddleInd + 1) * sizeOfElem, size - newMiddleInd - 1, sizeOfElem, comparator);
     61:     }
     62: }

# 8 0x0041EB14 in C:\Users\Иван\Documents\oneginProjectCopy1\main.exe: qSort() at C:/Users/Иван/Documents/oneginProjectCopy1/./sort.cpp:60:

     58:     if(size > 1){
     59:         qSort((char*) arr, newMiddleInd, sizeOfElem, comparator);
=>   60:         qSort((char*) arr + (newMiddleInd + 1) * sizeOfElem, size - newMiddleInd - 1, sizeOfElem, comparator);
     61:     }
     62: }

# 9 0x0041EB14 in C:\Users\Иван\Documents\oneginProjectCopy1\main.exe: qSort() at C:/Users/Иван/Documents/oneginProjectCopy1/./sort.cpp:60:

     58:     if(size > 1){
     59:         qSort((char*) arr, newMiddleInd, sizeOfElem, comparator);
=>   60:         qSort((char*) arr + (newMiddleInd + 1) * sizeOfElem, size - newMiddleInd - 1, sizeOfElem, comparator);
     61:     }
     62: }

#10 0x0041EB14 in C:\Users\Иван\Documents\oneginProjectCopy1\main.exe: qSort() at C:/Users/Иван/Documents/oneginProjectCopy1/./sort.cpp:60:

     58:     if(size > 1){
     59:         qSort((char*) arr, newMiddleInd, sizeOfElem, comparator);
=>   60:         qSort((char*) arr + (newMiddleInd + 1) * sizeOfElem, size - newMiddleInd - 1, sizeOfElem, comparator);
     61:     }
     62: }

#11 0x0041ECC5 in C:\Users\Иван\Documents\oneginProjectCopy1\main.exe: main() at C:/Users/Иван/Documents/oneginProjectCopy1/./main.cpp:58:

     56:     //printf("arr = %c\n", **(arrOfStrPtr + 1));
     57: 
=>   58:     qSort(arrOfStrPtr, numLines, sizeof(arrOfStrPtr[0]), wordsComparatorUp);
     59:     txSetConsoleAttr(FOREGROUND_LIGHTGREEN);
     60:     //printLinesInFile(filePtr, arrOfStrPtr, numLines);

--------------------------------------------------
Developed with:

The Dumb Artist Library (TX Library)
TXLib [Ver: 00173a, Rev: 175, Date: 2025-12-31 23:02:50 +0400]
Copyright (C) Ded (Ilya Dedinsky, http://txlib.ru) <mail@txlib.ru>
See license on: http://txlib.ru

TXLib file:	c:\users\иван\downloads\codeblocks\mingw\include\txlib.h
Compiled:	Sep 21 2026 23:45:57, GNU g++ 4.8.1, std=201103L, MinGW Runtime 3.20, 32-bit, Debug
Started:	Sep 21 2026 23:45:59

Run file:	C:\Users\Иван\Documents\oneginProjectCopy1\main.exe
Directory:	C:\Users\Иван\Documents\oneginProjectCopy1

--------------------------------------------------

--------------------------------------------------
TXLib соболезнует...

Программа: C:\Users\Иван\Documents\oneginFinal\main.exe, файл: .\main.cpp, строка: 40, функция: int main(int, char**),

Сообщение: ВНЕЗАПНО: Логическая ошибка: Неверно, что "fileDesc >= 0".

#1: TXLib [Ver: 00173a, Rev: 175, Date: 2025-12-31 23:02:50 +0400], Instance: 0x004F71DC (32-bit), Flags: Cmdre0, Thread: 0x1B9C (Main), errno: 22 (Invalid argument). 

--------------------------------------------------
Стек вызовов:

# 0 0x0041EBE0 in C:\Users\Иван\Documents\oneginFinal\main.exe: main() at C:/Users/Иван/Documents/oneginFinal/./main.cpp:40:

     38:     assert(filename != NULL);
     39:     size_t fileSize = getfileSize(fileName);
=>   40:     int fileDesc = open(fileName, O_RDONLY);
     41:     assert(fileDesc >= 0);
     42: 

--------------------------------------------------
Developed with:

The Dumb Artist Library (TX Library)
TXLib [Ver: 00173a, Rev: 175, Date: 2025-12-31 23:02:50 +0400]
Copyright (C) Ded (Ilya Dedinsky, http://txlib.ru) <mail@txlib.ru>
See license on: http://txlib.ru

TXLib file:	c:\users\иван\downloads\codeblocks\mingw\include\txlib.h
Compiled:	Sep 22 2026 20:44:05, GNU g++ 4.8.1, std=201103L, MinGW Runtime 3.20, 32-bit, Debug
Started:	Sep 22 2026 20:44:48

Run file:	C:\Users\Иван\Documents\oneginFinal\main.exe
Directory:	C:\Users\Иван\Documents\oneginFinal

--------------------------------------------------

--------------------------------------------------
TXLib соболезнует...

Программа: C:\Users\Иван\Documents\oneginFinal\main.exe, файл: .\main.cpp, строка: 40, функция: int main(int, char**),

Сообщение: ВНЕЗАПНО: Логическая ошибка: Неверно, что "fileDesc >= 0".

#1: TXLib [Ver: 00173a, Rev: 175, Date: 2025-12-31 23:02:50 +0400], Instance: 0x004F71DC (32-bit), Flags: Cmdre0, Thread: 0x261C (Main), errno: 22 (Invalid argument). 

--------------------------------------------------
Стек вызовов:

# 0 0x0041EBE0 in C:\Users\Иван\Documents\oneginFinal\main.exe: main() at C:/Users/Иван/Documents/oneginFinal/./main.cpp:40:

     38:     assert(filename != NULL);
     39:     size_t fileSize = getfileSize(fileName);
=>   40:     int fileDesc = open(fileName, O_RDONLY);
     41:     assert(fileDesc >= 0);
     42: 

--------------------------------------------------
Developed with:

The Dumb Artist Library (TX Library)
TXLib [Ver: 00173a, Rev: 175, Date: 2025-12-31 23:02:50 +0400]
Copyright (C) Ded (Ilya Dedinsky, http://txlib.ru) <mail@txlib.ru>
See license on: http://txlib.ru

TXLib file:	c:\users\иван\downloads\codeblocks\mingw\include\txlib.h
Compiled:	Sep 22 2026 20:44:05, GNU g++ 4.8.1, std=201103L, MinGW Runtime 3.20, 32-bit, Debug
Started:	Sep 22 2026 20:47:03

Run file:	C:\Users\Иван\Documents\oneginFinal\main.exe
Directory:	C:\Users\Иван\Documents\oneginFinal

--------------------------------------------------

--------------------------------------------------
TXLib соболезнует...

Программа: C:\Users\Иван\Documents\oneginFinal\main.exe, файл: .\main.cpp, строка: 40, функция: int main(int, char**),

Сообщение: ВНЕЗАПНО: Логическая ошибка: Неверно, что "fileDesc >= 0".

#1: TXLib [Ver: 00173a, Rev: 175, Date: 2025-12-31 23:02:50 +0400], Instance: 0x004F71DC (32-bit), Flags: Cmdre0, Thread: 0x1798 (Main), errno: 22 (Invalid argument). 

--------------------------------------------------
Стек вызовов:

# 0 0x0041EBE0 in C:\Users\Иван\Documents\oneginFinal\main.exe: main() at C:/Users/Иван/Documents/oneginFinal/./main.cpp:40:

     38:     assert(filename != NULL);
     39:     size_t fileSize = getfileSize(fileName);
=>   40:     int fileDesc = open(fileName, O_RDONLY);
     41:     assert(fileDesc >= 0);
     42: 

--------------------------------------------------
Developed with:

The Dumb Artist Library (TX Library)
TXLib [Ver: 00173a, Rev: 175, Date: 2025-12-31 23:02:50 +0400]
Copyright (C) Ded (Ilya Dedinsky, http://txlib.ru) <mail@txlib.ru>
See license on: http://txlib.ru

TXLib file:	c:\users\иван\downloads\codeblocks\mingw\include\txlib.h
Compiled:	Sep 22 2026 20:44:05, GNU g++ 4.8.1, std=201103L, MinGW Runtime 3.20, 32-bit, Debug
Started:	Sep 22 2026 20:55:38

Run file:	C:\Users\Иван\Documents\oneginFinal\main.exe
Directory:	C:\Users\Иван\Documents\oneginFinal

--------------------------------------------------

--------------------------------------------------
TXLib предупреждает:

Программа: C:\Users\Иван\Documents\oneginUpgrade\main.exe,

ВНЕЗАПНО: Нарушение доступа к памяти.

#1: Исключение EXCEPTION_ACCESS_VIOLATION (0xC0000005) при выполнении кода по адресу 0x0042003B в функции strCmpWithoutPunctuationAndRegisterReverse() в файле C:/Users/Иван/Documents/oneginUpgrade/./main.cpp на строке 379. Попытка прочесть данные по адресу 0x02E2FFFF в модуле C:\Users\Иван\Documents\oneginUpgrade\main.exe. Спасибо _txUnhandledExceptionFilter(), что сообщил. Люблю его <3

#1: TXLib [Ver: 00173a, Rev: 175, Date: 2025-12-31 23:02:50 +0400], Instance: 0x004F81DC (32-bit), Flags: Cmdre0, Thread: 0x5120 (Main). 

--------------------------------------------------
Стек вызовов:

# 0 0x0042003B in C:\Users\Иван\Documents\oneginUpgrade\main.exe: strCmpWithoutPunctuationAndRegisterReverse() at C:/Users/Иван/Documents/oneginUpgrade/./main.cpp:379:

    377:     else if(i2 == 0 && i1 >= 0){
    378:         while(i1 >= 0){
=>  379:             if(isLetter(str1[i1])){
    380:                 assert(i1 >= 0);
    381:                 assert(i2 == 0);

# 1 0x0041F2B6 in C:\Users\Иван\Documents\oneginUpgrade\main.exe: wordsComparatorUpReverse() at C:/Users/Иван/Documents/oneginUpgrade/./main.cpp:161:

    159:     const char* str1 = *((const char* const*) ptrstr1);
    160:     const char* str2 = *((const char* const*) ptrstr2);
=>  161:     int res = strCmpWithoutPunctuationAndRegisterReverse(str1, str2);
    162:     // char* str1Rev = reverseString(str1);
    163:     // char* str2Rev = reverseString(str2);

# 2 0x7658DC33 in C:\Windows\System32\msvcrt.dll: qsort()

# 3 0x0041EDFA in C:\Users\Иван\Documents\oneginUpgrade\main.exe: main() at C:/Users/Иван/Documents/oneginUpgrade/./main.cpp:55:

     53:     printLinesInFile(filePtr, text.arrOfStrPtr, text.numLines);
     54: 
=>   55:     qsort(text.arrOfStrPtr, text.numLines, sizeof(text.arrOfStrPtr[0]), wordsComparatorUpReverse);
     56:     printLinesInFile(filePtr, text.arrOfStrPtr, text.numLines);
     57: 

--------------------------------------------------
Developed with:

The Dumb Artist Library (TX Library)
TXLib [Ver: 00173a, Rev: 175, Date: 2025-12-31 23:02:50 +0400]
Copyright (C) Ded (Ilya Dedinsky, http://txlib.ru) <mail@txlib.ru>
See license on: http://txlib.ru

TXLib file:	c:\users\иван\downloads\codeblocks\mingw\include\txlib.h
Compiled:	Sep 24 2026 11:04:36, GNU g++ 4.8.1, std=201103L, MinGW Runtime 3.20, 32-bit, Debug
Started:	Sep 24 2026 11:04:38

Run file:	C:\Users\Иван\Documents\oneginUpgrade\main.exe
Directory:	C:\Users\Иван\Documents\oneginUpgrade

--------------------------------------------------

--------------------------------------------------
TXLib соболезнует...

Программа: C:\Users\Иван\Documents\oneginUpgrade\main.exe,

ВНЕЗАПНО: signal (11, 0x00): SIGSEGV: Доступ по неверному указателю. Ставьте ассерты! 

Нарушение доступа к памяти.

#1: Исключение EXCEPTION_ACCESS_VIOLATION (0xC0000005) при выполнении кода по адресу 0x0042003B в функции strCmpWithoutPunctuationAndRegisterReverse() в файле C:/Users/Иван/Documents/oneginUpgrade/./main.cpp на строке 379. Попытка прочесть данные по адресу 0x02E2FFFF в модуле C:\Users\Иван\Documents\oneginUpgrade\main.exe. Спасибо _txUnhandledExceptionFilter(), что сообщил. Люблю его <3

С помощью функции signal() вы можете сами обработать эту ошибку.

#2: TXLib [Ver: 00173a, Rev: 175, Date: 2025-12-31 23:02:50 +0400], Instance: 0x004F81DC (32-bit), Flags: Cmdre0, Thread: 0x5120 (Main). 

--------------------------------------------------
Стек вызовов:

# 0 0x0042003B in C:\Users\Иван\Documents\oneginUpgrade\main.exe: strCmpWithoutPunctuationAndRegisterReverse() at C:/Users/Иван/Documents/oneginUpgrade/./main.cpp:379:

    377:     else if(i2 == 0 && i1 >= 0){
    378:         while(i1 >= 0){
=>  379:             if(isLetter(str1[i1])){
    380:                 assert(i1 >= 0);
    381:                 assert(i2 == 0);

# 1 0x0041F2B6 in C:\Users\Иван\Documents\oneginUpgrade\main.exe: wordsComparatorUpReverse() at C:/Users/Иван/Documents/oneginUpgrade/./main.cpp:161:

    159:     const char* str1 = *((const char* const*) ptrstr1);
    160:     const char* str2 = *((const char* const*) ptrstr2);
=>  161:     int res = strCmpWithoutPunctuationAndRegisterReverse(str1, str2);
    162:     // char* str1Rev = reverseString(str1);
    163:     // char* str2Rev = reverseString(str2);

# 2 0x7658DC33 in C:\Windows\System32\msvcrt.dll: qsort()

# 3 0x0041EDFA in C:\Users\Иван\Documents\oneginUpgrade\main.exe: main() at C:/Users/Иван/Documents/oneginUpgrade/./main.cpp:55:

     53:     printLinesInFile(filePtr, text.arrOfStrPtr, text.numLines);
     54: 
=>   55:     qsort(text.arrOfStrPtr, text.numLines, sizeof(text.arrOfStrPtr[0]), wordsComparatorUpReverse);
     56:     printLinesInFile(filePtr, text.arrOfStrPtr, text.numLines);
     57: 

--------------------------------------------------
Developed with:

The Dumb Artist Library (TX Library)
TXLib [Ver: 00173a, Rev: 175, Date: 2025-12-31 23:02:50 +0400]
Copyright (C) Ded (Ilya Dedinsky, http://txlib.ru) <mail@txlib.ru>
See license on: http://txlib.ru

TXLib file:	c:\users\иван\downloads\codeblocks\mingw\include\txlib.h
Compiled:	Sep 24 2026 11:04:36, GNU g++ 4.8.1, std=201103L, MinGW Runtime 3.20, 32-bit, Debug
Started:	Sep 24 2026 11:04:38

Run file:	C:\Users\Иван\Documents\oneginUpgrade\main.exe
Directory:	C:\Users\Иван\Documents\oneginUpgrade

--------------------------------------------------

--------------------------------------------------
TXLib предупреждает:

Программа: C:\Users\Иван\Documents\oneginUpgrade\main.exe,

ВНЕЗАПНО: Нарушение доступа к памяти.

#1: Исключение EXCEPTION_ACCESS_VIOLATION (0xC0000005) при выполнении кода по адресу 0x0042003B в функции strCmpWithoutPunctuationAndRegisterReverse() в файле C:/Users/Иван/Documents/oneginUpgrade/./main.cpp на строке 379. Попытка прочесть данные по адресу 0x0285FFFF в модуле C:\Users\Иван\Documents\oneginUpgrade\main.exe. Спасибо _txUnhandledExceptionFilter(), что сообщил. Люблю его <3

#1: TXLib [Ver: 00173a, Rev: 175, Date: 2025-12-31 23:02:50 +0400], Instance: 0x004F81DC (32-bit), Flags: Cmdre0, Thread: 0x3BB8 (Main). 

--------------------------------------------------
Стек вызовов:

# 0 0x0042003B in C:\Users\Иван\Documents\oneginUpgrade\main.exe: strCmpWithoutPunctuationAndRegisterReverse() at C:/Users/Иван/Documents/oneginUpgrade/./main.cpp:379:

    377:     else if(i2 == 0 && i1 >= 0){
    378:         while(i1 >= 0){
=>  379:             if(isLetter(str1[i1])){
    380:                 assert(i1 >= 0);
    381:                 assert(i2 == 0);

# 1 0x0041F2B6 in C:\Users\Иван\Documents\oneginUpgrade\main.exe: wordsComparatorUpReverse() at C:/Users/Иван/Documents/oneginUpgrade/./main.cpp:161:

    159:     const char* str1 = *((const char* const*) ptrstr1);
    160:     const char* str2 = *((const char* const*) ptrstr2);
=>  161:     int res = strCmpWithoutPunctuationAndRegisterReverse(str1, str2);
    162:     // char* str1Rev = reverseString(str1);
    163:     // char* str2Rev = reverseString(str2);

# 2 0x7658DC33 in C:\Windows\System32\msvcrt.dll: qsort()

# 3 0x0041EDFA in C:\Users\Иван\Documents\oneginUpgrade\main.exe: main() at C:/Users/Иван/Documents/oneginUpgrade/./main.cpp:55:

     53:     printLinesInFile(filePtr, text.arrOfStrPtr, text.numLines);
     54: 
=>   55:     qsort(text.arrOfStrPtr, text.numLines, sizeof(text.arrOfStrPtr[0]), wordsComparatorUpReverse);
     56:     printLinesInFile(filePtr, text.arrOfStrPtr, text.numLines);
     57: 

--------------------------------------------------
Developed with:

The Dumb Artist Library (TX Library)
TXLib [Ver: 00173a, Rev: 175, Date: 2025-12-31 23:02:50 +0400]
Copyright (C) Ded (Ilya Dedinsky, http://txlib.ru) <mail@txlib.ru>
See license on: http://txlib.ru

TXLib file:	c:\users\иван\downloads\codeblocks\mingw\include\txlib.h
Compiled:	Sep 24 2026 11:05:56, GNU g++ 4.8.1, std=201103L, MinGW Runtime 3.20, 32-bit, Debug
Started:	Sep 24 2026 11:05:59

Run file:	C:\Users\Иван\Documents\oneginUpgrade\main.exe
Directory:	C:\Users\Иван\Documents\oneginUpgrade

--------------------------------------------------

--------------------------------------------------
TXLib соболезнует...

Программа: C:\Users\Иван\Documents\oneginUpgrade\main.exe,

ВНЕЗАПНО: signal (11, 0x00): SIGSEGV: Доступ по неверному указателю. Ставьте ассерты! 

Нарушение доступа к памяти.

#1: Исключение EXCEPTION_ACCESS_VIOLATION (0xC0000005) при выполнении кода по адресу 0x0042003B в функции strCmpWithoutPunctuationAndRegisterReverse() в файле C:/Users/Иван/Documents/oneginUpgrade/./main.cpp на строке 379. Попытка прочесть данные по адресу 0x0285FFFF в модуле C:\Users\Иван\Documents\oneginUpgrade\main.exe. Спасибо _txUnhandledExceptionFilter(), что сообщил. Люблю его <3

С помощью функции signal() вы можете сами обработать эту ошибку.

#2: TXLib [Ver: 00173a, Rev: 175, Date: 2025-12-31 23:02:50 +0400], Instance: 0x004F81DC (32-bit), Flags: Cmdre0, Thread: 0x3BB8 (Main). 

--------------------------------------------------
Стек вызовов:

# 0 0x0042003B in C:\Users\Иван\Documents\oneginUpgrade\main.exe: strCmpWithoutPunctuationAndRegisterReverse() at C:/Users/Иван/Documents/oneginUpgrade/./main.cpp:379:

    377:     else if(i2 == 0 && i1 >= 0){
    378:         while(i1 >= 0){
=>  379:             if(isLetter(str1[i1])){
    380:                 assert(i1 >= 0);
    381:                 assert(i2 == 0);

# 1 0x0041F2B6 in C:\Users\Иван\Documents\oneginUpgrade\main.exe: wordsComparatorUpReverse() at C:/Users/Иван/Documents/oneginUpgrade/./main.cpp:161:

    159:     const char* str1 = *((const char* const*) ptrstr1);
    160:     const char* str2 = *((const char* const*) ptrstr2);
=>  161:     int res = strCmpWithoutPunctuationAndRegisterReverse(str1, str2);
    162:     // char* str1Rev = reverseString(str1);
    163:     // char* str2Rev = reverseString(str2);

# 2 0x7658DC33 in C:\Windows\System32\msvcrt.dll: qsort()

# 3 0x0041EDFA in C:\Users\Иван\Documents\oneginUpgrade\main.exe: main() at C:/Users/Иван/Documents/oneginUpgrade/./main.cpp:55:

     53:     printLinesInFile(filePtr, text.arrOfStrPtr, text.numLines);
     54: 
=>   55:     qsort(text.arrOfStrPtr, text.numLines, sizeof(text.arrOfStrPtr[0]), wordsComparatorUpReverse);
     56:     printLinesInFile(filePtr, text.arrOfStrPtr, text.numLines);
     57: 

--------------------------------------------------
Developed with:

The Dumb Artist Library (TX Library)
TXLib [Ver: 00173a, Rev: 175, Date: 2025-12-31 23:02:50 +0400]
Copyright (C) Ded (Ilya Dedinsky, http://txlib.ru) <mail@txlib.ru>
See license on: http://txlib.ru

TXLib file:	c:\users\иван\downloads\codeblocks\mingw\include\txlib.h
Compiled:	Sep 24 2026 11:05:56, GNU g++ 4.8.1, std=201103L, MinGW Runtime 3.20, 32-bit, Debug
Started:	Sep 24 2026 11:05:59

Run file:	C:\Users\Иван\Documents\oneginUpgrade\main.exe
Directory:	C:\Users\Иван\Documents\oneginUpgrade

--------------------------------------------------

--------------------------------------------------
TXLib предупреждает:

Программа: C:\Users\Иван\Documents\oneginUpgrade\main.exe,

ВНЕЗАПНО: Нарушение доступа к памяти.

#1: Исключение EXCEPTION_ACCESS_VIOLATION (0xC0000005) при выполнении кода по адресу 0x0041FF12 в функции strCmpWithoutPunctuationAndRegisterReverse() в файле C:/Users/Иван/Documents/oneginUpgrade/./main.cpp на строке 362. Попытка прочесть данные по адресу 0x02DEFFFF в модуле C:\Users\Иван\Documents\oneginUpgrade\main.exe. Спасибо _txUnhandledExceptionFilter(), что сообщил. Люблю его <3

#1: TXLib [Ver: 00173a, Rev: 175, Date: 2025-12-31 23:02:50 +0400], Instance: 0x004F81DC (32-bit), Flags: Cmdre0, Thread: 0x20F4 (Main). 

--------------------------------------------------
Стек вызовов:

# 0 0x0041FF12 in C:\Users\Иван\Documents\oneginUpgrade\main.exe: strCmpWithoutPunctuationAndRegisterReverse() at C:/Users/Иван/Documents/oneginUpgrade/./main.cpp:362:

    360:     if(i1 == 0 && i2 >= 0){
    361:         while(i2 >= 0){
=>  362:             if(isLetter(str2[i2])){
    363:                 assert(i2 >= 0);
    364:                 assert(i1 == 0);

# 1 0x0041F2B6 in C:\Users\Иван\Documents\oneginUpgrade\main.exe: wordsComparatorUpReverse() at C:/Users/Иван/Documents/oneginUpgrade/./main.cpp:161:

    159:     const char* str1 = *((const char* const*) ptrstr1);
    160:     const char* str2 = *((const char* const*) ptrstr2);
=>  161:     int res = strCmpWithoutPunctuationAndRegisterReverse(str1, str2);
    162:     // char* str1Rev = reverseString(str1);
    163:     // char* str2Rev = reverseString(str2);

# 2 0x7658DB95 in C:\Windows\System32\msvcrt.dll: qsort()

# 3 0x0041EDFA in C:\Users\Иван\Documents\oneginUpgrade\main.exe: main() at C:/Users/Иван/Documents/oneginUpgrade/./main.cpp:55:

     53:     printLinesInFile(filePtr, text.arrOfStrPtr, text.numLines);
     54: 
=>   55:     qsort(text.arrOfStrPtr, text.numLines, sizeof(text.arrOfStrPtr[0]), wordsComparatorUpReverse);
     56:     printLinesInFile(filePtr, text.arrOfStrPtr, text.numLines);
     57: 

--------------------------------------------------
Developed with:

The Dumb Artist Library (TX Library)
TXLib [Ver: 00173a, Rev: 175, Date: 2025-12-31 23:02:50 +0400]
Copyright (C) Ded (Ilya Dedinsky, http://txlib.ru) <mail@txlib.ru>
See license on: http://txlib.ru

TXLib file:	c:\users\иван\downloads\codeblocks\mingw\include\txlib.h
Compiled:	Sep 24 2026 11:08:06, GNU g++ 4.8.1, std=201103L, MinGW Runtime 3.20, 32-bit, Debug
Started:	Sep 24 2026 11:08:08

Run file:	C:\Users\Иван\Documents\oneginUpgrade\main.exe
Directory:	C:\Users\Иван\Documents\oneginUpgrade

--------------------------------------------------

--------------------------------------------------
TXLib соболезнует...

Программа: C:\Users\Иван\Documents\oneginUpgrade\main.exe,

ВНЕЗАПНО: signal (11, 0x00): SIGSEGV: Доступ по неверному указателю. Ставьте ассерты! 

Нарушение доступа к памяти.

#1: Исключение EXCEPTION_ACCESS_VIOLATION (0xC0000005) при выполнении кода по адресу 0x0041FF12 в функции strCmpWithoutPunctuationAndRegisterReverse() в файле C:/Users/Иван/Documents/oneginUpgrade/./main.cpp на строке 362. Попытка прочесть данные по адресу 0x02DEFFFF в модуле C:\Users\Иван\Documents\oneginUpgrade\main.exe. Спасибо _txUnhandledExceptionFilter(), что сообщил. Люблю его <3

С помощью функции signal() вы можете сами обработать эту ошибку.

#2: TXLib [Ver: 00173a, Rev: 175, Date: 2025-12-31 23:02:50 +0400], Instance: 0x004F81DC (32-bit), Flags: Cmdre0, Thread: 0x20F4 (Main). 

--------------------------------------------------
Стек вызовов:

# 0 0x0041FF12 in C:\Users\Иван\Documents\oneginUpgrade\main.exe: strCmpWithoutPunctuationAndRegisterReverse() at C:/Users/Иван/Documents/oneginUpgrade/./main.cpp:362:

    360:     if(i1 == 0 && i2 >= 0){
    361:         while(i2 >= 0){
=>  362:             if(isLetter(str2[i2])){
    363:                 assert(i2 >= 0);
    364:                 assert(i1 == 0);

# 1 0x0041F2B6 in C:\Users\Иван\Documents\oneginUpgrade\main.exe: wordsComparatorUpReverse() at C:/Users/Иван/Documents/oneginUpgrade/./main.cpp:161:

    159:     const char* str1 = *((const char* const*) ptrstr1);
    160:     const char* str2 = *((const char* const*) ptrstr2);
=>  161:     int res = strCmpWithoutPunctuationAndRegisterReverse(str1, str2);
    162:     // char* str1Rev = reverseString(str1);
    163:     // char* str2Rev = reverseString(str2);

# 2 0x7658DB95 in C:\Windows\System32\msvcrt.dll: qsort()

# 3 0x0041EDFA in C:\Users\Иван\Documents\oneginUpgrade\main.exe: main() at C:/Users/Иван/Documents/oneginUpgrade/./main.cpp:55:

     53:     printLinesInFile(filePtr, text.arrOfStrPtr, text.numLines);
     54: 
=>   55:     qsort(text.arrOfStrPtr, text.numLines, sizeof(text.arrOfStrPtr[0]), wordsComparatorUpReverse);
     56:     printLinesInFile(filePtr, text.arrOfStrPtr, text.numLines);
     57: 

--------------------------------------------------
Developed with:

The Dumb Artist Library (TX Library)
TXLib [Ver: 00173a, Rev: 175, Date: 2025-12-31 23:02:50 +0400]
Copyright (C) Ded (Ilya Dedinsky, http://txlib.ru) <mail@txlib.ru>
See license on: http://txlib.ru

TXLib file:	c:\users\иван\downloads\codeblocks\mingw\include\txlib.h
Compiled:	Sep 24 2026 11:08:06, GNU g++ 4.8.1, std=201103L, MinGW Runtime 3.20, 32-bit, Debug
Started:	Sep 24 2026 11:08:08

Run file:	C:\Users\Иван\Documents\oneginUpgrade\main.exe
Directory:	C:\Users\Иван\Documents\oneginUpgrade

--------------------------------------------------

--------------------------------------------------
TXLib соболезнует...

Программа: C:\Users\Иван\Documents\oneginUpgrade\main.exe, файл: .\main.cpp, строка: 330, функция: int strCmpWithoutPunctuationAndRegisterReverse(const char*, const char*),

Сообщение: ВНЕЗАПНО: Логическая ошибка: Неверно, что "i1 >= 0".

#1: TXLib [Ver: 00173a, Rev: 175, Date: 2025-12-31 23:02:50 +0400], Instance: 0x004F81DC (32-bit), Flags: Cmdre0, Thread: 0x4B88 (Main), GetLastError(): 183 (Невозможно создать файл, так как он уже существует). 

--------------------------------------------------
Стек вызовов:

# 0 0x0041FCEA in C:\Users\Иван\Documents\oneginUpgrade\main.exe: strCmpWithoutPunctuationAndRegisterReverse() at C:/Users/Иван/Documents/oneginUpgrade/./main.cpp:330:

    328:     int i1 = size1 - 1;
    329:     int i2 = size2 - 1;
=>  330:     assert(i1 >= 0);
    331:     assert(i2 >= 0);
    332:     while(i1 > 0 && i2 > 0){

# 1 0x0041F2B6 in C:\Users\Иван\Documents\oneginUpgrade\main.exe: wordsComparatorUpReverse() at C:/Users/Иван/Documents/oneginUpgrade/./main.cpp:161:

    159:     const char* str1 = *((const char* const*) ptrstr1);
    160:     const char* str2 = *((const char* const*) ptrstr2);
=>  161:     int res = strCmpWithoutPunctuationAndRegisterReverse(str1, str2);
    162:     // char* str1Rev = reverseString(str1);
    163:     // char* str2Rev = reverseString(str2);

# 2 0x7658DB95 in C:\Windows\System32\msvcrt.dll: qsort()

# 3 0x0041EDFA in C:\Users\Иван\Documents\oneginUpgrade\main.exe: main() at C:/Users/Иван/Documents/oneginUpgrade/./main.cpp:55:

     53:     printLinesInFile(filePtr, text.arrOfStrPtr, text.numLines);
     54: 
=>   55:     qsort(text.arrOfStrPtr, text.numLines, sizeof(text.arrOfStrPtr[0]), wordsComparatorUpReverse);
     56:     printLinesInFile(filePtr, text.arrOfStrPtr, text.numLines);
     57: 

--------------------------------------------------
Developed with:

The Dumb Artist Library (TX Library)
TXLib [Ver: 00173a, Rev: 175, Date: 2025-12-31 23:02:50 +0400]
Copyright (C) Ded (Ilya Dedinsky, http://txlib.ru) <mail@txlib.ru>
See license on: http://txlib.ru

TXLib file:	c:\users\иван\downloads\codeblocks\mingw\include\txlib.h
Compiled:	Sep 24 2026 11:08:56, GNU g++ 4.8.1, std=201103L, MinGW Runtime 3.20, 32-bit, Debug
Started:	Sep 24 2026 11:08:58

Run file:	C:\Users\Иван\Documents\oneginUpgrade\main.exe
Directory:	C:\Users\Иван\Documents\oneginUpgrade

--------------------------------------------------

--------------------------------------------------
TXLib соболезнует...

Программа: C:\Users\Иван\Documents\oneginUpgrade\main.exe, файл: .\main.cpp, строка: 330, функция: int strCmpWithoutPunctuationAndRegisterReverse(const char*, const char*),

Сообщение: ВНЕЗАПНО: Логическая ошибка: Неверно, что "i1 >= 0".

#1: TXLib [Ver: 00173a, Rev: 175, Date: 2025-12-31 23:02:50 +0400], Instance: 0x004F81DC (32-bit), Flags: Cmdre0, Thread: 0xD4C (Main), GetLastError(): 183 (Невозможно создать файл, так как он уже существует). 

--------------------------------------------------
Стек вызовов:

# 0 0x0041FCEA in C:\Users\Иван\Documents\oneginUpgrade\main.exe: strCmpWithoutPunctuationAndRegisterReverse() at C:/Users/Иван/Documents/oneginUpgrade/./main.cpp:330:

    328:     int i1 = size1 - 1;
    329:     int i2 = size2 - 1;
=>  330:     assert(i1 >= 0);
    331:     assert(i2 >= 0);
    332:     while(i1 > 0 && i2 > 0){

# 1 0x0041F2B6 in C:\Users\Иван\Documents\oneginUpgrade\main.exe: wordsComparatorUpReverse() at C:/Users/Иван/Documents/oneginUpgrade/./main.cpp:161:

    159:     const char* str1 = *((const char* const*) ptrstr1);
    160:     const char* str2 = *((const char* const*) ptrstr2);
=>  161:     int res = strCmpWithoutPunctuationAndRegisterReverse(str1, str2);
    162:     // char* str1Rev = reverseString(str1);
    163:     // char* str2Rev = reverseString(str2);

# 2 0x7658DB95 in C:\Windows\System32\msvcrt.dll: qsort()

# 3 0x0041EDFA in C:\Users\Иван\Documents\oneginUpgrade\main.exe: main() at C:/Users/Иван/Documents/oneginUpgrade/./main.cpp:55:

     53:     printLinesInFile(filePtr, text.arrOfStrPtr, text.numLines);
     54: 
=>   55:     qsort(text.arrOfStrPtr, text.numLines, sizeof(text.arrOfStrPtr[0]), wordsComparatorUpReverse);
     56:     printLinesInFile(filePtr, text.arrOfStrPtr, text.numLines);
     57: 

--------------------------------------------------
Developed with:

The Dumb Artist Library (TX Library)
TXLib [Ver: 00173a, Rev: 175, Date: 2025-12-31 23:02:50 +0400]
Copyright (C) Ded (Ilya Dedinsky, http://txlib.ru) <mail@txlib.ru>
See license on: http://txlib.ru

TXLib file:	c:\users\иван\downloads\codeblocks\mingw\include\txlib.h
Compiled:	Sep 24 2026 11:10:32, GNU g++ 4.8.1, std=201103L, MinGW Runtime 3.20, 32-bit, Debug
Started:	Sep 24 2026 11:10:34

Run file:	C:\Users\Иван\Documents\oneginUpgrade\main.exe
Directory:	C:\Users\Иван\Documents\oneginUpgrade

--------------------------------------------------

--------------------------------------------------
TXLib соболезнует...

Программа: C:\Users\Иван\Documents\oneginUpgrade\main.exe, файл: .\main.cpp, строка: 328, функция: int strCmpWithoutPunctuationAndRegisterReverse(const char*, const char*),

Сообщение: ВНЕЗАПНО: Логическая ошибка: Неверно, что "size1 > 0".

#1: TXLib [Ver: 00173a, Rev: 175, Date: 2025-12-31 23:02:50 +0400], Instance: 0x004F81DC (32-bit), Flags: Cmdre0, Thread: 0x1610 (Main), GetLastError(): 183 (Невозможно создать файл, так как он уже существует). 

--------------------------------------------------
Стек вызовов:

# 0 0x0041FCD8 in C:\Users\Иван\Documents\oneginUpgrade\main.exe: strCmpWithoutPunctuationAndRegisterReverse() at C:/Users/Иван/Documents/oneginUpgrade/./main.cpp:328:

    326:     size_t size1 = strlen(str1);
    327:     size_t size2 = strlen(str2);    
=>  328:     assert(size1 > 0);
    329:     assert(size2 > 0);
    330:     int i1 = size1 - 1;

# 1 0x0041F2B6 in C:\Users\Иван\Documents\oneginUpgrade\main.exe: wordsComparatorUpReverse() at C:/Users/Иван/Documents/oneginUpgrade/./main.cpp:161:

    159:     const char* str1 = *((const char* const*) ptrstr1);
    160:     const char* str2 = *((const char* const*) ptrstr2);
=>  161:     int res = strCmpWithoutPunctuationAndRegisterReverse(str1, str2);
    162:     // char* str1Rev = reverseString(str1);
    163:     // char* str2Rev = reverseString(str2);

# 2 0x7658DB95 in C:\Windows\System32\msvcrt.dll: qsort()

# 3 0x0041EDFA in C:\Users\Иван\Documents\oneginUpgrade\main.exe: main() at C:/Users/Иван/Documents/oneginUpgrade/./main.cpp:55:

     53:     printLinesInFile(filePtr, text.arrOfStrPtr, text.numLines);
     54: 
=>   55:     qsort(text.arrOfStrPtr, text.numLines, sizeof(text.arrOfStrPtr[0]), wordsComparatorUpReverse);
     56:     printLinesInFile(filePtr, text.arrOfStrPtr, text.numLines);
     57: 

--------------------------------------------------
Developed with:

The Dumb Artist Library (TX Library)
TXLib [Ver: 00173a, Rev: 175, Date: 2025-12-31 23:02:50 +0400]
Copyright (C) Ded (Ilya Dedinsky, http://txlib.ru) <mail@txlib.ru>
See license on: http://txlib.ru

TXLib file:	c:\users\иван\downloads\codeblocks\mingw\include\txlib.h
Compiled:	Sep 24 2026 11:11:48, GNU g++ 4.8.1, std=201103L, MinGW Runtime 3.20, 32-bit, Debug
Started:	Sep 24 2026 11:11:50

Run file:	C:\Users\Иван\Documents\oneginUpgrade\main.exe
Directory:	C:\Users\Иван\Documents\oneginUpgrade

--------------------------------------------------

--------------------------------------------------
TXLib соболезнует...

Программа: C:\Users\Иван\Documents\oneginUpgrade\main.exe, файл: .\main.cpp, строка: 332, функция: int strCmpWithoutPunctuationAndRegisterReverse(const char*, const char*),

Сообщение: ВНЕЗАПНО: Логическая ошибка: Неверно, что "i1 >= 0".

#1: TXLib [Ver: 00173a, Rev: 175, Date: 2025-12-31 23:02:50 +0400], Instance: 0x004F81DC (32-bit), Flags: Cmdre0, Thread: 0x4D4C (Main), GetLastError(): 183 (Невозможно создать файл, так как он уже существует). 

--------------------------------------------------
Стек вызовов:

# 0 0x0041FD02 in C:\Users\Иван\Documents\oneginUpgrade\main.exe: strCmpWithoutPunctuationAndRegisterReverse() at C:/Users/Иван/Documents/oneginUpgrade/./main.cpp:332:

    330:     int i1 = size1 - 1;
    331:     int i2 = size2 - 1;
=>  332:     assert(i1 >= 0);
    333:     assert(i2 >= 0);
    334:     while(i1 > 0 && i2 > 0){

# 1 0x0041F2B6 in C:\Users\Иван\Documents\oneginUpgrade\main.exe: wordsComparatorUpReverse() at C:/Users/Иван/Documents/oneginUpgrade/./main.cpp:161:

    159:     const char* str1 = *((const char* const*) ptrstr1);
    160:     const char* str2 = *((const char* const*) ptrstr2);
=>  161:     int res = strCmpWithoutPunctuationAndRegisterReverse(str1, str2);
    162:     // char* str1Rev = reverseString(str1);
    163:     // char* str2Rev = reverseString(str2);

# 2 0x7658DB95 in C:\Windows\System32\msvcrt.dll: qsort()

# 3 0x0041EDFA in C:\Users\Иван\Documents\oneginUpgrade\main.exe: main() at C:/Users/Иван/Documents/oneginUpgrade/./main.cpp:55:

     53:     printLinesInFile(filePtr, text.arrOfStrPtr, text.numLines);
     54: 
=>   55:     qsort(text.arrOfStrPtr, text.numLines, sizeof(text.arrOfStrPtr[0]), wordsComparatorUpReverse);
     56:     printLinesInFile(filePtr, text.arrOfStrPtr, text.numLines);
     57: 

--------------------------------------------------
Developed with:

The Dumb Artist Library (TX Library)
TXLib [Ver: 00173a, Rev: 175, Date: 2025-12-31 23:02:50 +0400]
Copyright (C) Ded (Ilya Dedinsky, http://txlib.ru) <mail@txlib.ru>
See license on: http://txlib.ru

TXLib file:	c:\users\иван\downloads\codeblocks\mingw\include\txlib.h
Compiled:	Sep 24 2026 11:12:16, GNU g++ 4.8.1, std=201103L, MinGW Runtime 3.20, 32-bit, Debug
Started:	Sep 24 2026 11:12:18

Run file:	C:\Users\Иван\Documents\oneginUpgrade\main.exe
Directory:	C:\Users\Иван\Documents\oneginUpgrade

--------------------------------------------------

--------------------------------------------------
TXLib соболезнует...

Программа: C:\Users\Иван\Documents\oneginUpgrade\main.exe, файл: .\main.cpp, строка: 332, функция: int strCmpWithoutPunctuationAndRegisterReverse(const char*, const char*),

Сообщение: ВНЕЗАПНО: Логическая ошибка: Неверно, что "i1 >= 0".

#1: TXLib [Ver: 00173a, Rev: 175, Date: 2025-12-31 23:02:50 +0400], Instance: 0x004F81DC (32-bit), Flags: Cmdre0, Thread: 0x58C (Main), GetLastError(): 183 (Невозможно создать файл, так как он уже существует). 

--------------------------------------------------
Стек вызовов:

# 0 0x0041FD02 in C:\Users\Иван\Documents\oneginUpgrade\main.exe: strCmpWithoutPunctuationAndRegisterReverse() at C:/Users/Иван/Documents/oneginUpgrade/./main.cpp:332:

    330:     int i1 = size1 - 1;
    331:     int i2 = size2 - 1;
=>  332:     assert(i1 >= 0);
    333:     assert(i2 >= 0);
    334:     while(i1 > 0 && i2 > 0){

# 1 0x0041F2B6 in C:\Users\Иван\Documents\oneginUpgrade\main.exe: wordsComparatorUpReverse() at C:/Users/Иван/Documents/oneginUpgrade/./main.cpp:161:

    159:     const char* str1 = *((const char* const*) ptrstr1);
    160:     const char* str2 = *((const char* const*) ptrstr2);
=>  161:     int res = strCmpWithoutPunctuationAndRegisterReverse(str1, str2);
    162:     // char* str1Rev = reverseString(str1);
    163:     // char* str2Rev = reverseString(str2);

# 2 0x7658DB95 in C:\Windows\System32\msvcrt.dll: qsort()

# 3 0x0041EDFA in C:\Users\Иван\Documents\oneginUpgrade\main.exe: main() at C:/Users/Иван/Documents/oneginUpgrade/./main.cpp:55:

     53:     printLinesInFile(filePtr, text.arrOfStrPtr, text.numLines);
     54: 
=>   55:     qsort(text.arrOfStrPtr, text.numLines, sizeof(text.arrOfStrPtr[0]), wordsComparatorUpReverse);
     56:     printLinesInFile(filePtr, text.arrOfStrPtr, text.numLines);
     57: 

--------------------------------------------------
Developed with:

The Dumb Artist Library (TX Library)
TXLib [Ver: 00173a, Rev: 175, Date: 2025-12-31 23:02:50 +0400]
Copyright (C) Ded (Ilya Dedinsky, http://txlib.ru) <mail@txlib.ru>
See license on: http://txlib.ru

TXLib file:	c:\users\иван\downloads\codeblocks\mingw\include\txlib.h
Compiled:	Sep 24 2026 11:12:25, GNU g++ 4.8.1, std=201103L, MinGW Runtime 3.20, 32-bit, Debug
Started:	Sep 24 2026 11:12:28

Run file:	C:\Users\Иван\Documents\oneginUpgrade\main.exe
Directory:	C:\Users\Иван\Documents\oneginUpgrade

--------------------------------------------------

--------------------------------------------------
TXLib соболезнует...

Программа: C:\Users\Иван\Documents\oneginUpgrade\main.exe, файл: .\main.cpp, строка: 328, функция: int strCmpWithoutPunctuationAndRegisterReverse(const char*, const char*),

Сообщение: ВНЕЗАПНО: Логическая ошибка: Неверно, что "size1 > 0".

#1: TXLib [Ver: 00173a, Rev: 175, Date: 2025-12-31 23:02:50 +0400], Instance: 0x004F81DC (32-bit), Flags: Cmdre0, Thread: 0x2EAC (Main), GetLastError(): 183 (Невозможно создать файл, так как он уже существует). 

--------------------------------------------------
Стек вызовов:

# 0 0x0041FCD8 in C:\Users\Иван\Documents\oneginUpgrade\main.exe: strCmpWithoutPunctuationAndRegisterReverse() at C:/Users/Иван/Documents/oneginUpgrade/./main.cpp:328:

    326:     size_t size1 = strlen(str1);
    327:     size_t size2 = strlen(str2);    
=>  328:     assert(size1 > 0);
    329:     assert(size2 > 0);
    330:     int i1 = size1 - 1;

# 1 0x0041F2B6 in C:\Users\Иван\Documents\oneginUpgrade\main.exe: wordsComparatorUpReverse() at C:/Users/Иван/Documents/oneginUpgrade/./main.cpp:161:

    159:     const char* str1 = *((const char* const*) ptrstr1);
    160:     const char* str2 = *((const char* const*) ptrstr2);
=>  161:     int res = strCmpWithoutPunctuationAndRegisterReverse(str1, str2);
    162:     // char* str1Rev = reverseString(str1);
    163:     // char* str2Rev = reverseString(str2);

# 2 0x7658DB95 in C:\Windows\System32\msvcrt.dll: qsort()

# 3 0x0041EDFA in C:\Users\Иван\Documents\oneginUpgrade\main.exe: main() at C:/Users/Иван/Documents/oneginUpgrade/./main.cpp:55:

     53:     printLinesInFile(filePtr, text.arrOfStrPtr, text.numLines);
     54: 
=>   55:     qsort(text.arrOfStrPtr, text.numLines, sizeof(text.arrOfStrPtr[0]), wordsComparatorUpReverse);
     56:     printLinesInFile(filePtr, text.arrOfStrPtr, text.numLines);
     57: 

--------------------------------------------------
Developed with:

The Dumb Artist Library (TX Library)
TXLib [Ver: 00173a, Rev: 175, Date: 2025-12-31 23:02:50 +0400]
Copyright (C) Ded (Ilya Dedinsky, http://txlib.ru) <mail@txlib.ru>
See license on: http://txlib.ru

TXLib file:	c:\users\иван\downloads\codeblocks\mingw\include\txlib.h
Compiled:	Sep 24 2026 11:13:19, GNU g++ 4.8.1, std=201103L, MinGW Runtime 3.20, 32-bit, Debug
Started:	Sep 24 2026 11:13:21

Run file:	C:\Users\Иван\Documents\oneginUpgrade\main.exe
Directory:	C:\Users\Иван\Documents\oneginUpgrade

--------------------------------------------------

--------------------------------------------------
TXLib соболезнует...

Программа: C:\Users\Иван\Documents\oneginUpgrade\main.exe, файл: .\main.cpp, строка: 332, функция: int strCmpWithoutPunctuationAndRegisterReverse(const char*, const char*),

Сообщение: ВНЕЗАПНО: Логическая ошибка: Неверно, что "i1 >= 0".

#1: TXLib [Ver: 00173a, Rev: 175, Date: 2025-12-31 23:02:50 +0400], Instance: 0x004F81DC (32-bit), Flags: Cmdre0, Thread: 0x21F8 (Main), GetLastError(): 183 (Невозможно создать файл, так как он уже существует). 

--------------------------------------------------
Стек вызовов:

# 0 0x0041FD02 in C:\Users\Иван\Documents\oneginUpgrade\main.exe: strCmpWithoutPunctuationAndRegisterReverse() at C:/Users/Иван/Documents/oneginUpgrade/./main.cpp:332:

    330:     int i1 = size1 - 1;
    331:     int i2 = size2 - 1;
=>  332:     assert(i1 >= 0);
    333:     assert(i2 >= 0);
    334:     while(i1 > 0 && i2 > 0){

# 1 0x0041F2B6 in C:\Users\Иван\Documents\oneginUpgrade\main.exe: wordsComparatorUpReverse() at C:/Users/Иван/Documents/oneginUpgrade/./main.cpp:161:

    159:     const char* str1 = *((const char* const*) ptrstr1);
    160:     const char* str2 = *((const char* const*) ptrstr2);
=>  161:     int res = strCmpWithoutPunctuationAndRegisterReverse(str1, str2);
    162:     // char* str1Rev = reverseString(str1);
    163:     // char* str2Rev = reverseString(str2);

# 2 0x7658DB95 in C:\Windows\System32\msvcrt.dll: qsort()

# 3 0x0041EDFA in C:\Users\Иван\Documents\oneginUpgrade\main.exe: main() at C:/Users/Иван/Documents/oneginUpgrade/./main.cpp:55:

     53:     printLinesInFile(filePtr, text.arrOfStrPtr, text.numLines);
     54: 
=>   55:     qsort(text.arrOfStrPtr, text.numLines, sizeof(text.arrOfStrPtr[0]), wordsComparatorUpReverse);
     56:     printLinesInFile(filePtr, text.arrOfStrPtr, text.numLines);
     57: 

--------------------------------------------------
Developed with:

The Dumb Artist Library (TX Library)
TXLib [Ver: 00173a, Rev: 175, Date: 2025-12-31 23:02:50 +0400]
Copyright (C) Ded (Ilya Dedinsky, http://txlib.ru) <mail@txlib.ru>
See license on: http://txlib.ru

TXLib file:	c:\users\иван\downloads\codeblocks\mingw\include\txlib.h
Compiled:	Sep 24 2026 11:13:39, GNU g++ 4.8.1, std=201103L, MinGW Runtime 3.20, 32-bit, Debug
Started:	Sep 24 2026 11:13:42

Run file:	C:\Users\Иван\Documents\oneginUpgrade\main.exe
Directory:	C:\Users\Иван\Documents\oneginUpgrade

--------------------------------------------------

--------------------------------------------------
TXLib соболезнует...

Программа: C:\Users\Иван\Documents\oneginUpgrade\main.exe, файл: .\main.cpp, строка: 360, функция: int strCmpWithoutPunctuationAndRegisterReverse(const char*, const char*),

Сообщение: ВНЕЗАПНО: Логическая ошибка: Неверно, что "i1 >= 0".

#1: TXLib [Ver: 00173a, Rev: 175, Date: 2025-12-31 23:02:50 +0400], Instance: 0x004F81DC (32-bit), Flags: Cmdre0, Thread: 0x28A0 (Main), GetLastError(): 183 (Невозможно создать файл, так как он уже существует). 

--------------------------------------------------
Стек вызовов:

# 0 0x0041FF28 in C:\Users\Иван\Documents\oneginUpgrade\main.exe: strCmpWithoutPunctuationAndRegisterReverse() at C:/Users/Иван/Documents/oneginUpgrade/./main.cpp:360:

    358:         }
    359:     }
=>  360:     assert(i1 >= 0);
    361:     assert(i2 >= 0);
    362:     if(i1 == 0 && i2 >= 0){

# 1 0x0041F2B6 in C:\Users\Иван\Documents\oneginUpgrade\main.exe: wordsComparatorUpReverse() at C:/Users/Иван/Documents/oneginUpgrade/./main.cpp:161:

    159:     const char* str1 = *((const char* const*) ptrstr1);
    160:     const char* str2 = *((const char* const*) ptrstr2);
=>  161:     int res = strCmpWithoutPunctuationAndRegisterReverse(str1, str2);
    162:     // char* str1Rev = reverseString(str1);
    163:     // char* str2Rev = reverseString(str2);

# 2 0x7658DB95 in C:\Windows\System32\msvcrt.dll: qsort()

# 3 0x0041EDFA in C:\Users\Иван\Documents\oneginUpgrade\main.exe: main() at C:/Users/Иван/Documents/oneginUpgrade/./main.cpp:55:

     53:     printLinesInFile(filePtr, text.arrOfStrPtr, text.numLines);
     54: 
=>   55:     qsort(text.arrOfStrPtr, text.numLines, sizeof(text.arrOfStrPtr[0]), wordsComparatorUpReverse);
     56:     printLinesInFile(filePtr, text.arrOfStrPtr, text.numLines);
     57: 

--------------------------------------------------
Developed with:

The Dumb Artist Library (TX Library)
TXLib [Ver: 00173a, Rev: 175, Date: 2025-12-31 23:02:50 +0400]
Copyright (C) Ded (Ilya Dedinsky, http://txlib.ru) <mail@txlib.ru>
See license on: http://txlib.ru

TXLib file:	c:\users\иван\downloads\codeblocks\mingw\include\txlib.h
Compiled:	Sep 24 2026 11:13:55, GNU g++ 4.8.1, std=201103L, MinGW Runtime 3.20, 32-bit, Debug
Started:	Sep 24 2026 11:13:57

Run file:	C:\Users\Иван\Documents\oneginUpgrade\main.exe
Directory:	C:\Users\Иван\Documents\oneginUpgrade

--------------------------------------------------

--------------------------------------------------
TXLib соболезнует...

Программа: C:\Users\Иван\Documents\oneginUpgrade\main.exe, файл: .\main.cpp, строка: 336, функция: int strCmpWithoutPunctuationAndRegisterReverse(const char*, const char*),

Сообщение: ВНЕЗАПНО: Логическая ошибка: Неверно, что "i1 > 0".

#1: TXLib [Ver: 00173a, Rev: 175, Date: 2025-12-31 23:02:50 +0400], Instance: 0x004F81DC (32-bit), Flags: Cmdre0, Thread: 0x4EBC (Main), GetLastError(): 183 (Невозможно создать файл, так как он уже существует). 

--------------------------------------------------
Стек вызовов:

# 0 0x0041FD05 in C:\Users\Иван\Documents\oneginUpgrade\main.exe: strCmpWithoutPunctuationAndRegisterReverse() at C:/Users/Иван/Documents/oneginUpgrade/./main.cpp:336:

    334:     // assert(i2 >= 0);
    335:     while(i1 >= 0 && i2 >= 0){
=>  336:         assert(i1 > 0);
    337:         assert(i2 > 0);
    338:         if(isLetter(str1[i1]) && isLetter(str2[i2])){

# 1 0x0041F2B6 in C:\Users\Иван\Documents\oneginUpgrade\main.exe: wordsComparatorUpReverse() at C:/Users/Иван/Documents/oneginUpgrade/./main.cpp:162:

    160:     const char* str1 = *((const char* const*) ptrstr1);
    161:     const char* str2 = *((const char* const*) ptrstr2);
=>  162:     int res = strCmpWithoutPunctuationAndRegisterReverse(str1, str2);
    163:     // char* str1Rev = reverseString(str1);
    164:     // char* str2Rev = reverseString(str2);

# 2 0x7658DB14 in C:\Windows\System32\msvcrt.dll: qsort()

# 3 0x0041EDFA in C:\Users\Иван\Documents\oneginUpgrade\main.exe: main() at C:/Users/Иван/Documents/oneginUpgrade/./main.cpp:56:

     54:     printLinesInFile(filePtr, text.arrOfStrPtr, text.numLines);
     55: 
=>   56:     qsort(text.arrOfStrPtr, text.numLines, sizeof(text.arrOfStrPtr[0]), wordsComparatorUpReverse);
     57:     printLinesInFile(filePtr, text.arrOfStrPtr, text.numLines);
     58: 

--------------------------------------------------
Developed with:

The Dumb Artist Library (TX Library)
TXLib [Ver: 00173a, Rev: 175, Date: 2025-12-31 23:02:50 +0400]
Copyright (C) Ded (Ilya Dedinsky, http://txlib.ru) <mail@txlib.ru>
See license on: http://txlib.ru

TXLib file:	c:\users\иван\downloads\codeblocks\mingw\include\txlib.h
Compiled:	Sep 24 2026 11:37:10, GNU g++ 4.8.1, std=201103L, MinGW Runtime 3.20, 32-bit, Debug
Started:	Sep 24 2026 11:37:12

Run file:	C:\Users\Иван\Documents\oneginUpgrade\main.exe
Directory:	C:\Users\Иван\Documents\oneginUpgrade

--------------------------------------------------

--------------------------------------------------
TXLib соболезнует...

Программа: C:\Users\Иван\Documents\oneginUpgrade\main.exe, файл: .\main.cpp, строка: 49, функция: int main(int, char**),

Сообщение: ВНЕЗАПНО: Логическая ошибка: Неверно, что "fileDesc >= 0".

#1: TXLib [Ver: 00173a, Rev: 175, Date: 2025-12-31 23:02:50 +0400], Instance: 0x004F81DC (32-bit), Flags: Cmdre0, Thread: 0x4B6C (Main), GetLastError(): 2 (Не удается найти указанный файл), errno: 2 (No such file or directory), _doserrno: 2 (No such file or directory). 

--------------------------------------------------
Стек вызовов:

# 0 0x0041ECCB in C:\Users\Иван\Documents\oneginUpgrade\main.exe: main() at C:/Users/Иван/Documents/oneginUpgrade/./main.cpp:49:

     47:     size_t fileSize = getfileSize((const char*) fileName);
     48:     int fileDesc = open((const char*) fileName, O_RDONLY);
=>   49:     assert(fileDesc >= 0);
     50: 
     51:     Text text = {}; 

--------------------------------------------------
Developed with:

The Dumb Artist Library (TX Library)
TXLib [Ver: 00173a, Rev: 175, Date: 2025-12-31 23:02:50 +0400]
Copyright (C) Ded (Ilya Dedinsky, http://txlib.ru) <mail@txlib.ru>
See license on: http://txlib.ru

TXLib file:	c:\users\иван\downloads\codeblocks\mingw\include\txlib.h
Compiled:	Sep 25 2026 13:08:07, GNU g++ 4.8.1, std=201103L, MinGW Runtime 3.20, 32-bit, Debug
Started:	Sep 25 2026 13:08:17

Run file:	C:\Users\Иван\Documents\oneginUpgrade\main.exe
Directory:	C:\Users\Иван\Documents\oneginUpgrade

--------------------------------------------------

--------------------------------------------------
TXLib предупреждает:

Программа: C:\Users\Иван\Documents\oooo\main.exe,

ВНЕЗАПНО: Нарушение доступа к памяти.

#1: Исключение EXCEPTION_ACCESS_VIOLATION (0xC0000005) при выполнении кода по адресу 0x0042009A в функции strCmpWithoutPunctuationAndRegister() в файле C:/Users/Иван/Documents/oooo/./main.cpp на строке 291. Попытка прочесть данные по адресу 0x02E5E000 в модуле C:\Users\Иван\Documents\oooo\main.exe. Спасибо _txUnhandledExceptionFilter(), что сообщил. Люблю его <3

#1: TXLib [Ver: 00173a, Rev: 175, Date: 2025-12-31 23:02:50 +0400], Instance: 0x004F91DC (32-bit), Flags: Cmdre0, Thread: 0x1978 (Main). 

--------------------------------------------------
Стек вызовов:

# 0 0x0042009A in C:\Users\Иван\Documents\oooo\main.exe: strCmpWithoutPunctuationAndRegister() at C:/Users/Иван/Documents/oooo/./main.cpp:291:

    289:         assert(i2 < size2);
    290: 
=>  291:         if(isLetter(str1[i1]) && isLetter(str2[i2])){
    292:             char c1 = (char) tolower(str1[i1]);
    293:             char c2 = (char) tolower(str2[i2]);

# 1 0x00420C7A in C:\Users\Иван\Documents\oooo\main.exe: wordsComparatorUpNew() at C:/Users/Иван/Documents/oooo/./main.cpp:430:

    428:     // assert(str2 != NULL);
    429: 
=>  430:     int res = strCmpWithoutPunctuationAndRegister(string1, string2);
    431:     return res;
    432: }

# 2 0x0041E995 in C:\Users\Иван\Documents\oooo\main.exe: reconfiguration() at C:/Users/Иван/Documents/oooo/./sort.cpp:15:

     13:     while (true) {
     14: 
=>   15:         while(comparator((char*)arr + left * sizeOfElem, (char*)arr + middleInd * sizeOfElem) <= 0
     16:                                                              && left < right && left < middleInd){
     17:             left++;

# 3 0x0041EAEB in C:\Users\Иван\Documents\oooo\main.exe: qSort() at C:/Users/Иван/Documents/oooo/./sort.cpp:56:

     54: 
     55: void qSort(void* arr, size_t size, size_t sizeOfElem, int (*comparator) (const void* a, const void* b)){
=>   56:     size_t newMiddleInd  = reconfiguration(arr, size, sizeOfElem, *comparator);
     57:     if(size > 1){
     58:         if(newMiddleInd != 0){

# 4 0x0041EE89 in C:\Users\Иван\Documents\oooo\main.exe: main() at C:/Users/Иван/Documents/oooo/./main.cpp:76:

     74: 
     75:     assert(text.arrOfStrPtr != NULL);
=>   76:     qSort(text.arrOfStrPtr, text.numLines, sizeof(text.arrOfStrPtr[0]), wordsComparatorUpNew);
     77:     printLinesInFile(filePtr, text.arrOfStrPtr, text.numLines);
     78: 

--------------------------------------------------
Developed with:

The Dumb Artist Library (TX Library)
TXLib [Ver: 00173a, Rev: 175, Date: 2025-12-31 23:02:50 +0400]
Copyright (C) Ded (Ilya Dedinsky, http://txlib.ru) <mail@txlib.ru>
See license on: http://txlib.ru

TXLib file:	c:\users\иван\downloads\codeblocks\mingw\include\txlib.h
Compiled:	Sep 25 2026 22:51:24, GNU g++ 4.8.1, std=201103L, MinGW Runtime 3.20, 32-bit, Debug
Started:	Sep 25 2026 22:51:30

Run file:	C:\Users\Иван\Documents\oooo\main.exe
Directory:	C:\Users\Иван\Documents\oooo

--------------------------------------------------

--------------------------------------------------
TXLib соболезнует...

Программа: C:\Users\Иван\Documents\oooo\main.exe,

ВНЕЗАПНО: signal (11, 0x00): SIGSEGV: Доступ по неверному указателю. Ставьте ассерты! 

Нарушение доступа к памяти.

#1: Исключение EXCEPTION_ACCESS_VIOLATION (0xC0000005) при выполнении кода по адресу 0x0042009A в функции strCmpWithoutPunctuationAndRegister() в файле C:/Users/Иван/Documents/oooo/./main.cpp на строке 291. Попытка прочесть данные по адресу 0x02E5E000 в модуле C:\Users\Иван\Documents\oooo\main.exe. Спасибо _txUnhandledExceptionFilter(), что сообщил. Люблю его <3

С помощью функции signal() вы можете сами обработать эту ошибку.

#2: TXLib [Ver: 00173a, Rev: 175, Date: 2025-12-31 23:02:50 +0400], Instance: 0x004F91DC (32-bit), Flags: Cmdre0, Thread: 0x1978 (Main). 

--------------------------------------------------
Стек вызовов:

# 0 0x0042009A in C:\Users\Иван\Documents\oooo\main.exe: strCmpWithoutPunctuationAndRegister() at C:/Users/Иван/Documents/oooo/./main.cpp:291:

    289:         assert(i2 < size2);
    290: 
=>  291:         if(isLetter(str1[i1]) && isLetter(str2[i2])){
    292:             char c1 = (char) tolower(str1[i1]);
    293:             char c2 = (char) tolower(str2[i2]);

# 1 0x00420C7A in C:\Users\Иван\Documents\oooo\main.exe: wordsComparatorUpNew() at C:/Users/Иван/Documents/oooo/./main.cpp:430:

    428:     // assert(str2 != NULL);
    429: 
=>  430:     int res = strCmpWithoutPunctuationAndRegister(string1, string2);
    431:     return res;
    432: }

# 2 0x0041E995 in C:\Users\Иван\Documents\oooo\main.exe: reconfiguration() at C:/Users/Иван/Documents/oooo/./sort.cpp:15:

     13:     while (true) {
     14: 
=>   15:         while(comparator((char*)arr + left * sizeOfElem, (char*)arr + middleInd * sizeOfElem) <= 0
     16:                                                              && left < right && left < middleInd){
     17:             left++;

# 3 0x0041EAEB in C:\Users\Иван\Documents\oooo\main.exe: qSort() at C:/Users/Иван/Documents/oooo/./sort.cpp:56:

     54: 
     55: void qSort(void* arr, size_t size, size_t sizeOfElem, int (*comparator) (const void* a, const void* b)){
=>   56:     size_t newMiddleInd  = reconfiguration(arr, size, sizeOfElem, *comparator);
     57:     if(size > 1){
     58:         if(newMiddleInd != 0){

# 4 0x0041EE89 in C:\Users\Иван\Documents\oooo\main.exe: main() at C:/Users/Иван/Documents/oooo/./main.cpp:76:

     74: 
     75:     assert(text.arrOfStrPtr != NULL);
=>   76:     qSort(text.arrOfStrPtr, text.numLines, sizeof(text.arrOfStrPtr[0]), wordsComparatorUpNew);
     77:     printLinesInFile(filePtr, text.arrOfStrPtr, text.numLines);
     78: 

--------------------------------------------------
Developed with:

The Dumb Artist Library (TX Library)
TXLib [Ver: 00173a, Rev: 175, Date: 2025-12-31 23:02:50 +0400]
Copyright (C) Ded (Ilya Dedinsky, http://txlib.ru) <mail@txlib.ru>
See license on: http://txlib.ru

TXLib file:	c:\users\иван\downloads\codeblocks\mingw\include\txlib.h
Compiled:	Sep 25 2026 22:51:24, GNU g++ 4.8.1, std=201103L, MinGW Runtime 3.20, 32-bit, Debug
Started:	Sep 25 2026 22:51:30

Run file:	C:\Users\Иван\Documents\oooo\main.exe
Directory:	C:\Users\Иван\Documents\oooo

--------------------------------------------------

--------------------------------------------------
TXLib предупреждает:

Программа: C:\Users\Иван\Documents\oooo\main.exe,

ВНЕЗАПНО: Нарушение доступа к памяти.

#1: Исключение EXCEPTION_ACCESS_VIOLATION (0xC0000005) при выполнении кода по адресу 0x004209FF в функции doesStringContainLetter() в файле C:/Users/Иван/Documents/oooo/./main.cpp на строке 396. Попытка прочесть данные по адресу 0x00000028 в модуле C:\Users\Иван\Documents\oooo\main.exe. Спасибо _txUnhandledExceptionFilter(), что сообщил. Люблю его <3

#1: TXLib [Ver: 00173a, Rev: 175, Date: 2025-12-31 23:02:50 +0400], Instance: 0x004F91DC (32-bit), Flags: Cmdre0, Thread: 0x4AD0 (Main). 

--------------------------------------------------
Стек вызовов:

# 0 0x004209FF in C:\Users\Иван\Documents\oooo\main.exe: doesStringContainLetter() at C:/Users/Иван/Documents/oooo/./main.cpp:396:

    394:     while(i < length){
    395:         assert(i < length);
=>  396:         if(isLetter(str[i])){
    397:             return true;
    398:         }

# 1 0x004204B1 in C:\Users\Иван\Documents\oooo\main.exe: strCmpWithoutPunctuationAndRegister() at C:/Users/Иван/Documents/oooo/./main.cpp:330:

    328:         assert(size1 >= i1);
    329: 
=>  330:         if(doesStringContainLetter((const char*) str1 + i1, size1 - i1)){
    331:             return 1;
    332:         }

# 2 0x00420CA5 in C:\Users\Иван\Documents\oooo\main.exe: wordsComparatorUpNew() at C:/Users/Иван/Documents/oooo/./main.cpp:433:

    431:     // assert(str2 != NULL);
    432: 
=>  433:     int res = strCmpWithoutPunctuationAndRegister(string1, string2);
    434:     return res;
    435: }

# 3 0x0041E9E7 in C:\Users\Иван\Documents\oooo\main.exe: reconfiguration() at C:/Users/Иван/Documents/oooo/./sort.cpp:19:

     17:             left++;
     18:         }
=>   19:         while(comparator((char*)arr + right * sizeOfElem, (char*)arr + middleInd * sizeOfElem) > 0 
     20:                                                              && left < right && right > middleInd){
     21:             right--;

# 4 0x0041EAEB in C:\Users\Иван\Documents\oooo\main.exe: qSort() at C:/Users/Иван/Documents/oooo/./sort.cpp:56:

     54: 
     55: void qSort(void* arr, size_t size, size_t sizeOfElem, int (*comparator) (const void* a, const void* b)){
=>   56:     size_t newMiddleInd  = reconfiguration(arr, size, sizeOfElem, *comparator);
     57:     if(size > 1){
     58:         if(newMiddleInd != 0){

# 5 0x0041EE89 in C:\Users\Иван\Documents\oooo\main.exe: main() at C:/Users/Иван/Documents/oooo/./main.cpp:76:

     74: 
     75:     assert(text.arrOfStrPtr != NULL);
=>   76:     qSort(arrOfStr, text.numLines, sizeof(text.arrOfStrPtr[0]), wordsComparatorUpNew);
     77:     printLinesInFile(filePtr, text.arrOfStrPtr, text.numLines);
     78: 

--------------------------------------------------
Developed with:

The Dumb Artist Library (TX Library)
TXLib [Ver: 00173a, Rev: 175, Date: 2025-12-31 23:02:50 +0400]
Copyright (C) Ded (Ilya Dedinsky, http://txlib.ru) <mail@txlib.ru>
See license on: http://txlib.ru

TXLib file:	c:\users\иван\downloads\codeblocks\mingw\include\txlib.h
Compiled:	Sep 25 2026 22:55:08, GNU g++ 4.8.1, std=201103L, MinGW Runtime 3.20, 32-bit, Debug
Started:	Sep 25 2026 22:55:11

Run file:	C:\Users\Иван\Documents\oooo\main.exe
Directory:	C:\Users\Иван\Documents\oooo

--------------------------------------------------

--------------------------------------------------
TXLib соболезнует...

Программа: C:\Users\Иван\Documents\oooo\main.exe,

ВНЕЗАПНО: signal (11, 0x00): SIGSEGV: Доступ по неверному указателю. Ставьте ассерты! 

Нарушение доступа к памяти.

#1: Исключение EXCEPTION_ACCESS_VIOLATION (0xC0000005) при выполнении кода по адресу 0x004209FF в функции doesStringContainLetter() в файле C:/Users/Иван/Documents/oooo/./main.cpp на строке 396. Попытка прочесть данные по адресу 0x00000028 в модуле C:\Users\Иван\Documents\oooo\main.exe. Спасибо _txUnhandledExceptionFilter(), что сообщил. Люблю его <3

С помощью функции signal() вы можете сами обработать эту ошибку.

#2: TXLib [Ver: 00173a, Rev: 175, Date: 2025-12-31 23:02:50 +0400], Instance: 0x004F91DC (32-bit), Flags: Cmdre0, Thread: 0x4AD0 (Main). 

--------------------------------------------------
Стек вызовов:

# 0 0x004209FF in C:\Users\Иван\Documents\oooo\main.exe: doesStringContainLetter() at C:/Users/Иван/Documents/oooo/./main.cpp:396:

    394:     while(i < length){
    395:         assert(i < length);
=>  396:         if(isLetter(str[i])){
    397:             return true;
    398:         }

# 1 0x004204B1 in C:\Users\Иван\Documents\oooo\main.exe: strCmpWithoutPunctuationAndRegister() at C:/Users/Иван/Documents/oooo/./main.cpp:330:

    328:         assert(size1 >= i1);
    329: 
=>  330:         if(doesStringContainLetter((const char*) str1 + i1, size1 - i1)){
    331:             return 1;
    332:         }

# 2 0x00420CA5 in C:\Users\Иван\Documents\oooo\main.exe: wordsComparatorUpNew() at C:/Users/Иван/Documents/oooo/./main.cpp:433:

    431:     // assert(str2 != NULL);
    432: 
=>  433:     int res = strCmpWithoutPunctuationAndRegister(string1, string2);
    434:     return res;
    435: }

# 3 0x0041E9E7 in C:\Users\Иван\Documents\oooo\main.exe: reconfiguration() at C:/Users/Иван/Documents/oooo/./sort.cpp:19:

     17:             left++;
     18:         }
=>   19:         while(comparator((char*)arr + right * sizeOfElem, (char*)arr + middleInd * sizeOfElem) > 0 
     20:                                                              && left < right && right > middleInd){
     21:             right--;

# 4 0x0041EAEB in C:\Users\Иван\Documents\oooo\main.exe: qSort() at C:/Users/Иван/Documents/oooo/./sort.cpp:56:

     54: 
     55: void qSort(void* arr, size_t size, size_t sizeOfElem, int (*comparator) (const void* a, const void* b)){
=>   56:     size_t newMiddleInd  = reconfiguration(arr, size, sizeOfElem, *comparator);
     57:     if(size > 1){
     58:         if(newMiddleInd != 0){

# 5 0x0041EE89 in C:\Users\Иван\Documents\oooo\main.exe: main() at C:/Users/Иван/Documents/oooo/./main.cpp:76:

     74: 
     75:     assert(text.arrOfStrPtr != NULL);
=>   76:     qSort(arrOfStr, text.numLines, sizeof(text.arrOfStrPtr[0]), wordsComparatorUpNew);
     77:     printLinesInFile(filePtr, text.arrOfStrPtr, text.numLines);
     78: 

--------------------------------------------------
Developed with:

The Dumb Artist Library (TX Library)
TXLib [Ver: 00173a, Rev: 175, Date: 2025-12-31 23:02:50 +0400]
Copyright (C) Ded (Ilya Dedinsky, http://txlib.ru) <mail@txlib.ru>
See license on: http://txlib.ru

TXLib file:	c:\users\иван\downloads\codeblocks\mingw\include\txlib.h
Compiled:	Sep 25 2026 22:55:08, GNU g++ 4.8.1, std=201103L, MinGW Runtime 3.20, 32-bit, Debug
Started:	Sep 25 2026 22:55:11

Run file:	C:\Users\Иван\Documents\oooo\main.exe
Directory:	C:\Users\Иван\Documents\oooo

--------------------------------------------------

--------------------------------------------------
TXLib предупреждает:

Программа: C:\Users\Иван\Documents\oooo\main.exe,

ВНЕЗАПНО: Нарушение доступа к памяти.

#1: Исключение EXCEPTION_ACCESS_VIOLATION (0xC0000005) при выполнении кода по адресу 0x00420A2A в функции doesStringContainLetter() в файле C:/Users/Иван/Documents/oooo/./main.cpp на строке 400. Попытка прочесть данные по адресу 0x00000028 в модуле C:\Users\Иван\Documents\oooo\main.exe. Спасибо _txUnhandledExceptionFilter(), что сообщил. Люблю его <3

#1: TXLib [Ver: 00173a, Rev: 175, Date: 2025-12-31 23:02:50 +0400], Instance: 0x004F91DC (32-bit), Flags: Cmdre0, Thread: 0x1758 (Main). 

--------------------------------------------------
Стек вызовов:

# 0 0x00420A2A in C:\Users\Иван\Documents\oooo\main.exe: doesStringContainLetter() at C:/Users/Иван/Documents/oooo/./main.cpp:400:

    398:     while(i < length){
    399:         assert(i < length);
=>  400:         if(isLetter(str[i])){
    401:             return true;
    402:         }

# 1 0x004204DC in C:\Users\Иван\Documents\oooo\main.exe: strCmpWithoutPunctuationAndRegister() at C:/Users/Иван/Documents/oooo/./main.cpp:334:

    332:         assert(size1 >= i1);
    333: 
=>  334:         if(doesStringContainLetter((const char*) str1 + i1, size1 - i1)){
    335:             return 1;
    336:         }

# 2 0x00420CD0 in C:\Users\Иван\Documents\oooo\main.exe: wordsComparatorUpNew() at C:/Users/Иван/Documents/oooo/./main.cpp:437:

    435:     // assert(str2 != NULL);
    436: 
=>  437:     int res = strCmpWithoutPunctuationAndRegister(string1, string2);
    438:     return res;
    439: }

# 3 0x0041E9E7 in C:\Users\Иван\Documents\oooo\main.exe: reconfiguration() at C:/Users/Иван/Documents/oooo/./sort.cpp:19:

     17:             left++;
     18:         }
=>   19:         while(comparator((char*)arr + right * sizeOfElem, (char*)arr + middleInd * sizeOfElem) > 0 
     20:                                                              && left < right && right > middleInd){
     21:             right--;

# 4 0x0041EAEB in C:\Users\Иван\Documents\oooo\main.exe: qSort() at C:/Users/Иван/Documents/oooo/./sort.cpp:56:

     54: 
     55: void qSort(void* arr, size_t size, size_t sizeOfElem, int (*comparator) (const void* a, const void* b)){
=>   56:     size_t newMiddleInd  = reconfiguration(arr, size, sizeOfElem, *comparator);
     57:     if(size > 1){
     58:         if(newMiddleInd != 0){

# 5 0x0041EE89 in C:\Users\Иван\Documents\oooo\main.exe: main() at C:/Users/Иван/Documents/oooo/./main.cpp:76:

     74: 
     75:     assert(text.arrOfStrPtr != NULL);
=>   76:     qSort(arrOfStr, text.numLines, sizeof(text.arrOfStrPtr[0]), wordsComparatorUpNew);
     77:     printLinesInFile(filePtr, text.arrOfStrPtr, text.numLines);
     78: 

--------------------------------------------------
Developed with:

The Dumb Artist Library (TX Library)
TXLib [Ver: 00173a, Rev: 175, Date: 2025-12-31 23:02:50 +0400]
Copyright (C) Ded (Ilya Dedinsky, http://txlib.ru) <mail@txlib.ru>
See license on: http://txlib.ru

TXLib file:	c:\users\иван\downloads\codeblocks\mingw\include\txlib.h
Compiled:	Sep 25 2026 22:58:13, GNU g++ 4.8.1, std=201103L, MinGW Runtime 3.20, 32-bit, Debug
Started:	Sep 25 2026 22:58:16

Run file:	C:\Users\Иван\Documents\oooo\main.exe
Directory:	C:\Users\Иван\Documents\oooo

--------------------------------------------------

--------------------------------------------------
TXLib соболезнует...

Программа: C:\Users\Иван\Documents\oooo\main.exe,

ВНЕЗАПНО: signal (11, 0x00): SIGSEGV: Доступ по неверному указателю. Ставьте ассерты! 

Нарушение доступа к памяти.

#1: Исключение EXCEPTION_ACCESS_VIOLATION (0xC0000005) при выполнении кода по адресу 0x00420A2A в функции doesStringContainLetter() в файле C:/Users/Иван/Documents/oooo/./main.cpp на строке 400. Попытка прочесть данные по адресу 0x00000028 в модуле C:\Users\Иван\Documents\oooo\main.exe. Спасибо _txUnhandledExceptionFilter(), что сообщил. Люблю его <3

С помощью функции signal() вы можете сами обработать эту ошибку.

#2: TXLib [Ver: 00173a, Rev: 175, Date: 2025-12-31 23:02:50 +0400], Instance: 0x004F91DC (32-bit), Flags: Cmdre0, Thread: 0x1758 (Main). 

--------------------------------------------------
Стек вызовов:

# 0 0x00420A2A in C:\Users\Иван\Documents\oooo\main.exe: doesStringContainLetter() at C:/Users/Иван/Documents/oooo/./main.cpp:400:

    398:     while(i < length){
    399:         assert(i < length);
=>  400:         if(isLetter(str[i])){
    401:             return true;
    402:         }

# 1 0x004204DC in C:\Users\Иван\Documents\oooo\main.exe: strCmpWithoutPunctuationAndRegister() at C:/Users/Иван/Documents/oooo/./main.cpp:334:

    332:         assert(size1 >= i1);
    333: 
=>  334:         if(doesStringContainLetter((const char*) str1 + i1, size1 - i1)){
    335:             return 1;
    336:         }

# 2 0x00420CD0 in C:\Users\Иван\Documents\oooo\main.exe: wordsComparatorUpNew() at C:/Users/Иван/Documents/oooo/./main.cpp:437:

    435:     // assert(str2 != NULL);
    436: 
=>  437:     int res = strCmpWithoutPunctuationAndRegister(string1, string2);
    438:     return res;
    439: }

# 3 0x0041E9E7 in C:\Users\Иван\Documents\oooo\main.exe: reconfiguration() at C:/Users/Иван/Documents/oooo/./sort.cpp:19:

     17:             left++;
     18:         }
=>   19:         while(comparator((char*)arr + right * sizeOfElem, (char*)arr + middleInd * sizeOfElem) > 0 
     20:                                                              && left < right && right > middleInd){
     21:             right--;

# 4 0x0041EAEB in C:\Users\Иван\Documents\oooo\main.exe: qSort() at C:/Users/Иван/Documents/oooo/./sort.cpp:56:

     54: 
     55: void qSort(void* arr, size_t size, size_t sizeOfElem, int (*comparator) (const void* a, const void* b)){
=>   56:     size_t newMiddleInd  = reconfiguration(arr, size, sizeOfElem, *comparator);
     57:     if(size > 1){
     58:         if(newMiddleInd != 0){

# 5 0x0041EE89 in C:\Users\Иван\Documents\oooo\main.exe: main() at C:/Users/Иван/Documents/oooo/./main.cpp:76:

     74: 
     75:     assert(text.arrOfStrPtr != NULL);
=>   76:     qSort(arrOfStr, text.numLines, sizeof(text.arrOfStrPtr[0]), wordsComparatorUpNew);
     77:     printLinesInFile(filePtr, text.arrOfStrPtr, text.numLines);
     78: 

--------------------------------------------------
Developed with:

The Dumb Artist Library (TX Library)
TXLib [Ver: 00173a, Rev: 175, Date: 2025-12-31 23:02:50 +0400]
Copyright (C) Ded (Ilya Dedinsky, http://txlib.ru) <mail@txlib.ru>
See license on: http://txlib.ru

TXLib file:	c:\users\иван\downloads\codeblocks\mingw\include\txlib.h
Compiled:	Sep 25 2026 22:58:13, GNU g++ 4.8.1, std=201103L, MinGW Runtime 3.20, 32-bit, Debug
Started:	Sep 25 2026 22:58:16

Run file:	C:\Users\Иван\Documents\oooo\main.exe
Directory:	C:\Users\Иван\Documents\oooo

--------------------------------------------------

--------------------------------------------------
TXLib предупреждает:

Программа: C:\Users\Иван\Documents\oooo\main.exe,

ВНЕЗАПНО: Нарушение доступа к памяти.

#1: Исключение EXCEPTION_ACCESS_VIOLATION (0xC0000005) при выполнении кода по адресу 0x00420C9A в функции wordsComparatorUpNew() в файле C:/Users/Иван/Documents/oooo/./main.cpp на строке 430. Попытка прочесть данные по адресу 0x00000028 в модуле C:\Users\Иван\Documents\oooo\main.exe. Спасибо _txUnhandledExceptionFilter(), что сообщил. Люблю его <3

#1: TXLib [Ver: 00173a, Rev: 175, Date: 2025-12-31 23:02:50 +0400], Instance: 0x004F91DC (32-bit), Flags: Cmdre0, Thread: 0x2950 (Main). 

--------------------------------------------------
Стек вызовов:

# 0 0x00420C9A in C:\Users\Иван\Documents\oooo\main.exe: wordsComparatorUpNew() at C:/Users/Иван/Documents/oooo/./main.cpp:430:

    428:     printf("size1 = %d\n", string1.strSize);
    429:     printf("size2 = %d\n", string2.strSize);
=>  430:     printf("symv 1 = %c\n", string1.strAddress[0]);
    431:     printf("symv 2 = %c\n", string2.strAddress[0]);
    432:     getchar();

# 1 0x0041E9E7 in C:\Users\Иван\Documents\oooo\main.exe: reconfiguration() at C:/Users/Иван/Documents/oooo/./sort.cpp:19:

     17:             left++;
     18:         }
=>   19:         while(comparator((char*)arr + right * sizeOfElem, (char*)arr + middleInd * sizeOfElem) > 0 
     20:                                                              && left < right && right > middleInd){
     21:             right--;

# 2 0x0041EAEB in C:\Users\Иван\Documents\oooo\main.exe: qSort() at C:/Users/Иван/Documents/oooo/./sort.cpp:56:

     54: 
     55: void qSort(void* arr, size_t size, size_t sizeOfElem, int (*comparator) (const void* a, const void* b)){
=>   56:     size_t newMiddleInd  = reconfiguration(arr, size, sizeOfElem, *comparator);
     57:     if(size > 1){
     58:         if(newMiddleInd != 0){

# 3 0x0041EE75 in C:\Users\Иван\Documents\oooo\main.exe: main() at C:/Users/Иван/Documents/oooo/./main.cpp:76:

     74: 
     75:     assert(text.arrOfStrPtr != NULL);
=>   76:     qSort(arrOfStr, text.numLines, sizeof(text.arrOfStrPtr[0]), wordsComparatorUpNew);
     77:     printLinesInFile(filePtr, text.arrOfStrPtr, text.numLines);
     78: 

--------------------------------------------------
Developed with:

The Dumb Artist Library (TX Library)
TXLib [Ver: 00173a, Rev: 175, Date: 2025-12-31 23:02:50 +0400]
Copyright (C) Ded (Ilya Dedinsky, http://txlib.ru) <mail@txlib.ru>
See license on: http://txlib.ru

TXLib file:	c:\users\иван\downloads\codeblocks\mingw\include\txlib.h
Compiled:	Sep 25 2026 23:01:13, GNU g++ 4.8.1, std=201103L, MinGW Runtime 3.20, 32-bit, Debug
Started:	Sep 25 2026 23:01:16

Run file:	C:\Users\Иван\Documents\oooo\main.exe
Directory:	C:\Users\Иван\Documents\oooo

--------------------------------------------------

--------------------------------------------------
TXLib соболезнует...

Программа: C:\Users\Иван\Documents\oooo\main.exe,

ВНЕЗАПНО: signal (11, 0x00): SIGSEGV: Доступ по неверному указателю. Ставьте ассерты! 

Нарушение доступа к памяти.

#1: Исключение EXCEPTION_ACCESS_VIOLATION (0xC0000005) при выполнении кода по адресу 0x00420C9A в функции wordsComparatorUpNew() в файле C:/Users/Иван/Documents/oooo/./main.cpp на строке 430. Попытка прочесть данные по адресу 0x00000028 в модуле C:\Users\Иван\Documents\oooo\main.exe. Спасибо _txUnhandledExceptionFilter(), что сообщил. Люблю его <3

С помощью функции signal() вы можете сами обработать эту ошибку.

#2: TXLib [Ver: 00173a, Rev: 175, Date: 2025-12-31 23:02:50 +0400], Instance: 0x004F91DC (32-bit), Flags: Cmdre0, Thread: 0x2950 (Main). 

--------------------------------------------------
Стек вызовов:

# 0 0x00420C9A in C:\Users\Иван\Documents\oooo\main.exe: wordsComparatorUpNew() at C:/Users/Иван/Documents/oooo/./main.cpp:430:

    428:     printf("size1 = %d\n", string1.strSize);
    429:     printf("size2 = %d\n", string2.strSize);
=>  430:     printf("symv 1 = %c\n", string1.strAddress[0]);
    431:     printf("symv 2 = %c\n", string2.strAddress[0]);
    432:     getchar();

# 1 0x0041E9E7 in C:\Users\Иван\Documents\oooo\main.exe: reconfiguration() at C:/Users/Иван/Documents/oooo/./sort.cpp:19:

     17:             left++;
     18:         }
=>   19:         while(comparator((char*)arr + right * sizeOfElem, (char*)arr + middleInd * sizeOfElem) > 0 
     20:                                                              && left < right && right > middleInd){
     21:             right--;

# 2 0x0041EAEB in C:\Users\Иван\Documents\oooo\main.exe: qSort() at C:/Users/Иван/Documents/oooo/./sort.cpp:56:

     54: 
     55: void qSort(void* arr, size_t size, size_t sizeOfElem, int (*comparator) (const void* a, const void* b)){
=>   56:     size_t newMiddleInd  = reconfiguration(arr, size, sizeOfElem, *comparator);
     57:     if(size > 1){
     58:         if(newMiddleInd != 0){

# 3 0x0041EE75 in C:\Users\Иван\Documents\oooo\main.exe: main() at C:/Users/Иван/Documents/oooo/./main.cpp:76:

     74: 
     75:     assert(text.arrOfStrPtr != NULL);
=>   76:     qSort(arrOfStr, text.numLines, sizeof(text.arrOfStrPtr[0]), wordsComparatorUpNew);
     77:     printLinesInFile(filePtr, text.arrOfStrPtr, text.numLines);
     78: 

--------------------------------------------------
Developed with:

The Dumb Artist Library (TX Library)
TXLib [Ver: 00173a, Rev: 175, Date: 2025-12-31 23:02:50 +0400]
Copyright (C) Ded (Ilya Dedinsky, http://txlib.ru) <mail@txlib.ru>
See license on: http://txlib.ru

TXLib file:	c:\users\иван\downloads\codeblocks\mingw\include\txlib.h
Compiled:	Sep 25 2026 23:01:13, GNU g++ 4.8.1, std=201103L, MinGW Runtime 3.20, 32-bit, Debug
Started:	Sep 25 2026 23:01:16

Run file:	C:\Users\Иван\Documents\oooo\main.exe
Directory:	C:\Users\Иван\Documents\oooo

--------------------------------------------------

--------------------------------------------------
TXLib предупреждает:

Программа: C:\Users\Иван\Documents\oooo\main.exe,

ВНЕЗАПНО: Нарушение доступа к памяти.

#1: Исключение EXCEPTION_ACCESS_VIOLATION (0xC0000005) при выполнении кода по адресу 0x004205BA в функции strCmpWithoutPunctuationAndRegisterReverse() в файле C:/Users/Иван/Documents/oooo/./main.cpp на строке 357. Попытка прочесть данные по адресу 0x05CE00AF в модуле C:\Users\Иван\Documents\oooo\main.exe. Спасибо _txUnhandledExceptionFilter(), что сообщил. Люблю его <3

#1: TXLib [Ver: 00173a, Rev: 175, Date: 2025-12-31 23:02:50 +0400], Instance: 0x004F81DC (32-bit), Flags: Cmdre0, Thread: 0x3C94 (Main). 

--------------------------------------------------
Стек вызовов:

# 0 0x004205BA in C:\Users\Иван\Documents\oooo\main.exe: strCmpWithoutPunctuationAndRegisterReverse() at C:/Users/Иван/Documents/oooo/./main.cpp:357:

    355:         assert(i2 >= 0);
    356:         
=>  357:         if(isLetter(str1[i1]) && isLetter(str2[i2])){
    358:             char c1 = (char) tolower(str1[i1]);
    359:             char c2 = (char) tolower(str2[i2]);

# 1 0x00420CBA in C:\Users\Иван\Documents\oooo\main.exe: wordsComparatorUpReverseNew() at C:/Users/Иван/Documents/oooo/./main.cpp:465:

    463:     // assert(str2 != NULL);
    464: 
=>  465:     int res = strCmpWithoutPunctuationAndRegisterReverse(string1, string2);
    466:     return res;
    467: }

# 2 0x7658DB95 in C:\Windows\System32\msvcrt.dll: qsort()

# 3 0x0041EEB5 in C:\Users\Иван\Documents\oooo\main.exe: main() at C:/Users/Иван/Documents/oooo/./main.cpp:79:

     77:     printLinesInFile(filePtr, arrOfStr, text.numLines);
     78: 
=>   79:     qsort(text.arrOfStrPtr, text.numLines, sizeof(String), wordsComparatorUpReverseNew);
     80:     printLinesInFile(filePtr, arrOfStr, text.numLines);
     81: 

--------------------------------------------------
Developed with:

The Dumb Artist Library (TX Library)
TXLib [Ver: 00173a, Rev: 175, Date: 2025-12-31 23:02:50 +0400]
Copyright (C) Ded (Ilya Dedinsky, http://txlib.ru) <mail@txlib.ru>
See license on: http://txlib.ru

TXLib file:	c:\users\иван\downloads\codeblocks\mingw\include\txlib.h
Compiled:	Sep 25 2026 23:42:45, GNU g++ 4.8.1, std=201103L, MinGW Runtime 3.20, 32-bit, Debug
Started:	Sep 25 2026 23:42:54

Run file:	C:\Users\Иван\Documents\oooo\main.exe
Directory:	C:\Users\Иван\Documents\oooo

--------------------------------------------------

--------------------------------------------------
TXLib соболезнует...

Программа: C:\Users\Иван\Documents\oooo\main.exe,

ВНЕЗАПНО: signal (11, 0x00): SIGSEGV: Доступ по неверному указателю. Ставьте ассерты! 

Нарушение доступа к памяти.

#1: Исключение EXCEPTION_ACCESS_VIOLATION (0xC0000005) при выполнении кода по адресу 0x004205BA в функции strCmpWithoutPunctuationAndRegisterReverse() в файле C:/Users/Иван/Documents/oooo/./main.cpp на строке 357. Попытка прочесть данные по адресу 0x05CE00AF в модуле C:\Users\Иван\Documents\oooo\main.exe. Спасибо _txUnhandledExceptionFilter(), что сообщил. Люблю его <3

С помощью функции signal() вы можете сами обработать эту ошибку.

#2: TXLib [Ver: 00173a, Rev: 175, Date: 2025-12-31 23:02:50 +0400], Instance: 0x004F81DC (32-bit), Flags: Cmdre0, Thread: 0x3C94 (Main). 

--------------------------------------------------
Стек вызовов:

# 0 0x004205BA in C:\Users\Иван\Documents\oooo\main.exe: strCmpWithoutPunctuationAndRegisterReverse() at C:/Users/Иван/Documents/oooo/./main.cpp:357:

    355:         assert(i2 >= 0);
    356:         
=>  357:         if(isLetter(str1[i1]) && isLetter(str2[i2])){
    358:             char c1 = (char) tolower(str1[i1]);
    359:             char c2 = (char) tolower(str2[i2]);

# 1 0x00420CBA in C:\Users\Иван\Documents\oooo\main.exe: wordsComparatorUpReverseNew() at C:/Users/Иван/Documents/oooo/./main.cpp:465:

    463:     // assert(str2 != NULL);
    464: 
=>  465:     int res = strCmpWithoutPunctuationAndRegisterReverse(string1, string2);
    466:     return res;
    467: }

# 2 0x7658DB95 in C:\Windows\System32\msvcrt.dll: qsort()

# 3 0x0041EEB5 in C:\Users\Иван\Documents\oooo\main.exe: main() at C:/Users/Иван/Documents/oooo/./main.cpp:79:

     77:     printLinesInFile(filePtr, arrOfStr, text.numLines);
     78: 
=>   79:     qsort(text.arrOfStrPtr, text.numLines, sizeof(String), wordsComparatorUpReverseNew);
     80:     printLinesInFile(filePtr, arrOfStr, text.numLines);
     81: 

--------------------------------------------------
Developed with:

The Dumb Artist Library (TX Library)
TXLib [Ver: 00173a, Rev: 175, Date: 2025-12-31 23:02:50 +0400]
Copyright (C) Ded (Ilya Dedinsky, http://txlib.ru) <mail@txlib.ru>
See license on: http://txlib.ru

TXLib file:	c:\users\иван\downloads\codeblocks\mingw\include\txlib.h
Compiled:	Sep 25 2026 23:42:45, GNU g++ 4.8.1, std=201103L, MinGW Runtime 3.20, 32-bit, Debug
Started:	Sep 25 2026 23:42:54

Run file:	C:\Users\Иван\Documents\oooo\main.exe
Directory:	C:\Users\Иван\Documents\oooo

--------------------------------------------------

--------------------------------------------------
TXLib предупреждает:

Программа: C:\Users\Иван\Documents\oooo\main.exe,

ВНЕЗАПНО: Нарушение доступа к памяти.

#1: Исключение EXCEPTION_ACCESS_VIOLATION (0xC0000005) при выполнении кода по адресу 0x004205BA в функции strCmpWithoutPunctuationAndRegisterReverse() в файле C:/Users/Иван/Documents/oooo/./main.cpp на строке 357. Попытка прочесть данные по адресу 0x05C800AF в модуле C:\Users\Иван\Documents\oooo\main.exe. Спасибо _txUnhandledExceptionFilter(), что сообщил. Люблю его <3

#1: TXLib [Ver: 00173a, Rev: 175, Date: 2025-12-31 23:02:50 +0400], Instance: 0x004F81DC (32-bit), Flags: Cmdre0, Thread: 0xFCC (Main). 

--------------------------------------------------
Стек вызовов:

# 0 0x004205BA in C:\Users\Иван\Documents\oooo\main.exe: strCmpWithoutPunctuationAndRegisterReverse() at C:/Users/Иван/Documents/oooo/./main.cpp:357:

    355:         assert(i2 >= 0);
    356:         
=>  357:         if(isLetter(str1[i1]) && isLetter(str2[i2])){
    358:             char c1 = (char) tolower(str1[i1]);
    359:             char c2 = (char) tolower(str2[i2]);

# 1 0x00420CBA in C:\Users\Иван\Documents\oooo\main.exe: wordsComparatorUpReverseNew() at C:/Users/Иван/Documents/oooo/./main.cpp:465:

    463:     // assert(str2 != NULL);
    464: 
=>  465:     int res = strCmpWithoutPunctuationAndRegisterReverse(string1, string2);
    466:     return res;
    467: }

# 2 0x7658DB95 in C:\Windows\System32\msvcrt.dll: qsort()

# 3 0x0041EEB5 in C:\Users\Иван\Documents\oooo\main.exe: main() at C:/Users/Иван/Documents/oooo/./main.cpp:79:

     77:     printLinesInFile(filePtr, arrOfStr, text.numLines);
     78: 
=>   79:     qsort(text.arrOfStrPtr, text.numLines, sizeof(String), wordsComparatorUpReverseNew);
     80:     printLinesInFile(filePtr, arrOfStr, text.numLines);
     81: 

--------------------------------------------------
Developed with:

The Dumb Artist Library (TX Library)
TXLib [Ver: 00173a, Rev: 175, Date: 2025-12-31 23:02:50 +0400]
Copyright (C) Ded (Ilya Dedinsky, http://txlib.ru) <mail@txlib.ru>
See license on: http://txlib.ru

TXLib file:	c:\users\иван\downloads\codeblocks\mingw\include\txlib.h
Compiled:	Sep 25 2026 23:43:46, GNU g++ 4.8.1, std=201103L, MinGW Runtime 3.20, 32-bit, Debug
Started:	Sep 25 2026 23:43:49

Run file:	C:\Users\Иван\Documents\oooo\main.exe
Directory:	C:\Users\Иван\Documents\oooo

--------------------------------------------------

--------------------------------------------------
TXLib соболезнует...

Программа: C:\Users\Иван\Documents\oooo\main.exe,

ВНЕЗАПНО: signal (11, 0x00): SIGSEGV: Доступ по неверному указателю. Ставьте ассерты! 

Нарушение доступа к памяти.

#1: Исключение EXCEPTION_ACCESS_VIOLATION (0xC0000005) при выполнении кода по адресу 0x004205BA в функции strCmpWithoutPunctuationAndRegisterReverse() в файле C:/Users/Иван/Documents/oooo/./main.cpp на строке 357. Попытка прочесть данные по адресу 0x05C800AF в модуле C:\Users\Иван\Documents\oooo\main.exe. Спасибо _txUnhandledExceptionFilter(), что сообщил. Люблю его <3

С помощью функции signal() вы можете сами обработать эту ошибку.

#2: TXLib [Ver: 00173a, Rev: 175, Date: 2025-12-31 23:02:50 +0400], Instance: 0x004F81DC (32-bit), Flags: Cmdre0, Thread: 0xFCC (Main). 

--------------------------------------------------
Стек вызовов:

# 0 0x004205BA in C:\Users\Иван\Documents\oooo\main.exe: strCmpWithoutPunctuationAndRegisterReverse() at C:/Users/Иван/Documents/oooo/./main.cpp:357:

    355:         assert(i2 >= 0);
    356:         
=>  357:         if(isLetter(str1[i1]) && isLetter(str2[i2])){
    358:             char c1 = (char) tolower(str1[i1]);
    359:             char c2 = (char) tolower(str2[i2]);

# 1 0x00420CBA in C:\Users\Иван\Documents\oooo\main.exe: wordsComparatorUpReverseNew() at C:/Users/Иван/Documents/oooo/./main.cpp:465:

    463:     // assert(str2 != NULL);
    464: 
=>  465:     int res = strCmpWithoutPunctuationAndRegisterReverse(string1, string2);
    466:     return res;
    467: }

# 2 0x7658DB95 in C:\Windows\System32\msvcrt.dll: qsort()

# 3 0x0041EEB5 in C:\Users\Иван\Documents\oooo\main.exe: main() at C:/Users/Иван/Documents/oooo/./main.cpp:79:

     77:     printLinesInFile(filePtr, arrOfStr, text.numLines);
     78: 
=>   79:     qsort(text.arrOfStrPtr, text.numLines, sizeof(String), wordsComparatorUpReverseNew);
     80:     printLinesInFile(filePtr, arrOfStr, text.numLines);
     81: 

--------------------------------------------------
Developed with:

The Dumb Artist Library (TX Library)
TXLib [Ver: 00173a, Rev: 175, Date: 2025-12-31 23:02:50 +0400]
Copyright (C) Ded (Ilya Dedinsky, http://txlib.ru) <mail@txlib.ru>
See license on: http://txlib.ru

TXLib file:	c:\users\иван\downloads\codeblocks\mingw\include\txlib.h
Compiled:	Sep 25 2026 23:43:46, GNU g++ 4.8.1, std=201103L, MinGW Runtime 3.20, 32-bit, Debug
Started:	Sep 25 2026 23:43:49

Run file:	C:\Users\Иван\Documents\oooo\main.exe
Directory:	C:\Users\Иван\Documents\oooo

--------------------------------------------------

--------------------------------------------------
TXLib предупреждает:

Программа: C:\Users\Иван\Documents\oooo\main.exe,

ВНЕЗАПНО: Нарушение доступа к памяти.

#1: Исключение EXCEPTION_ACCESS_VIOLATION (0xC0000005) при выполнении кода по адресу 0x004205BA в функции strCmpWithoutPunctuationAndRegisterReverse() в файле C:/Users/Иван/Documents/oooo/./main.cpp на строке 357. Попытка прочесть данные по адресу 0x05C000AF в модуле C:\Users\Иван\Documents\oooo\main.exe. Спасибо _txUnhandledExceptionFilter(), что сообщил. Люблю его <3

#1: TXLib [Ver: 00173a, Rev: 175, Date: 2025-12-31 23:02:50 +0400], Instance: 0x004F81DC (32-bit), Flags: Cmdre0, Thread: 0x44B8 (Main). 

--------------------------------------------------
Стек вызовов:

# 0 0x004205BA in C:\Users\Иван\Documents\oooo\main.exe: strCmpWithoutPunctuationAndRegisterReverse() at C:/Users/Иван/Documents/oooo/./main.cpp:357:

    355:         assert(i2 >= 0);
    356:         
=>  357:         if(isLetter(str1[i1]) && isLetter(str2[i2])){
    358:             char c1 = (char) tolower(str1[i1]);
    359:             char c2 = (char) tolower(str2[i2]);

# 1 0x00420CBA in C:\Users\Иван\Documents\oooo\main.exe: wordsComparatorUpReverseNew() at C:/Users/Иван/Documents/oooo/./main.cpp:465:

    463:     // assert(str2 != NULL);
    464: 
=>  465:     int res = strCmpWithoutPunctuationAndRegisterReverse(string1, string2);
    466:     return res;
    467: }

# 2 0x7658DB95 in C:\Windows\System32\msvcrt.dll: qsort()

# 3 0x0041EEB5 in C:\Users\Иван\Documents\oooo\main.exe: main() at C:/Users/Иван/Documents/oooo/./main.cpp:79:

     77:     printLinesInFile(filePtr, arrOfStr, text.numLines);
     78: 
=>   79:     qsort(arrOfStrPtr, text.numLines, sizeof(String), wordsComparatorUpReverseNew);
     80:     printLinesInFile(filePtr, arrOfStr, text.numLines);
     81: 

--------------------------------------------------
Developed with:

The Dumb Artist Library (TX Library)
TXLib [Ver: 00173a, Rev: 175, Date: 2025-12-31 23:02:50 +0400]
Copyright (C) Ded (Ilya Dedinsky, http://txlib.ru) <mail@txlib.ru>
See license on: http://txlib.ru

TXLib file:	c:\users\иван\downloads\codeblocks\mingw\include\txlib.h
Compiled:	Sep 25 2026 23:43:46, GNU g++ 4.8.1, std=201103L, MinGW Runtime 3.20, 32-bit, Debug
Started:	Sep 25 2026 23:44:10

Run file:	C:\Users\Иван\Documents\oooo\main.exe
Directory:	C:\Users\Иван\Documents\oooo

--------------------------------------------------

--------------------------------------------------
TXLib соболезнует...

Программа: C:\Users\Иван\Documents\oooo\main.exe,

ВНЕЗАПНО: signal (11, 0x00): SIGSEGV: Доступ по неверному указателю. Ставьте ассерты! 

Нарушение доступа к памяти.

#1: Исключение EXCEPTION_ACCESS_VIOLATION (0xC0000005) при выполнении кода по адресу 0x004205BA в функции strCmpWithoutPunctuationAndRegisterReverse() в файле C:/Users/Иван/Documents/oooo/./main.cpp на строке 357. Попытка прочесть данные по адресу 0x05C000AF в модуле C:\Users\Иван\Documents\oooo\main.exe. Спасибо _txUnhandledExceptionFilter(), что сообщил. Люблю его <3

С помощью функции signal() вы можете сами обработать эту ошибку.

#2: TXLib [Ver: 00173a, Rev: 175, Date: 2025-12-31 23:02:50 +0400], Instance: 0x004F81DC (32-bit), Flags: Cmdre0, Thread: 0x44B8 (Main). 

--------------------------------------------------
Стек вызовов:

# 0 0x004205BA in C:\Users\Иван\Documents\oooo\main.exe: strCmpWithoutPunctuationAndRegisterReverse() at C:/Users/Иван/Documents/oooo/./main.cpp:357:

    355:         assert(i2 >= 0);
    356:         
=>  357:         if(isLetter(str1[i1]) && isLetter(str2[i2])){
    358:             char c1 = (char) tolower(str1[i1]);
    359:             char c2 = (char) tolower(str2[i2]);

# 1 0x00420CBA in C:\Users\Иван\Documents\oooo\main.exe: wordsComparatorUpReverseNew() at C:/Users/Иван/Documents/oooo/./main.cpp:465:

    463:     // assert(str2 != NULL);
    464: 
=>  465:     int res = strCmpWithoutPunctuationAndRegisterReverse(string1, string2);
    466:     return res;
    467: }

# 2 0x7658DB95 in C:\Windows\System32\msvcrt.dll: qsort()

# 3 0x0041EEB5 in C:\Users\Иван\Documents\oooo\main.exe: main() at C:/Users/Иван/Documents/oooo/./main.cpp:79:

     77:     printLinesInFile(filePtr, arrOfStr, text.numLines);
     78: 
=>   79:     qsort(arrOfStrPtr, text.numLines, sizeof(String), wordsComparatorUpReverseNew);
     80:     printLinesInFile(filePtr, arrOfStr, text.numLines);
     81: 

--------------------------------------------------
Developed with:

The Dumb Artist Library (TX Library)
TXLib [Ver: 00173a, Rev: 175, Date: 2025-12-31 23:02:50 +0400]
Copyright (C) Ded (Ilya Dedinsky, http://txlib.ru) <mail@txlib.ru>
See license on: http://txlib.ru

TXLib file:	c:\users\иван\downloads\codeblocks\mingw\include\txlib.h
Compiled:	Sep 25 2026 23:43:46, GNU g++ 4.8.1, std=201103L, MinGW Runtime 3.20, 32-bit, Debug
Started:	Sep 25 2026 23:44:10

Run file:	C:\Users\Иван\Documents\oooo\main.exe
Directory:	C:\Users\Иван\Documents\oooo

--------------------------------------------------
